2016-01-01 a 2021-12-31 Edson Queiroz
    JDAY    TAIR    TDEW    WIND     PHI   CLOUD
    ----    ----    ----    ----    ----    ----
    1.00   28.20   20.50    4.30    0.52    3.00
    1.25   26.20   22.40    0.70    0.26    6.50
    1.50   28.50   22.30    0.30    0.35   10.00
    1.75   33.20   19.40    3.30    0.44   10.00
    2.00   27.60   22.10    3.70    0.40    3.00
    2.25   25.60   22.90    1.40    0.63    3.50
    2.50   30.70   21.20    3.30    1.13    4.00
    2.75   34.80   19.60    4.10    0.99    8.00
    3.00   27.90   21.70    4.30    0.49    3.00
    3.25   25.50   22.80    1.40    0.72    5.00
    3.50   30.30   22.00    2.10    0.91    7.00
    3.75   36.60   19.50    4.40    0.51    6.00
    4.00   27.50   22.50    3.80    0.54    0.00
    4.25   25.40   23.10    1.40    0.47    4.00
    4.50   29.30   22.60    3.20    0.44    8.00
    4.75   36.10   20.10    4.40    0.51    6.00
    5.00   27.10   22.10    5.30    0.45    3.00
    5.25   24.60   22.20    0.80    2.30    4.50
    5.50   30.10   21.30    3.40    0.86    6.00
    5.75   35.40   20.40    4.00    0.28    4.00
    6.00   27.50   22.50    4.60    0.51    3.00
    6.25   26.00   23.10    1.20    0.59    5.50
    6.50   29.80   22.50    2.20    0.56    8.00
    6.75   30.20   23.00    4.20    0.35    8.00
    7.00   27.70   22.60    4.10    0.45    8.00
    7.25   25.90   23.20    1.00    0.42    7.50
    7.50   29.70   22.90    3.50    0.63    7.00
    7.75   26.80   21.60    5.30    0.17    9.00
    8.00   25.90   22.80    1.90    0.56    7.00
    8.25   25.00   23.40    1.50    0.35    8.00
    8.50   26.30   24.20    2.00    0.44    9.00
    8.75   26.70   24.80    1.40    0.35    9.00
    9.00   23.20   22.30    1.60    6.21   10.00
    9.25   23.50   22.60    0.00    4.28    9.50
    9.50   24.80   23.70    1.60    5.20    9.00
    9.75   29.70   22.00    2.40    1.17    9.00
   10.00   26.90   22.00    2.00    0.52    0.00
   10.25   23.70   21.90    0.10    1.36    3.50
   10.50   29.50   22.30    4.60    1.40    7.00
   10.75   27.10   22.40    3.50    0.09    9.00
   11.00   23.90   22.80    0.00    2.51    6.00
   11.25   24.00   22.90    0.00    3.12    7.00
   11.50   28.90   22.90    1.90    2.04    8.00
   11.75   34.60   19.10    4.10    1.22    5.00
   12.00   27.30   20.40    2.30    0.58    5.00
   12.25   24.40   21.80    0.00    0.86    4.50
   12.50   30.40   21.60    3.80    1.66    4.00
   12.75   35.60   19.20    3.60    1.41    7.00
   13.00   27.50   22.00    2.80    2.72    0.00
   13.25   24.60   22.70    0.00    2.78    2.00
   13.50   30.30   22.90    2.70    1.62    4.00
   13.75   33.60   21.80    2.70    0.37    6.00
   14.00   27.10   22.80    3.80    0.44    7.00
   14.25   26.20   23.30    0.00    6.06    8.50
   14.50   28.40   23.00    2.50    1.05   10.00
   14.75   32.50   21.40    1.60    1.12    9.00
   15.00   27.10   22.50    3.30    0.45    8.00
   15.25   24.90   23.10    0.00    0.30    7.00
   15.50   29.30   22.40    1.50    1.41    6.00
   15.75   32.20   22.20    4.10    0.19    9.00
   16.00   27.40   22.00    3.20    0.42    9.00
   16.25   25.00   22.80    1.50    0.54    7.50
   16.50   30.20   23.10    1.50    1.20    6.00
   16.75   34.30   21.20    2.60    0.65    3.00
   17.00   27.70   22.20    3.80    0.52    3.00
   17.25   25.20   23.20    1.10    0.77    6.00
   17.50   28.40   24.30    1.70    0.52    9.00
   17.75   26.00   24.90    1.30    5.67   10.00
   18.00   25.90   23.70    1.60    0.51   10.00
   18.25   25.50   24.10    1.00    0.84    9.50
   18.50   27.70   24.00    2.20    0.73    9.00
   18.75   30.90   23.80    3.50    0.37    7.00
   19.00   26.00   23.70    2.50    0.72    9.00
   19.25   23.80   22.70    2.10    0.91    9.50
   19.50   23.90   23.20    3.10    0.73   10.00
   19.75   23.70   22.60    1.10    0.24   10.00
   20.00   24.00   23.20    0.40    4.29   10.00
   20.25   23.40   22.70    0.00    3.33    9.00
   20.50   26.40   22.70    0.00    5.62    8.00
   20.75   28.00   22.70    4.10    0.89    8.00
   21.00   24.60   23.10    1.00    0.51   10.00
   21.25   23.70   22.90    1.80    3.67   10.00
   21.50   23.80   23.10    1.40    0.47   10.00
   21.75   23.80   22.90    1.30    4.05   10.00
   22.00   23.30   22.50    2.00    0.98   10.00
   22.25   23.10   22.50    0.50    3.98    9.50
   22.50   26.20   23.60    1.10    3.70    9.00
   22.75   30.80   22.20    0.70    4.12    9.00
   23.00   24.80   23.50    2.00    0.49   10.00
   23.25   24.00   22.90    0.20    3.37    9.00
   23.50   27.30   23.60    1.00    4.31    8.00
   23.75   26.60   24.40    5.20    0.89    9.00
   24.00   26.00   23.40    2.90    2.55    9.00
   24.25   24.70   23.60    0.00    2.62    9.00
   24.50   26.50   23.70    0.20    6.23    9.00
   24.75   25.50   24.10    0.70    0.23   10.00
   25.00   25.40   23.90    0.00    1.90   10.00
   25.25   23.80   23.10    0.00    1.13    7.50
   25.50   26.70   22.70    1.50    2.55    5.00
   25.75   27.60   24.50    2.20    2.74    8.00
   26.00   26.70   23.60    2.20    0.38   10.00
   26.25   25.10   23.50    0.50    0.66   10.00
   26.50   25.40   24.10    1.70    0.16   10.00
   26.75   29.70   23.60    3.40    0.91    9.00
   27.00   25.50   23.50    2.10    0.47    4.00
   27.25   23.60   22.70    0.00    1.08    5.50
   27.50   27.90   23.50    4.00    1.52    7.00
   27.75   29.80   24.00    4.00    0.79    6.00
   28.00   26.10   23.00    2.00    0.38    5.00
   28.25   24.30   23.20    0.00    1.03    7.50
   28.50   27.80   24.20    0.70    3.21   10.00
   28.75   30.50   23.50    0.50    1.20   10.00
   29.00   24.10   22.50    1.50    0.89    9.00
   29.25   23.80   22.50    0.00    1.10    9.00
   29.50   27.80   22.90    4.00    1.83    9.00
   29.75   30.70   21.80    3.20    1.50    9.00
   30.00   24.90   21.90    1.10    0.89    5.00
   30.25   23.00   21.70    0.00    0.49    6.00
   30.50   27.80   20.70    3.70    1.27    7.00
   30.75   31.10   20.80    2.20    1.24    5.00
   31.00   25.20   21.70    2.40    0.58    0.00
   31.25   22.40   21.40    0.00    0.99    2.50
   31.50   27.30   23.60    0.30    3.82    5.00
   31.75   29.50   24.30    1.20    0.58    9.00
   32.00   23.20   22.30    0.40    0.31   10.00
   32.25   23.10   22.20    0.40    3.60   10.00
   32.50   24.20   22.30    2.90    3.61   10.00
   32.75   23.50   21.80    2.20    0.26   10.00
   33.00   22.10   21.10    1.00    4.75    8.00
   33.25   22.00   21.30    0.90    4.21    9.00
   33.50   24.80   22.30    1.00    3.65   10.00
   33.75   26.20   23.80    0.30    5.93   10.00
   34.00   23.90   23.10    1.60    0.61   10.00
   34.25   23.80   23.10    0.00    4.33    9.00
   34.50   26.50   23.90    1.90    1.50    8.00
   34.75   24.80   23.30    1.70    4.07   10.00
   35.00   24.10   23.30    0.00    0.21   10.00
   35.25   23.60   23.00    0.20    2.32    9.00
   35.50   28.10   24.40    2.30    1.22    8.00
   35.75   29.00   22.30    2.30    2.44    9.00
   36.00   25.00   23.30    1.80    0.59    6.00
   36.25   23.10   22.10    0.00    1.29    7.50
   36.50   27.60   24.10    0.10    6.13    9.00
   36.75   31.70   22.20    3.10    1.78    8.00
   37.00   25.40   22.70    1.20    0.47    4.00
   37.25   23.30   22.00    0.90    1.08    6.00
   37.50   28.10   23.90    2.00    0.98    8.00
   37.75   31.30   23.40    1.80    0.24    7.00
   38.00   26.20   23.30    2.80    0.37    1.00
   38.25   23.00   21.80    0.00    1.12    4.50
   38.50   28.10   23.70    1.50    1.17    8.00
   38.75   32.70   21.90    1.80    1.41    5.00
   39.00   25.60   22.80    3.10    0.24    2.00
   39.25   23.50   22.30    0.00    6.28    4.50
   39.50   27.30   23.60    0.10    0.42    7.00
   39.75   29.10   22.50    3.20    1.17   10.00
   40.00   25.00   23.00    1.20    0.58   10.00
   40.25   23.10   22.20    0.50    1.24    8.50
   40.50   27.50   23.30    2.50    1.75    7.00
   40.75   29.50   23.60    2.40    6.27    8.00
   41.00   25.10   23.60    1.80    0.75    3.00
   41.25   23.60   22.50    0.00    0.91    4.00
   41.50   28.30   24.20    2.60    1.41    5.00
   41.75   32.80   21.60    2.60    1.50    5.00
   42.00   25.80   23.60    1.90    0.49    1.00
   42.25   23.60   22.50    0.50    0.47    2.50
   42.50   28.10   23.00    2.70    1.43    4.00
   42.75   32.80   22.20    0.60    1.82    5.00
   43.00   26.50   23.10    3.10    0.33    3.00
   43.25   23.80   22.50    1.60    0.24    4.00
   43.50   27.90   22.70    0.60    5.79    5.00
   43.75   32.90   21.40    0.70    1.34    4.00
   44.00   26.40   23.10    3.10    0.35    1.00
   44.25   24.40   23.20    0.20    0.87    4.00
   44.50   27.80   23.50    1.50    1.33    7.00
   44.75   32.80   21.10    3.10    1.08    5.00
   45.00   26.10   23.10    3.00    0.37    3.00
   45.25   24.20   22.90    1.30    1.27    5.00
   45.50   28.20   23.90    1.10    2.27    7.00
   45.75   27.70   21.50    1.50    1.92    9.00
   46.00   23.80   22.10    0.30    3.89    5.00
   46.25   23.00   21.90    1.00    2.76    7.00
   46.50   28.60   23.80    1.90    1.47    9.00
   46.75   29.20   24.30    0.00    3.23   10.00
   47.00   25.40   23.70    2.50    0.89    8.00
   47.25   23.90   22.50    1.10    0.72    7.50
   47.50   29.20   24.00    1.30    1.87    7.00
   47.75   33.40   21.80    3.10    1.87    5.00
   48.00   27.40   22.70    2.50    0.49    6.00
   48.25   24.60   22.80    0.40    1.45    7.50
   48.50   28.40   24.10    1.50    1.47    9.00
   48.75   33.60   19.50    1.70    2.53    5.00
   49.00   26.00   22.80    1.70    0.75    2.00
   49.25   23.70   22.00    0.00    3.39    3.50
   49.50   28.80   23.00    1.80    1.45    5.00
   49.75   32.30   23.20    5.10    1.34    7.00
   50.00   23.10   21.90    3.00    0.28   10.00
   50.25   23.10   22.10    0.00    1.08    9.50
   50.50   27.60   23.90    2.10    2.08    9.00
   50.75   31.80   21.00    5.90    1.13    6.00
   51.00   24.20   22.80    1.10    1.26   10.00
   51.25   23.80   22.70    0.60    1.83    9.00
   51.50   27.50   23.60    3.10    1.80    8.00
   51.75   29.40   21.40    2.00    1.45    8.00
   52.00   24.40   21.50    2.20    0.59    8.00
   52.25   23.20   21.80    1.40    1.33    8.50
   52.50   27.30   23.00    2.50    1.41    9.00
   52.75   33.50   18.80    3.60    1.48    3.00
   53.00   26.00   22.60    2.50    0.42    0.00
   53.25   23.40   22.30    0.00    1.17    3.50
   53.50   28.20   23.50    1.90    1.01    7.00
   53.75   32.20   22.50    4.00    1.31    6.00
   54.00   26.30   23.60    2.90    0.49    9.00
   54.25   23.90   22.90    0.80    1.05    8.50
   54.50   28.80   24.00    2.20    1.47    8.00
   54.75   29.00   23.10    3.40    0.30    9.00
   55.00   25.20   23.40    2.00    3.63   10.00
   55.25   23.70   22.60    0.10    1.45    9.50
   55.50   28.40   23.40    1.10    1.06    9.00
   55.75   34.30   21.80    2.70    1.97    5.00
   56.00   27.50   23.10    2.20    0.45   10.00
   56.25   24.50   23.20    1.20    2.41    9.50
   56.50   29.20   24.50    2.70    0.98    9.00
   56.75   32.50   23.70    1.70    0.23    9.00
   57.00   26.40   23.40    3.10    0.51    5.00
   57.25   24.40   23.10    0.00    1.69    6.50
   57.50   29.00   24.30    2.80    1.73    8.00
   57.75   30.40   23.00    5.20    0.23    9.00
   58.00   26.20   24.00    2.10    0.42    7.00
   58.25   24.30   23.10    0.20    1.12    8.00
   58.50   28.40   23.50    2.00    1.66    9.00
   58.75   32.50   22.20    3.60    1.59    9.00
   59.00   26.30   22.80    2.50    0.44    5.00
   59.25   24.30   22.90    0.70    1.40    6.00
   59.50   28.50   23.60    2.70    0.84    7.00
   59.75   25.30   24.00    0.90    5.29   10.00
   60.00   24.40   22.10    0.00    5.86   10.00
   60.25   23.30   22.30    0.80    2.98    8.50
   60.50   28.90   23.80    1.10    1.80    7.00
   60.75   32.20   24.60    2.90    0.19    7.00
   61.00   26.40   22.60    3.10    0.47    0.00
   61.25   24.20   23.20    0.00    0.86    4.50
   61.50   28.60   24.80    1.50    1.64    9.00
   61.75   34.70   21.60    1.20    1.20    3.00
   62.00   26.40   22.60    2.20    0.26    1.00
   62.25   23.00   21.80    0.60    3.44    4.00
   62.50   29.40   23.00    1.10    2.30    7.00
   62.75   34.90   19.40    2.90    1.68    7.00
   63.00   27.00   21.40    1.90    0.40    0.00
   63.25   23.80   21.90    1.00    0.96    2.00
   63.50   29.40   23.00    1.20    3.09    4.00
   63.75   32.30   23.50    0.90    5.41   10.00
   64.00   24.50   23.00    0.80    0.63   10.00
   64.25   23.40   22.40    0.00    3.30    8.00
   64.50   28.30   23.20    0.30    3.16    6.00
   64.75   32.60   21.80    2.60    0.75    7.00
   65.00   26.50   22.70    2.10    0.54    2.00
   65.25   24.10   23.00    0.00    2.44    4.00
   65.50   28.00   23.40    3.40    1.01    6.00
   65.75   27.80   23.80    4.00    0.87    9.00
   66.00   26.40   23.40    2.70    0.51    3.00
   66.25   24.60   23.30    0.30    1.20    5.50
   66.50   28.90   23.50    2.90    1.29    8.00
   66.75   35.20   21.00    2.70    6.04    7.00
   67.00   26.60   22.30    2.60    0.61    0.00
   67.25   24.00   22.60    1.10    0.72    2.50
   67.50   29.60   23.00    1.10    3.44    5.00
   67.75   33.80   19.90    2.70    1.13    7.00
   68.00   27.50   22.40    2.60    0.31    5.00
   68.25   25.00   23.40    0.60    1.03    7.00
   68.50   28.50   23.80    1.70    2.65    9.00
   68.75   22.80   21.20    5.00    1.06   10.00
   69.00   25.80   23.80    1.90    0.51    4.00
   69.25   25.40   24.30    1.20    1.19    6.50
   69.50   28.80   24.10    0.80    2.11    9.00
   69.75   30.70   23.80    2.50    0.82    6.00
   70.00   26.40   24.10    1.80    0.26    4.00
   70.25   24.50   23.40    0.60    3.32    6.00
   70.50   29.10   24.60    1.50    1.36    8.00
   70.75   30.70   23.60    6.20    0.99    8.00
   71.00   24.60   23.70    0.30    3.94   10.00
   71.25   24.30   23.50    0.00    1.05    9.50
   71.50   27.80   24.70    0.80    2.09    9.00
   71.75   23.30   20.40    5.60    0.98    5.00
   72.00   25.00   23.50    1.50    0.63    7.00
   72.25   23.30   22.40    0.80    2.83    8.00
   72.50   27.70   23.70    1.10    1.66    9.00
   72.75   32.70   23.80    2.60    6.25    4.00
   73.00   26.40   23.30    2.50    0.56    6.00
   73.25   24.00   22.80    0.40    1.52    6.00
   73.50   28.40   23.10    3.30    1.36    6.00
   73.75   31.30   24.00    0.90    0.52    7.00
   74.00   26.30   23.40    2.50    0.54    6.00
   74.25   25.00   23.60    0.20    1.05    7.00
   74.50   28.50   23.90    0.90    2.18    8.00
   74.75   31.20   23.80    3.20    1.80    8.00
   75.00   24.70   23.70    0.00    3.94    9.00
   75.25   24.60   23.70    0.50    1.06    7.00
   75.50   28.90   24.60    1.50    1.38    5.00
   75.75   24.10   22.80    1.80    5.83   10.00
   76.00   26.00   23.90    2.60    0.47   10.00
   76.25   24.10   23.30    0.00    1.17    9.50
   76.50   29.00   24.40    1.70    1.61    9.00
   76.75   31.60   24.90    4.90    0.16    6.00
   77.00   26.80   23.80    1.90    0.35    8.00
   77.25   25.50   24.30    0.00    0.28    7.50
   77.50   29.30   25.10    1.40    1.10    7.00
   77.75   25.00   23.20    4.90    0.44   10.00
   78.00   24.30   23.40    1.40    3.40   10.00
   78.25   24.10   23.40    0.00    2.90    9.00
   78.50   27.70   24.10    1.00    1.99    8.00
   78.75   32.30   21.40    3.10    1.31    7.00
   79.00   25.80   23.30    2.40    0.42    5.00
   79.25   24.70   23.60    0.20    1.82    5.50
   79.50   29.60   24.50    2.00    1.22    6.00
   79.75   33.10   23.40    1.50    0.03    6.00
   80.00   26.30   22.80    3.00    0.47    3.00
   80.25   23.40   22.40    0.00    0.38    5.00
   80.50   29.10   24.50    2.10    1.69    7.00
   80.75   33.90   23.90    2.40    5.92    6.00
   81.00   26.40   23.80    3.50    0.45    9.00
   81.25   24.90   23.80    0.00    1.87    6.50
   81.50   29.80   25.40    1.60    0.93    4.00
   81.75   28.30   25.10    2.10    0.02    9.00
   82.00   26.20   23.60    2.10    0.44    9.00
   82.25   24.90   23.70    0.30    1.83    8.00
   82.50   29.40   24.70    2.50    1.29    7.00
   82.75   28.90   24.40    2.50    6.16    9.00
   83.00   25.30   24.10    0.00    0.19   10.00
   83.25   24.40   23.60    0.00    4.08    7.50
   83.50   28.20   25.20    1.30    1.20    5.00
   83.75   33.50   24.00    2.50    3.12    5.00
   84.00   26.70   23.90    2.20    0.23   10.00
   84.25   24.90   23.40    0.80    0.99    8.00
   84.50   28.70   23.10    2.40    0.63    6.00
   84.75   33.50   23.80    1.90    5.97    5.00
   85.00   26.10   22.80    2.60    1.54    3.00
   85.25   23.10   22.00    1.00    1.06    3.50
   85.50   28.90   23.90    1.90    1.66    4.00
   85.75   29.70   23.00    3.10    1.24    4.00
   86.00   26.70   23.90    2.60    0.37    5.00
   86.25   24.70   23.50    0.00    1.68    7.00
   86.50   29.20   24.70    2.60    1.54    9.00
   86.75   28.40   26.90    0.20    5.01   10.00
   87.00   26.50   24.40    2.80    0.45    7.00
   87.25   25.20   24.20    0.00    1.08    5.50
   87.50   29.90   25.50    3.00    1.48    4.00
   87.75   30.90   25.00    0.90    0.03    9.00
   88.00   24.60   23.70    0.00    0.93   10.00
   88.25   24.00   23.30    0.00    3.51    9.50
   88.50   28.10   25.20    0.90    1.82    9.00
   88.75   30.50   24.70    2.40    3.72    9.00
   89.00   25.40   23.90    0.80    0.28    5.00
   89.25   24.20   23.10    0.00    1.10    7.00
   89.50   29.20   25.20    0.70    2.25    9.00
   89.75   27.10   24.60    3.00    0.66    9.00
   90.00   24.00   23.30    1.80    3.72   10.00
   90.25   23.80   23.20    0.00    5.36   10.00
   90.50   26.30   24.90    1.00    3.77   10.00
   90.75   31.10   25.00    0.10    1.83    9.00
   91.00   25.40   23.30    1.30    2.53    3.00
   91.25   24.30   23.40    0.60    0.86    6.00
   91.50   27.30   24.70    1.30    1.59    9.00
   91.75   30.60   23.80    2.50    1.69    9.00
   92.00   25.80   24.20    1.50    0.54   10.00
   92.25   24.60   23.50    0.90    0.99   10.00
   92.50   25.40   24.00    2.40    0.17   10.00
   92.75   29.20   24.70    2.20    0.63    7.00
   93.00   24.50   23.60    0.30    6.18    7.00
   93.25   24.60   23.80    0.10    2.91    8.50
   93.50   26.00   24.60    0.10    0.89   10.00
   93.75   24.00   23.30    2.90    0.33   10.00
   94.00   24.10   23.30    1.30    0.56    7.00
   94.25   23.90   23.40    0.30    3.46    8.50
   94.50   25.20   24.20    0.40    1.31   10.00
   94.75   25.60   24.50    0.90    0.99   10.00
   95.00   24.30   23.70    1.50    0.59   10.00
   95.25   23.90   23.40    0.10    1.83    8.50
   95.50   27.10   25.40    0.50    5.39    7.00
   95.75   30.10   24.90    0.70    4.90    3.00
   96.00   26.40   24.70    0.40    1.40    9.00
   96.25   24.60   24.00    0.00    0.26    8.50
   96.50   29.40   25.90    1.00    2.18    8.00
   96.75   25.00   24.30    2.90    0.86   10.00
   97.00   24.70   24.20    0.00    3.23    9.00
   97.25   23.10   22.90    0.80    3.26    9.50
   97.50   26.30   25.60    1.50    3.61   10.00
   97.75   25.50   24.80    2.60    0.45   10.00
   98.00   24.70   24.20    2.00    2.08   10.00
   98.25   24.30   24.00    0.80    2.81   10.00
   98.50   25.20   24.60    1.80    0.38   10.00
   98.75   29.30   25.30    1.80    0.33    8.00
   99.00   24.00   23.50    0.00    4.12   10.00
   99.25   24.20   23.90    0.00    1.43    8.50
   99.50   28.10   25.20    2.00    1.15    7.00
   99.75   28.70   23.30    5.70    0.61    6.00
  100.00   25.20   24.00    0.80    0.33    7.00
  100.25   24.10   23.70    0.00    5.18    8.00
  100.50   28.70   25.50    0.00    1.34    9.00
  100.75   29.70   25.20    4.90    0.44    5.00
  101.00   25.40   24.70    0.80    0.98    5.00
  101.25   24.90   24.60    0.80    1.13    5.50
  101.50   28.70   24.80    2.70    1.29    6.00
  101.75   32.60   25.10    2.30    0.96    5.00
  102.00   25.00   23.70    1.20    0.73    3.00
  102.25   24.50   23.80    0.00    1.90    6.50
  102.50   28.00   25.10    1.70    1.59   10.00
  102.75   24.60   23.60    2.90    0.63   10.00
  103.00   24.10   23.60    0.00    3.51   10.00
  103.25   22.20   21.60    1.60    3.61    7.50
  103.50   28.20   25.10    0.70    0.58    5.00
  103.75   31.60   22.30    2.50    1.61    5.00
  104.00   24.30   22.00    0.50    1.03    4.00
  104.25   22.60   21.60    0.00    6.25    6.50
  104.50   28.20   22.30    2.70    2.02    9.00
  104.75   30.40   22.50    1.30    1.31    9.00
  105.00   24.80   22.70    1.70    0.56    0.00
  105.25   23.00   22.00    0.60    0.72    2.50
  105.50   28.50   24.80    2.40    1.75    5.00
  105.75   33.20   25.30    1.30    4.69    4.00
  106.00   26.30   24.30    1.10    0.30    9.00
  106.25   23.40   22.00    0.00    3.39    8.00
  106.50   27.90   24.30    0.80    4.24    7.00
  106.75   33.10   24.20    0.40    0.19    6.00
  107.00   26.00   23.50    1.20    0.09    1.00
  107.25   24.30   22.80    0.70    1.83    4.00
  107.50   29.10   25.80    0.00    3.21    7.00
  107.75   28.10   25.30    0.30    3.67   10.00
  108.00   25.40   24.20    0.10    1.22   10.00
  108.25   23.30   22.60    0.00    3.37    7.50
  108.50   29.70   24.40    1.70    1.99    5.00
  108.75   32.00   24.20    2.50    1.41    5.00
  109.00   25.20   23.50    0.00    3.12    6.00
  109.25   25.00   23.00    0.00    3.40    4.50
  109.50   30.40   23.50    2.80    2.08    3.00
  109.75   27.50   25.10    0.60    0.52   10.00
  110.00   24.30   22.70    0.80    1.24    9.00
  110.25   23.40   22.60    0.50    3.98    6.50
  110.50   28.50   22.70    2.80    2.15    4.00
  110.75   31.70   22.70    2.40    2.04    7.00
  111.00   26.20   22.80    1.40    2.69    1.00
  111.25   23.90   22.50    0.00    0.49    1.00
  111.50   30.00   23.40    2.70    1.95    1.00
  111.75   32.40   23.30    1.40    2.23    4.00
  112.00   26.80   23.40    1.90    0.49    8.00
  112.25   24.00   23.10    0.00    2.32    7.00
  112.50   29.00   22.80    2.80    1.69    6.00
  112.75   31.80   23.50    2.00    1.75    9.00
  113.00   24.70   23.60    0.10    0.30    9.00
  113.25   25.10   24.00    0.00    1.69    9.50
  113.50   26.10   24.70    2.30    0.49   10.00
  113.75   25.60   24.10    1.20    1.03   10.00
  114.00   24.00   23.20    0.70    2.93    7.00
  114.25   23.00   22.50    1.30    3.26    5.50
  114.50   28.30   24.20    1.70    1.85    4.00
  114.75   32.10   24.10    2.20    1.88    5.00
  115.00   25.50   23.70    1.70    0.61    3.00
  115.25   23.20   22.30    0.00    1.20    3.50
  115.50   28.80   24.00    1.80    1.85    4.00
  115.75   32.40   23.70    1.10    1.90    5.00
  116.00   24.80   22.70    1.70    0.59    3.00
  116.25   21.90   20.70    0.00    2.48    4.00
  116.50   29.00   24.40    2.50    1.73    5.00
  116.75   33.50   22.00    0.50    2.81    5.00
  117.00   26.00   22.50    2.40    0.17    0.00
  117.25   23.40   22.40    0.50    0.82    3.00
  117.50   29.30   24.40    3.50    1.33    6.00
  117.75   33.70   24.30    0.00    1.12    7.00
  118.00   25.60   23.60    1.50    0.56    5.00
  118.25   23.50   22.20    0.80    0.82    5.50
  118.50   29.00   24.50    3.00    1.34    6.00
  118.75   34.50   22.50    1.10    2.71    5.00
  119.00   25.80   22.90    2.20    0.58    0.00
  119.25   22.80   21.70    1.00    3.40    2.50
  119.50   29.50   23.50    3.10    1.31    5.00
  119.75   33.70   20.70    3.10    1.48    3.00
  120.00   24.90   21.60    1.70    0.49    3.00
  120.25   22.80   21.50    0.60    2.58    6.00
  120.50   28.10   24.40    1.30    1.97    9.00
  120.75   32.90   22.70    1.60    0.98    6.00
  121.00   25.10   22.70    1.60    0.42    0.00
  121.25   22.70   21.60    0.00    3.00    3.50
  121.50   28.50   22.40    2.30    1.94    7.00
  121.75   34.00   22.40    0.10    5.99    8.00
  122.00   25.90   22.20    1.80    0.21    8.00
  122.25   22.40   21.30    0.00    1.59    8.00
  122.50   28.40   24.00    1.60    3.54    8.00
  122.75   32.80   23.80    3.80    0.42    8.00
  123.00   25.70   23.20    2.20    0.33    1.00
  123.25   22.50   21.50    0.00    1.05    2.50
  123.50   28.50   24.20    0.90    1.78    4.00
  123.75   27.50   24.20    2.60    0.93    9.00
  124.00   25.10   23.10    1.20    0.42    4.00
  124.25   23.30   22.20    1.30    3.82    7.00
  124.50   26.30   24.90    1.60    3.96   10.00
  124.75   30.40   23.90    2.70    3.42    9.00
  125.00   24.80   23.60    1.20    1.10    4.00
  125.25   23.00   22.30    0.10    0.17    6.50
  125.50   28.50   24.40    0.60    2.04    9.00
  125.75   32.20   22.00    0.60    3.00    3.00
  126.00   25.80   21.90    1.90    0.33    3.00
  126.25   22.20   21.20    0.40    0.58    4.50
  126.50   29.10   23.50    0.80    3.33    6.00
  126.75   32.80   23.10    0.40    4.87    8.00
  127.00   25.70   23.60    1.20    0.42    5.00
  127.25   22.60   21.80    0.00    0.19    7.00
  127.50   27.50   23.70    0.60    1.92    9.00
  127.75   33.70   22.50    0.60    2.57    6.00
  128.00   25.90   23.60    2.50    1.01    4.00
  128.25   24.00   23.00    0.10    0.91    7.00
  128.50   28.20   24.40    0.10    1.33   10.00
  128.75   33.00   21.80    1.00    3.32    3.00
  129.00   26.40   22.30    2.80    0.40    3.00
  129.25   23.30   22.00    0.50    0.99    3.50
  129.50   29.30   23.70    1.10    2.58    4.00
  129.75   34.00   22.50    0.70    3.75    8.00
  130.00   26.80   22.60    2.60    0.42    7.00
  130.25   24.10   22.40    0.00    1.76    7.00
  130.50   29.20   23.80    1.80    2.13    7.00
  130.75   25.70   23.70    2.70    5.79    9.00
  131.00   24.00   23.10    1.00    4.43   10.00
  131.25   23.20   22.60    1.10    3.56    7.00
  131.50   28.60   24.40    1.10    1.87    4.00
  131.75   32.80   24.30    0.10    0.89    4.00
  132.00   26.30   22.80    2.40    0.38    5.00
  132.25   24.30   23.30    0.60    0.52    7.00
  132.50   27.40   24.00    1.90    1.82    9.00
  132.75   25.70   23.40    3.80    1.15   10.00
  133.00   24.80   23.90    0.00    2.43   10.00
  133.25   23.70   22.80    0.00    2.84    8.50
  133.50   27.70   24.80    1.00    1.76    7.00
  133.75   29.90   24.70    2.80    1.54    7.00
  134.00   24.40   23.20    1.00    0.37    4.00
  134.25   23.10   22.30    0.00    1.73    6.00
  134.50   27.90   24.50    0.90    1.97    8.00
  134.75   33.50   22.30    0.50    1.61    4.00
  135.00   26.10   23.70    2.80    0.47    2.00
  135.25   23.20   22.20    0.10    1.52    5.00
  135.50   27.80   24.20    0.70    1.34    8.00
  135.75   25.70   23.40    1.50    0.93    9.00
  136.00   24.70   23.30    0.50    0.30    2.00
  136.25   24.00   23.30    0.00    1.87    5.00
  136.50   28.50   25.20    0.80    1.45    8.00
  136.75   33.50   22.30    1.20    0.10    5.00
  137.00   25.90   23.00    2.60    0.30    1.00
  137.25   23.20   22.30    0.50    1.66    3.00
  137.50   28.80   24.30    0.60    1.66    5.00
  137.75   34.00   21.30    0.80    2.84    3.00
  138.00   26.40   22.50    3.10    0.30    3.00
  138.25   21.60   20.60    0.00    2.62    4.50
  138.50   28.60   23.30    1.70    2.11    6.00
  138.75   34.00   18.80    2.60    1.87    5.00
  139.00   25.50   21.70    2.40    0.51    0.00
  139.25   22.00   20.90    0.00    2.11    2.00
  139.50   29.00   22.40    1.00    2.11    4.00
  139.75   33.80   21.30    2.30    1.88    4.00
  140.00   25.90   22.50    1.50    0.47    1.00
  140.25   23.00   21.90    0.00    3.33    3.00
  140.50   29.40   23.50    0.90    0.56    5.00
  140.75   33.00   19.90    2.50    0.42    7.00
  141.00   25.90   22.20    1.60    0.35    3.00
  141.25   22.20   21.10    0.00    1.92    4.00
  141.50   28.30   22.10    1.50    1.66    5.00
  141.75   35.00   19.60    0.20    2.91    5.00
  142.00   26.10   20.50    2.20    0.51    5.00
  142.25   21.30   20.00    0.00    6.09    4.00
  142.50   28.80   22.20    1.60    2.15    3.00
  142.75   34.60   17.40    1.40    1.33    3.00
  143.00   26.50   21.00    1.90    0.23    5.00
  143.25   22.30   21.00    0.00    1.27    7.00
  143.50   28.40   22.70    0.40    2.84    9.00
  143.75   34.20   19.90    2.30    4.21    6.00
  144.00   26.10   21.40    2.40    0.38    0.00
  144.25   21.50   20.30    0.00    2.06    4.00
  144.50   28.20   23.10    0.90    2.22    8.00
  144.75   35.40   20.00    2.00    0.80    5.00
  145.00   26.40   22.60    2.40    0.28    1.00
  145.25   24.40   22.60    1.10    0.26    3.00
  145.50   29.00   21.60    1.00    6.11    5.00
  145.75   34.30   19.40    1.80    6.13    3.00
  146.00   25.50   20.50    2.20    0.49    3.00
  146.25   22.30   21.10    0.60    2.72    4.00
  146.50   30.30   22.70    2.10    1.76    5.00
  146.75   35.20   19.00    2.10    1.38    7.00
  147.00   26.30   20.50    1.60    0.35    0.00
  147.25   22.30   20.70    0.00    3.56    4.50
  147.50   26.40   22.00    3.10    2.97    9.00
  147.75   33.60   21.50    1.90    4.21    5.00
  148.00   26.30   21.80    2.40    0.86    3.00
  148.25   23.40   21.50    0.50    1.55    5.00
  148.50   30.10   23.30    1.00    1.55    7.00
  148.75   33.40   20.70    1.60    2.95    7.00
  149.00   26.50   22.40    3.30    0.38    4.00
  149.25   22.90   21.50    1.60    1.66    5.00
  149.50   29.60   22.20    2.20    1.26    6.00
  149.75   35.20   19.00    1.40    1.20    6.00
  150.00   26.30   21.10    2.00    0.31    0.00
  150.25   22.00   20.50    0.10    1.95    3.00
  150.50   29.30   22.00    3.10    1.47    6.00
  150.75   34.10   18.30    1.60    1.40    7.00
  151.00   26.60   22.20    2.30    0.30    1.00
  151.25   23.10   22.00    0.50    1.29    4.50
  151.50   28.50   23.30    0.40    3.93    8.00
  151.75   29.50   24.00    2.00    2.91    9.00
  152.00   26.00   22.80    2.40    0.54    3.00
  152.25   22.20   20.80    0.10    1.26    5.50
  152.50   29.30   24.40    0.80    1.15    8.00
  152.75   27.20   22.90    1.40    0.44    9.00
  153.00   24.50   22.70    0.40    0.38    6.00
  153.25   22.70   21.70    0.10    2.22    6.00
  153.50   28.90   23.10    2.40    1.73    6.00
  153.75   35.30   20.10    1.50    1.48    5.00
  154.00   26.40   22.90    2.60    0.31    0.00
  154.25   23.40   22.20    0.00    2.79    3.50
  154.50   30.50   23.90    2.30    1.54    7.00
  154.75   36.10   18.40    1.40    0.51    6.00
  155.00   26.70   22.40    2.50    0.28    0.00
  155.25   23.90   22.40    0.00    1.01    2.50
  155.50   29.80   22.90    1.40    3.07    5.00
  155.75   34.90   22.50    2.30    6.02    4.00
  156.00   25.40   23.50    1.40    0.56    6.00
  156.25   23.10   21.80    0.40    1.06    5.00
  156.50   28.40   22.80    1.70    2.30    4.00
  156.75   34.70   19.30    2.00    1.47    4.00
  157.00   26.60   22.20    2.40    0.45    3.00
  157.25   22.90   21.70    0.00    3.51    4.50
  157.50   29.20   21.80    4.80    1.54    6.00
  157.75   29.10   23.80    1.70    4.00    9.00
  158.00   24.40   21.40    2.00    0.56    3.00
  158.25   22.50   21.70    0.90    1.33    5.50
  158.50   29.00   23.00    1.70    0.52    8.00
  158.75   30.10   21.70    3.00    0.03    8.00
  159.00   24.20   22.30    0.00    1.47   10.00
  159.25   23.00   21.90    0.00    4.12    8.00
  159.50   29.10   21.90    0.80    2.67    6.00
  159.75   34.30   19.90    1.80    3.33    4.00
  160.00   25.90   22.30    2.30    0.35    0.00
  160.25   22.40   21.40    0.80    1.78    3.50
  160.50   28.10   23.00    1.50    2.08    7.00
  160.75   35.00   18.70    2.20    1.88    5.00
  161.00   26.80   22.10    2.90    0.23    4.00
  161.25   23.80   22.50    0.90    0.66    4.50
  161.50   29.60   23.90    1.40    2.08    5.00
  161.75   29.90   21.50    5.80    0.49    5.00
  162.00   24.80   22.20    1.00    0.30    4.00
  162.25   22.90   21.90    0.20    1.94    6.00
  162.50   27.70   23.70    0.60    1.15    8.00
  162.75   35.20   18.00    2.00    1.43    5.00
  163.00   26.40   22.70    3.00    0.31    3.00
  163.25   24.60   22.70    0.20    0.49    6.00
  163.50   28.00   22.90    1.00    2.69    9.00
  163.75   30.60   22.30    4.70    0.31    7.00
  164.00   26.00   23.10    1.70    6.25    7.00
  164.25   23.30   22.20    1.00    2.81    7.00
  164.50   29.70   23.70    2.00    1.36    7.00
  164.75   35.40   16.50    2.30    1.95    5.00
  165.00   26.30   23.20    3.00    0.19    1.00
  165.25   24.90   23.20    0.70    0.79    4.00
  165.50   29.30   22.40    3.00    1.54    7.00
  165.75   35.30   16.30    1.60    1.59    5.00
  166.00   25.20   20.60    1.80    0.49    0.00
  166.25   19.50   18.00    0.10    1.66    2.50
  166.50   29.10   21.00    1.00    2.20    5.00
  166.75   34.70   14.90    2.80    1.48    5.00
  167.00   25.70   20.40    2.60    0.42    0.00
  167.25   21.60   20.10    0.70    3.61    2.00
  167.50   29.40   21.50    2.30    1.95    4.00
  167.75   33.60   16.80    2.40    1.94    4.00
  168.00   26.30   20.70    2.40    0.44    3.00
  168.25   21.20   19.30    0.00    2.34    3.50
  168.50   29.40   21.00    1.40    2.43    4.00
  168.75   35.90   17.60    1.70    1.83    5.00
  169.00   26.90   20.40    3.70    0.26    7.00
  169.25   22.30   20.10    1.50    2.65    4.00
  169.50   29.30   19.70    1.80    2.65    1.00
  169.75   35.90   14.20    2.30    2.55    3.00
  170.00   25.60   19.80    1.80    0.56    3.00
  170.25   20.60   19.00    1.30    3.58    5.50
  170.50   28.10   20.40    0.50    2.67    8.00
  170.75   33.20   17.40    0.20    2.04    7.00
  171.00   26.00   19.00    1.50    0.26    0.00
  171.25   21.50   19.50    0.60    2.74    2.00
  171.50   29.80   20.10    3.10    2.55    4.00
  171.75   35.30   14.50    3.50    4.24    4.00
  172.00   25.90   20.70    2.50    0.45    0.00
  172.25   20.80   19.30    1.60    3.98    3.00
  172.50   30.40   21.80    2.50    1.55    6.00
  172.75   34.80   15.60    3.70    4.68    5.00
  173.00   25.90   20.80    2.40    0.52    0.00
  173.25   22.30   20.20    0.00    2.74    1.50
  173.50   29.70   20.20    3.70    1.94    3.00
  173.75   35.20   15.60    2.20    1.40    4.00
  174.00   26.50   19.00    2.00    5.74    0.00
  174.25   23.80   19.50    0.00    0.54    4.00
  174.50   28.60   21.10    0.50    2.46    8.00
  174.75   35.30   17.90    4.70    1.29    8.00
  175.00   26.80   21.20    2.20    0.49    2.00
  175.25   24.50   21.00    1.10    1.73    3.50
  175.50   30.60   19.40    3.00    1.45    5.00
  175.75   35.20   16.50    3.00    0.98    3.00
  176.00   26.60   19.50    1.40    5.74    0.00
  176.25   23.50   20.60    0.10    1.10    4.50
  176.50   28.80   22.30    1.20    2.53    9.00
  176.75   35.80   17.10    3.10    1.34    5.00
  177.00   26.20   20.50    2.00    0.42    0.00
  177.25   22.10   20.10    0.20    0.14    4.00
  177.50   29.10   20.00    3.10    1.45    8.00
  177.75   35.10   14.70    4.00    1.52    5.00
  178.00   25.60   19.30    1.40    0.40    0.00
  178.25   21.60   19.20    0.00    2.97    3.50
  178.50   29.20   18.60    3.40    1.61    7.00
  178.75   35.70   11.10    3.10    1.66    5.00
  179.00   26.80   17.50    2.30    5.79    2.00
  179.25   22.30   18.20    0.00    3.79    2.50
  179.50   29.00   18.00    2.80    2.29    3.00
  179.75   32.60   16.40    3.90    1.50    9.00
  180.00   27.80   18.60    2.40    0.66    3.00
  180.25   22.70   19.70    0.00    3.54    4.00
  180.50   29.90   19.80    2.00    2.67    5.00
  180.75   34.10   15.80    1.60    2.13    5.00
  181.00   26.10   19.40    2.20    0.52    2.00
  181.25   22.30   18.80    0.90    3.18    1.50
  181.50   29.60   16.90    3.10    2.58    1.00
  181.75   34.00   15.60    1.90    2.25    3.00
  182.00   26.40   18.60    1.50    0.45    0.00
  182.25   22.30   17.10    1.50    3.75    0.00
  182.50   29.70   14.10    3.40    3.19    0.00
  182.75   36.60   11.20    2.90    2.06    0.00
  183.00   26.20   18.70    2.60    5.67    0.00
  183.25   20.70   17.30    0.00    3.37    0.50
  183.50   29.40   18.00    2.40    2.44    1.00
  183.75   35.00   14.40    2.80    1.83    1.00
  184.00   27.30   18.70    0.50    5.43    1.00
  184.25   23.00   18.90    0.00    4.94    1.00
  184.50   30.30   15.80    6.50    1.75    1.00
  184.75   35.90   15.00    4.30    1.62    1.00
  185.00   27.40   19.10    3.00    0.52    1.00
  185.25   24.00   20.60    0.00    4.19    3.50
  185.50   29.80   19.40    2.90    2.23    6.00
  185.75   35.70   12.60    4.40    1.38    7.00
  186.00   28.10   20.10    2.40    0.42    8.00
  186.25   26.40   20.50    2.30    1.31    5.00
  186.50   30.60   17.30    4.90    1.94    2.00
  186.75   34.60   14.10    3.80    1.54    3.00
  187.00   26.70   19.20    2.60    0.49    4.00
  187.25   22.50   19.60    0.60    1.29    5.50
  187.50   28.80   20.00    1.40    2.27    7.00
  187.75   35.70   14.10    3.00    1.40    3.50
  188.00   26.30   20.10    3.20    0.45    0.00
  188.25   23.50   20.90    0.00    1.73    4.00
  188.50   29.50   20.70    2.00    2.30    8.00
  188.75   31.20   17.80    1.80    1.19    9.00
  189.00   24.70   20.80    0.30    5.15   10.00
  189.25   22.90   19.80    0.00    1.29    6.00
  189.50   30.20   20.00    2.50    1.62    2.00
  189.75   34.50   16.40    2.40    1.85    1.00
  190.00   26.90   19.40    2.60    0.35    0.00
  190.25   23.50   21.30    0.10    0.44    3.50
  190.50   29.60   20.70    3.60    1.55    7.00
  190.75   33.30   20.50    3.80    0.24    3.50
  191.00   26.10   21.10    3.10    0.45    0.00
  191.25   24.20   22.10    0.60    0.10    4.50
  191.50   27.70   21.80    1.40    1.08    9.00
  191.75   28.90   22.10    2.40    4.57    8.50
  192.00   26.00   21.60    1.90    0.38    8.00
  192.25   22.60   20.40    0.00    1.73    7.00
  192.50   29.20   21.10    3.00    2.04    6.00
  192.75   34.50   16.50    0.80    0.54    4.00
  193.00   25.90   20.90    3.10    0.38    2.00
  193.25   22.20   20.50    0.00    4.99    5.50
  193.50   28.10   21.10    1.90    1.75    9.00
  193.75   35.00   16.70    1.50    2.83    4.50
  194.00   25.60   20.80    3.70    0.44    0.00
  194.25   21.40   19.90    0.10    3.60    3.00
  194.50   28.00   20.50    2.20    2.37    6.00
  194.75   34.20   15.60    3.00    1.90    3.00
  195.00   26.20   20.10    3.30    0.28    0.00
  195.25   22.90   21.00    0.00    6.13    2.50
  195.50   28.90   20.90    0.90    1.47    5.00
  195.75   36.00   14.70    1.50    2.04    3.50
  196.00   26.40   19.60    2.40    0.37    2.00
  196.25   21.50   19.50    0.00    0.49    4.00
  196.50   29.30   20.30    3.60    1.68    6.00
  196.75   35.90   14.20    2.80    0.91    3.00
  197.00   26.10   18.00    2.90    0.42    0.00
  197.25   21.40   19.10    0.00    1.99    4.00
  197.50   27.90   20.50    1.50    3.39    8.00
  197.75   36.90   15.10    1.40    1.06    7.00
  198.00   27.10   19.50    4.10    0.38    6.00
  198.25   23.20   20.80    0.90    1.87    6.00
  198.50   29.60   20.00    1.60    1.75    6.00
  198.75   34.40   15.00    0.40    1.64    3.50
  199.00   26.80   18.10    3.50    0.40    1.00
  199.25   23.30   20.80    0.90    0.65    3.50
  199.50   28.60   20.70    3.30    1.59    6.00
  199.75   35.10   15.20    1.10    5.38    3.00
  200.00   25.90   21.40    3.40    0.31    0.00
  200.25   24.10   21.70    1.40    0.56    3.50
  200.50   27.80   20.30    2.00    1.48    7.00
  200.75   34.20   17.20    1.30    2.04    4.50
  201.00   25.90   21.00    3.20    0.33    2.00
  201.25   23.50   21.40    1.30    0.59    5.50
  201.50   28.40   21.00    2.80    1.97    9.00
  201.75   34.70   17.10    1.70    2.69    4.50
  202.00   26.30   20.70    3.70    0.49    0.00
  202.25   23.50   21.40    0.20    0.94    2.50
  202.50   29.30   20.60    2.40    1.87    5.00
  202.75   35.30   15.60    1.70    3.61    2.50
  203.00   26.10   20.00    2.70    0.26    0.00
  203.25   22.20   20.10    0.80    3.53    4.00
  203.50   28.50   20.20    2.50    1.90    8.00
  203.75   34.50   15.70    1.90    3.54    4.50
  204.00   26.10   17.20    3.70    0.44    1.00
  204.25   19.60   17.70    0.80    3.14    2.00
  204.50   29.00   18.30    1.50    3.16    3.00
  204.75   36.60   11.60    3.30    2.67    3.50
  205.00   26.10   18.30    2.80    0.23    4.00
  205.25   21.20   19.60    1.50    3.14    5.50
  205.50   28.40   17.80    2.90    2.67    7.00
  205.75   35.10   14.50    2.80    2.46    5.00
  206.00   26.30   16.50    2.20    0.47    3.00
  206.25   23.50   18.90    0.20    4.26    4.50
  206.50   28.40   17.30    2.40    3.04    6.00
  206.75   34.20   13.90    1.60    1.34    7.00
  207.00   26.60   19.10    3.90    0.47    8.00
  207.25   24.50   20.50    0.70    1.15    6.00
  207.50   30.50   18.40    3.70    1.92    4.00
  207.75   36.90   15.20    1.80    1.20    2.00
  208.00   26.80   18.90    2.70    0.47    0.00
  208.25   20.70   17.80    0.00    0.40    3.50
  208.50   28.50   16.80    3.40    2.01    7.00
  208.75   35.20    9.50    3.70    2.13    3.50
  209.00   25.50   18.60    2.50    0.45    0.00
  209.25   21.10   18.40    1.50    3.49    2.00
  209.50   28.60   19.20    1.90    2.15    4.00
  209.75   33.50   14.20    2.10    3.51    3.00
  210.00   26.30   18.40    3.40    0.44    2.00
  210.25   21.20   17.90    1.60    1.29    3.00
  210.50   29.20   19.20    3.40    1.85    4.00
  210.75   35.10   15.20    1.50    2.97    3.50
  211.00   26.60   19.80    2.80    0.14    3.00
  211.25   22.00   19.40    0.00    2.58    6.00
  211.50   28.30   19.90    2.10    2.01    9.00
  211.75   36.50   15.70    2.70    2.18    4.50
  212.00   25.80   19.00    3.00    0.54    0.00
  212.25   20.40   17.70    0.00    4.08    0.50
  212.50   29.10   16.30    4.00    2.72    1.00
  212.75   35.50   12.60    3.50    2.41    2.00
  213.00   27.60   19.40    2.90    0.30    3.00
  213.25   22.40   18.00    1.40    1.13    3.00
  213.50   29.50   18.40    3.40    2.44    3.00
  213.75   34.90   13.80    1.70    1.94    6.00
  214.00   27.70   18.50    0.80    0.09    5.00
  214.25   23.40   18.20    0.40    3.44    3.00
  214.50   29.80   14.30    3.00    2.50    1.00
  214.75   36.20   12.10    2.90    2.81    1.00
  215.00   26.60   19.20    3.10    0.56    0.00
  215.25   20.90   17.30    0.00    0.99    0.50
  215.50   30.00   15.40    5.40    1.82    1.00
  215.75   35.60   13.10    3.40    1.62    1.00
  216.00   26.90   18.20    2.80    0.35    0.00
  216.25   22.30   17.50    0.00    4.90    0.50
  216.50   30.20   18.20    2.20    2.22    1.00
  216.75   36.40   13.00    2.20    2.58    3.00
  217.00   27.50   17.30    2.40    0.52    1.00
  217.25   22.90   16.70    0.00    2.02    3.00
  217.50   29.80   18.90    2.70    3.63    5.00
  217.75   35.70   13.90    3.60    1.38    5.00
  218.00   26.60   18.60    2.60    0.45    0.00
  218.25   22.50   17.80    0.00    2.13    2.00
  218.50   29.50   18.20    2.60    3.16    4.00
  218.75   36.60   13.30    2.80    2.74    6.00
  219.00   26.20   16.50    3.40    0.47    2.00
  219.25   21.50   18.30    0.00    2.18    4.00
  219.50   28.40   19.00    3.20    2.41    6.00
  219.75   36.60   12.70    2.50    0.98    3.00
  220.00   26.20   19.20    3.50    0.38    0.00
  220.25   20.30   17.80    0.00    1.19    1.50
  220.50   30.20   18.60    3.30    1.62    3.00
  220.75   36.60   13.00    1.90    0.59    4.00
  221.00   26.10   18.10    3.20    0.40    0.00
  221.25   22.40   19.70    0.10    1.90    3.50
  221.50   27.90   20.20    2.40    2.02    7.00
  221.75   36.10   14.60    2.10    1.71    4.00
  222.00   25.90   19.70    3.20    0.49    0.00
  222.25   22.00   19.70    0.00    1.20    4.00
  222.50   28.30   20.40    1.50    1.75    8.00
  222.75   37.40   15.10    1.60    0.49    3.00
  223.00   26.00   19.00    3.80    0.44    0.00
  223.25   22.20   19.90    0.00    1.57    2.50
  223.50   29.90   20.30    2.20    2.18    5.00
  223.75   36.80   15.10    1.40    0.80    3.00
  224.00   26.30   20.30    4.00    0.52    0.00
  224.25   22.90   20.60    0.50    0.84    3.00
  224.50   28.70   19.60    2.10    1.95    6.00
  224.75   37.20   15.50    1.30    4.76    6.00
  225.00   26.00   19.60    4.20    0.30    0.00
  225.25   24.80   21.00    1.50    0.38    1.50
  225.50   29.90   20.00    2.90    1.31    3.00
  225.75   35.70   15.70    1.90    1.31    6.00
  226.00   25.30   19.60    2.90    0.12    3.00
  226.25   24.30   20.00    0.00    1.82    5.00
  226.50   28.70   18.50    3.40    1.66    7.00
  226.75   36.00   14.10    1.20    0.79    1.00
  227.00   25.30   17.60    3.00    0.40    0.00
  227.25   21.50   18.20    0.20    2.71    0.50
  227.50   28.80   15.70    3.70    1.61    1.00
  227.75   36.50   13.00    3.70    1.64    1.00
  228.00   25.70   18.50    2.70    0.42    1.00
  228.25   22.00   19.60    0.00    1.68    4.50
  228.50   28.70   20.00    4.50    1.57    8.00
  228.75   35.40   15.30    4.20    1.52    4.00
  229.00   26.10   20.10    3.50    0.42    0.00
  229.25   22.40   20.20    0.00    1.61    2.00
  229.50   29.70   20.40    3.50    1.90    4.00
  229.75   36.50   15.00    2.80    1.26    3.00
  230.00   26.40   21.00    3.70    0.49    3.00
  230.25   23.10   20.00    0.00    1.13    5.00
  230.50   29.60   20.10    4.20    1.66    7.00
  230.75   37.10   15.60    4.00    1.54    5.00
  231.00   26.40   18.70    1.80    0.63    0.00
  231.25   23.80   18.90    1.70    1.26    1.50
  231.50   29.40   18.40    5.20    1.59    3.00
  231.75   35.80   13.40    3.80    1.83    3.00
  232.00   26.40   18.50    2.90    0.38    0.00
  232.25   22.90   19.20    0.70    0.93    2.00
  232.50   29.70   17.50    6.00    1.34    4.00
  232.75   35.00   13.90    3.80    1.17    3.00
  233.00   26.60   18.00    3.10    0.52    0.00
  233.25   21.70   19.70    0.00    0.93    1.00
  233.50   29.60   19.70    1.90    2.41    2.00
  233.75   37.10   14.80    1.90    0.38    4.00
  234.00   26.70   19.70    3.00    0.40    0.00
  234.25   23.90   20.70    0.00    0.93    4.50
  234.50   28.30   22.00    3.40    1.45    9.00
  234.75   36.20   16.70    1.40    3.40    6.00
  235.00   26.00   19.70    3.70    0.35    0.00
  235.25   23.20   20.50    0.00    0.10    2.50
  235.50   29.00   19.30    2.80    1.59    5.00
  235.75   36.90   16.20    1.40    1.71    3.00
  236.00   26.20   20.60    3.60    0.40    0.00
  236.25   25.20   21.80    1.70    0.56    4.50
  236.50   29.10   20.80    3.50    1.45    9.00
  236.75   35.50   17.80    2.20    1.83    4.00
  237.00   26.40   19.90    4.10    0.51    0.00
  237.25   23.70   20.60    0.00    1.82    2.00
  237.50   30.70   18.50    3.50    2.08    4.00
  237.75   37.20   15.40    3.70    2.04    3.00
  238.00   26.90   17.70    2.50    0.44    0.00
  238.25   23.60   18.70    0.80    1.13    2.50
  238.50   30.60   16.40    4.50    1.94    5.00
  238.75   36.40    8.20    4.40    1.38    3.00
  239.00   26.40   18.30    2.60    0.47    3.00
  239.25   22.10   18.00    0.00    1.88    2.00
  239.50   30.50   18.80    1.00    2.50    1.00
  239.75   36.70   13.00    2.60    1.36    1.00
  240.00   26.40   18.00    4.20    0.38    0.00
  240.25   22.60   20.20    0.70    0.93    1.50
  240.50   29.90   19.40    2.40    1.76    3.00
  240.75   35.50   14.80    1.60    1.83    3.00
  241.00   26.40   19.00    3.50    0.47    0.00
  241.25   21.50   17.60    0.00    1.61    1.50
  241.50   30.40   17.50    4.10    1.82    3.00
  241.75   37.60   15.00    2.70    1.78    4.00
  242.00   26.00   20.50    3.60    0.42    3.00
  242.25   23.00   20.30    0.00    1.73    2.50
  242.50   29.80   17.20    4.20    2.08    2.00
  242.75   35.60   13.90    3.10    1.55    4.00
  243.00   26.10   19.10    3.90    0.37    0.00
  243.25   22.60   19.60    0.00    6.23    2.00
  243.50   29.70   18.90    2.90    1.55    4.00
  243.75   36.30   13.00    3.30    0.93    3.00
  244.00   26.90   19.50    3.20    0.38    0.00
  244.25   24.70   21.10    0.00    2.08    3.00
  244.50   31.30   19.60    4.60    1.34    6.00
  244.75   37.20   15.00    4.20    1.92    6.00
  245.00   27.70   18.10    2.10    0.45    0.00
  245.25   25.80   19.90    3.50    1.27    0.50
  245.50   30.60   18.30    4.80    2.04    1.00
  245.75   36.80   14.30    4.20    1.48    0.50
  246.00   27.20   19.00    2.70    0.54    0.00
  246.25   24.20   19.00    2.10    0.80    1.50
  246.50   30.60   15.80    6.00    1.71    3.00
  246.75   36.30   11.50    4.40    1.62    3.00
  247.00   27.60   16.90    3.20    0.47    3.00
  247.25   24.90   19.50    0.80    0.89    3.50
  247.50   28.90   18.60    2.30    2.43    4.00
  247.75   36.00   13.90    2.20    2.36    3.50
  248.00   26.90   16.90    1.90    0.49    3.00
  248.25   22.80   19.60    1.10    0.98    3.50
  248.50   29.80   19.20    2.90    2.29    4.00
  248.75   37.00   13.00    3.20    0.99    3.50
  249.00   26.90   19.20    3.30    0.44    3.00
  249.25   24.90   20.50    1.30    0.47    3.50
  249.50   30.10   17.20    3.60    1.80    4.00
  249.75   35.90   15.30    2.00    1.73    2.50
  250.00   26.40   20.50    3.90    0.45    1.00
  250.25   23.80   20.60    0.00    1.48    2.50
  250.50   30.20   18.40    3.30    1.94    4.00
  250.75   37.60   15.20    2.90    1.88    2.50
  251.00   26.20   20.10    3.90    0.24    1.00
  251.25   24.00   20.70    0.40    2.46    2.50
  251.50   30.50   19.50    2.10    2.48    4.00
  251.75   38.70   15.80    3.00    3.47    2.00
  252.00   25.90   20.20    4.70    0.31    0.00
  252.25   23.40   20.60    0.00    2.36    1.50
  252.50   30.00   19.10    3.10    1.41    3.00
  252.75   37.60   15.00    4.10    3.58    2.00
  253.00   25.80   20.10    4.20    0.37    1.00
  253.25   25.00   20.20    1.10    0.70    2.00
  253.50   30.40   17.90    3.70    1.47    3.00
  253.75   36.10   14.00    1.40    0.84    1.50
  254.00   25.80   19.70    3.40    0.45    0.00
  254.25   22.20   19.60    0.00    1.76    2.00
  254.50   30.30   17.00    5.00    1.76    4.00
  254.75   35.80   13.60    4.50    1.43    2.00
  255.00   26.80   20.00    3.50    0.40    0.00
  255.25   24.20   20.20    1.00    1.27    4.50
  255.50   27.40   23.10    1.30    2.29    9.00
  255.75   34.40   17.40    4.10    1.47    4.50
  256.00   26.50   20.20    3.10    0.42    0.00
  256.25   23.10   20.60    0.00    2.53    1.50
  256.50   30.20   19.20    3.60    1.59    3.00
  256.75   36.30   15.70    2.20    1.54    2.00
  257.00   26.30   19.70    4.20    0.42    1.00
  257.25   22.50   19.70    0.00    0.03    2.50
  257.50   30.90   19.70    4.20    1.43    4.00
  257.75   36.70   15.30    3.00    1.69    2.50
  258.00   26.30   20.80    3.70    0.26    1.00
  258.25   23.60   20.30    0.10    2.39    2.00
  258.50   30.80   19.00    2.90    1.95    3.00
  258.75   37.70   14.40    3.90    1.52    1.50
  259.00   26.50   19.80    3.90    0.45    0.00
  259.25   23.80   20.30    0.20    0.91    4.50
  259.50   29.10   20.20    3.40    2.13    9.00
  259.75   35.90   16.00    2.30    1.94    4.50
  260.00   26.80   18.90    2.80    0.44    0.00
  260.25   23.80   20.50    1.00    0.84    1.50
  260.50   31.70   19.90    4.70    0.98    3.00
  260.75   36.20   15.60    4.30    1.20    2.00
  261.00   26.70   20.20    3.50    0.44    1.00
  261.25   24.00   21.30    0.80    0.05    5.00
  261.50   29.10   20.90    3.50    1.19    9.00
  261.75   35.50   15.10    4.20    0.98    5.00
  262.00   26.30   19.10    3.70    0.49    1.00
  262.25   23.20   20.50    0.00    5.97    5.00
  262.50   29.10   19.20    4.70    1.61    9.00
  262.75   35.80   14.60    2.90    1.33    4.50
  263.00   25.70   18.50    3.70    0.45    0.00
  263.25   23.40   19.40    0.00    0.79    4.00
  263.50   27.90   18.50    3.20    1.38    8.00
  263.75   35.70   12.30    2.10    1.29    4.00
  264.00   25.90   19.10    3.40    0.40    0.00
  264.25   23.10   20.40    0.20    0.21    1.50
  264.50   29.90   19.40    4.40    1.78    3.00
  264.75   36.90   14.80    1.70    1.31    4.00
  265.00   26.40   19.40    3.50    0.35    5.00
  265.25   23.60   21.00    0.70    0.42    7.00
  265.50   28.60   20.90    1.00    1.05    9.00
  265.75   37.10   15.90    3.10    2.13    6.00
  266.00   26.80   20.30    3.60    0.45    3.00
  266.25   24.20   21.40    0.90    0.45    5.00
  266.50   30.00   19.30    4.60    1.68    7.00
  266.75   37.60   13.90    4.30    1.41    3.50
  267.00   25.90   20.10    4.00    0.44    0.00
  267.25   23.10   20.50    0.00    1.13    2.50
  267.50   31.20   18.70    3.70    1.54    5.00
  267.75   35.30   15.00    5.20    1.19    2.50
  268.00   26.70   17.30    2.60    0.33    0.00
  268.25   21.60   18.70    0.10    1.64    2.00
  268.50   29.50   18.50    4.50    1.20    4.00
  268.75   35.30   14.30    3.50    1.83    2.50
  269.00   26.00   18.00    4.50    0.52    1.00
  269.25   23.30   20.30    0.00    0.93    2.50
  269.50   28.80   18.50    4.20    1.43    4.00
  269.75   35.20   15.30    2.60    1.64    2.50
  270.00   25.70   19.60    4.20    0.49    1.00
  270.25   23.40   20.10    0.80    0.19    5.50
  270.50   28.40   19.10    2.20    1.41   10.00
  270.75   34.90   17.10    1.70    1.54    6.50
  271.00   25.70   20.20    3.80    0.47    3.00
  271.25   22.70   20.00    0.00    0.75    5.00
  271.50   28.90   19.60    3.60    1.64    7.00
  271.75   37.00   16.00    0.90    5.53    5.00
  272.00   25.90   21.50    4.50    0.30    3.00
  272.25   24.00   21.70    0.50    0.31    4.00
  272.50   30.00   20.20    3.10    1.20    5.00
  272.75   37.10   17.00    1.00    2.06    2.50
  273.00   26.30   20.30    3.70    0.37    0.00
  273.25   23.30   20.40    1.00    0.98    4.50
  273.50   29.90   19.50    5.80    1.36    9.00
  273.75   35.50   16.00    3.60    1.61    4.50
  274.00   26.50   18.40    3.90    0.52    0.00
  274.25   23.90   20.30    0.70    6.27    2.00
  274.50   30.00   19.40    4.40    0.65    4.00
  274.75   35.50   13.40    4.60    0.91    2.00
  275.00   26.60   18.60    3.10    0.47    0.00
  275.25   22.80   20.40    0.60    0.49    2.50
  275.50   29.40   20.20    1.80    1.12    5.00
  275.75   36.50   15.70    3.30    1.61    5.00
  276.00   27.30   19.40    3.10    0.58    0.00
  276.25   22.50   18.10    0.00    0.16    2.00
  276.50   30.50   17.80    4.40    1.82    4.00
  276.75   37.10   13.90    4.90    1.48    3.00
  277.00   26.70   20.80    3.80    0.42    0.00
  277.25   24.20   19.90    1.10    0.73    0.50
  277.50   32.10   16.30    4.30    1.83    1.00
  277.75   37.20   14.10    3.50    1.94    4.00
  278.00   28.20   16.80    2.60    0.45    0.00
  278.25   23.90   19.60    1.60    1.03    1.50
  278.50   31.30   17.70    5.00    1.40    3.00
  278.75   35.80   14.70    2.10    1.40    3.00
  279.00   28.40   17.50    2.60    0.44    0.00
  279.25   23.80   18.40    0.60    0.91    0.50
  279.50   31.40   18.90    3.30    1.26    1.00
  279.75   38.60   14.50    2.70    3.42    5.00
  280.00   27.60   19.40    2.80    0.16    0.00
  280.25   25.20   21.70    3.40    0.42    3.50
  280.50   31.00   20.10    3.80    1.19    7.00
  280.75   34.30   16.90    1.90    1.10    7.00
  281.00   26.70   20.60    4.10    0.42    0.00
  281.25   24.10   21.70    1.60    0.61    3.50
  281.50   29.20   20.70    1.50    1.13    7.00
  281.75   36.00   16.80    3.20    0.05    8.00
  282.00   26.30   20.70    3.80    0.42    0.00
  282.25   23.40   20.90    1.00    0.87    4.00
  282.50   31.60   20.20    1.40    0.93    8.00
  282.75   35.10   14.80    5.00    1.33    5.00
  283.00   26.90   18.30    3.30    0.51    0.00
  283.25   22.30   18.70    0.00    1.83    2.50
  283.50   31.70   19.10    4.00    1.71    5.00
  283.75   37.30   13.40    3.50    1.71    1.00
  284.00   26.90   17.60    3.20    0.42    0.00
  284.25   23.90   19.50    0.90    2.23    1.50
  284.50   31.40   16.80    4.80    1.59    3.00
  284.75   36.90   13.10    4.70    1.76    1.00
  285.00   27.00   20.70    3.50    0.38    0.00
  285.25   23.90   19.90    0.70    1.22    0.50
  285.50   30.20   14.50    4.00    2.09    1.00
  285.75   38.10    9.40    3.30    2.04    0.00
  286.00   27.20   18.80    3.20    0.47    0.00
  286.25   23.60   18.50    1.50    0.84    0.50
  286.50   31.80   13.80    5.00    1.85    1.00
  286.75   37.10   11.00    2.40    1.92    3.00
  287.00   27.00   18.80    1.80    0.51    1.00
  287.25   25.70   19.80    2.50    1.13    4.50
  287.50   29.80   18.60    3.50    1.85    8.00
  287.75   37.10   13.40    5.60    1.29    4.00
  288.00   26.20   19.80    4.50    0.47    0.00
  288.25   23.90   18.50    1.40    0.87    1.50
  288.50   30.50   17.10    5.40    1.59    3.00
  288.75   35.40   13.60    4.80    1.27    4.00
  289.00   27.00   19.80    3.40    0.42    0.00
  289.25   24.80   20.10    1.70    1.40    1.50
  289.50   31.20   17.80    3.30    1.48    3.00
  289.75   38.40   13.30    3.70    1.19    3.00
  290.00   27.10   20.10    3.30    0.31    0.00
  290.25   24.10   20.20    1.10    1.26    2.00
  290.50   31.40   17.70    5.20    1.78    4.00
  290.75   38.40   10.60    4.40    1.83    1.00
  291.00   26.50   20.90    4.80    0.44    0.00
  291.25   23.40   18.80    0.00    2.39    0.50
  291.50   31.60   17.20    3.30    1.71    1.00
  291.75   38.10    9.20    3.00    1.57    1.00
  292.00   26.90   20.00    4.50    0.49    1.00
  292.25   23.90   20.10    0.20    1.01    5.00
  292.50   28.90   20.00    2.40    1.75    9.00
  292.75   27.95   20.15    2.90    0.99    4.00
  293.00   27.00   20.30    3.40    0.23    3.00
  293.25   24.90   21.70    0.70    0.02    6.00
  293.50   29.70   19.90    2.70    1.99    9.00
  293.75   36.70   16.00    1.90    2.29    5.00
  294.00   26.70   21.00    4.20    0.31    1.00
  294.25   26.10   21.90    1.30    0.40    3.00
  294.50   30.70   20.70    5.00    1.38    5.00
  294.75   36.40   17.40    2.10    1.01    4.00
  295.00   27.30   19.30    3.80    0.47    0.00
  295.25   24.50   21.50    0.60    6.09    4.00
  295.50   29.10   21.50    2.50    1.27    8.00
  295.75   35.40   16.90    3.00    1.48    8.00
  296.00   27.10   19.70    2.80    0.44    0.00
  296.25   24.00   20.90    0.00    1.10    4.00
  296.50   30.30   20.70    4.60    1.36    8.00
  296.75   36.80   16.70    3.00    1.69    5.00
  297.00   27.00   19.90    2.60    0.37    0.00
  297.25   23.60   20.00    1.10    0.70    2.50
  297.50   31.20   17.00    4.70    1.52    5.00
  297.75   37.30   13.90    3.00    1.82    6.00
  298.00   27.30   18.60    3.60    0.42    0.00
  298.25   24.40   20.30    0.50    0.42    3.50
  298.50   30.00   18.70    4.50    1.59    7.00
  298.75   36.20   14.10    3.00    2.20    5.00
  299.00   27.30   17.50    3.60    0.37    0.00
  299.25   23.00   20.40    0.00    1.19    3.50
  299.50   30.60   19.40    1.90    1.88    7.00
  299.75   37.80   15.20    3.80    2.08    5.00
  300.00   26.80   20.50    4.20    0.45    0.00
  300.25   22.90   19.60    0.00    2.71    2.00
  300.50   30.00   19.50    2.80    1.88    4.00
  300.75   36.90   14.50    5.10    1.41    4.00
  301.00   27.40   20.10    3.90    0.45    0.00
  301.25   23.50   19.60    0.70    1.52    3.50
  301.50   31.40   18.10    4.20    1.82    7.00
  301.75   36.30   15.50    3.40    1.08    5.00
  302.00   26.40   19.60    3.80    0.47    0.00
  302.25   23.20   19.20    0.40    1.29    1.50
  302.50   31.10   18.90    4.70    1.73    3.00
  302.75   38.40   10.10    4.80    1.87    3.00
  303.00   27.30   18.30    2.90    0.26    0.00
  303.25   23.70   20.00    0.10    0.63    0.50
  303.50   31.40   19.20    3.60    1.26    1.00
  303.75   38.20   13.00    4.30    0.99    1.00
  304.00   26.60   21.00    4.40    0.40    0.00
  304.25   24.10   21.20    0.50    0.33    4.50
  304.50   29.30   19.90    3.20    1.95    9.00
  304.75   37.30   16.70    2.30    2.20    3.00
  305.00   27.20   18.90    3.80    0.44    0.00
  305.25   24.30   20.80    0.80    0.35    4.50
  305.50   30.00   19.10    3.00    1.54    9.00
  305.75   36.40   14.90    3.20    1.99    5.00
  306.00   26.90   17.80    2.80    0.51    0.00
  306.25   28.60   17.35    3.95    1.08    2.50
  306.50   30.30   16.90    5.10    1.66    5.00
  306.75   37.30   14.10    5.00    1.55    4.00
  307.00   27.30   19.30    3.00    0.51    0.00
  307.25   24.80   19.50    2.60    1.27    1.50
  307.50   30.95   17.10    4.25    1.31    3.00
  307.75   37.10   14.70    5.90    1.34    1.00
  308.00   27.60   19.70    3.20    0.54    0.00
  308.25   24.10   19.90    1.00    0.82    1.50
  308.50   32.00   18.00    5.70    1.66    3.00
  308.75   37.50   13.90    5.10    1.73    5.00
  309.00   28.20   19.10    3.60    0.44    0.00
  309.25   24.80   19.70    1.60    1.10    0.50
  309.50   31.50   17.15    3.00    1.18    1.00
  309.75   38.20   14.60    4.40    1.26    1.00
  310.00   28.20   19.70    4.70    0.45    0.00
  310.25   26.10   19.50    2.70    1.01    0.50
  310.50   31.85   17.00    3.10    1.19    1.00
  310.75   37.60   14.50    3.50    1.36    6.00
  311.00   27.40   20.90    4.10    0.45    0.00
  311.25   24.10   20.10    1.60    1.10    4.00
  311.50   30.40   17.35    2.60    1.17    8.00
  311.75   36.70   14.60    3.60    1.24    4.00
  312.00   27.40   20.20    3.60    0.49    0.00
  312.25   24.40   20.10    0.00    0.68    1.50
  312.50   30.40   17.85    2.05    0.98    3.00
  312.75   36.40   15.60    4.10    1.27    5.00
  313.00   27.00   20.70    4.40    0.40    0.00
  313.25   26.20   21.30    0.00    0.21    4.00
  313.50   31.70   20.60    4.10    1.76    8.00
  313.75   35.70   16.50    2.80    1.36    7.00
  314.00   33.15   18.60    3.70    1.44    2.00
  314.25   33.15   18.60    3.70    1.44    4.50
  314.50   30.60   20.70    4.60    1.52    7.00
  314.75   35.70   20.10    5.20    0.70    5.00
  315.00   27.50   19.00    3.70    0.59    2.00
  315.25   23.00   19.30    0.00    2.84    5.50
  315.50   30.90   19.80    4.40    1.62    9.00
  315.75   35.80   15.50    4.30    1.33    6.00
  316.00   26.50   20.80    4.80    0.44    0.00
  316.25   28.80   20.00    5.75    0.99    2.00
  316.50   31.10   19.20    6.70    1.55    4.00
  316.75   35.30   16.20    4.70    0.75    6.00
  317.00   27.90   18.10    3.80    0.45    0.00
  317.25   24.00   21.00    1.00    0.73    3.00
  317.50   30.90   18.60    6.00    1.59    6.00
  317.75   36.30   14.80    4.00    0.80    6.00
  318.00   26.80   19.40    2.70    0.51    3.00
  318.25   23.20   20.50    0.30    1.54    3.00
  318.50   30.70   18.90    4.40    1.73    3.00
  318.75   37.30   15.90    3.30    1.73    4.00
  319.00   27.20   19.50    3.70    0.45    0.00
  319.25   23.60   19.30    0.10    1.47    4.00
  319.50   30.10   19.70    2.50    2.01    8.00
  319.75   36.60   16.90    2.70    0.68    7.00
  320.00   26.70   21.10    4.60    0.51    0.00
  320.25   25.60   21.70    1.10    0.07    3.50
  320.50   29.10   20.50    2.90    0.56    7.00
  320.75   36.40   17.10    2.30    1.08    4.00
  321.00   26.80   20.50    3.30    0.42    0.00
  321.25   28.65   20.60    2.60    0.69    3.00
  321.50   30.50   20.70    1.90    0.96    6.00
  321.75   29.20   21.80    6.70    0.87    8.00
  322.00   26.70   21.50    4.50    0.52    0.00
  322.25   23.40   21.10    0.00    0.77    2.00
  322.50   31.00   20.90    2.70    0.23    4.00
  322.75   36.20   16.80    2.30    0.89    5.00
  323.00   27.10   20.40    2.80    0.40    0.00
  323.25   23.50   20.60    0.00    2.55    4.00
  323.50   29.50   19.50    4.00    1.83    8.00
  323.75   36.10   16.70    4.00    0.94    8.00
  324.00   27.30   20.10    3.20    0.38    0.00
  324.25   24.90   22.10    0.90    0.38    4.50
  324.50   30.00   21.70    2.10    0.86    9.00
  324.75   32.90   18.80    3.80    0.79    9.00
  325.00   27.10   19.30    3.20    0.56    0.00
  325.25   27.95   19.80    2.40    0.38    4.50
  325.50   28.80   20.30    1.60    0.21    9.00
  325.75   36.30   17.20    4.20    1.19    6.00
  326.00   26.80   20.20    4.40    0.51    0.00
  326.25   28.90   19.55    4.90    0.93    2.00
  326.50   31.00   18.90    5.40    1.36    4.00
  326.75   36.40   14.70    3.30    1.55    3.00
  327.00   27.50   19.10    4.40    0.51    0.00
  327.25   23.50   19.80    0.60    1.22    4.50
  327.50   30.20   20.00    3.70    1.34    9.00
  327.75   37.20   14.40    4.70    1.43    6.00
  328.00   27.30   20.00    3.50    0.42    0.00
  328.25   23.30   20.50    0.00    1.99    4.50
  328.50   30.10   19.70    3.00    1.19    9.00
  328.75   37.00   15.20    3.50    1.26    3.00
  329.00   27.30   19.30    2.80    0.42    0.00
  329.25   29.00   19.50    3.40    0.87    3.00
  329.50   30.70   19.70    4.00    1.33    6.00
  329.75   37.40   15.40    4.70    1.43    5.00
  330.00   27.30   19.50    3.70    0.49    0.00
  330.25   28.55   19.40    4.25    0.99    3.00
  330.50   29.80   19.30    4.80    1.48    6.00
  330.75   37.60   13.90    3.40    4.43    3.00
  331.00   28.10   18.90    4.60    0.45    0.00
  331.25   29.45   18.35    4.35    0.99    2.50
  331.50   30.80   17.80    4.10    1.52    5.00
  331.75   36.90   10.40    4.60    1.99    1.00
  332.00   27.40   18.50    3.90    0.44    0.00
  332.25   28.90   17.55    5.15    1.03    0.50
  332.50   30.40   16.60    6.40    1.62    1.00
  332.75   37.00   13.30    2.70    1.29    1.00
  333.00   27.60   18.40    3.90    0.47    0.00
  333.25   29.50   18.80    3.65    1.18    2.00
  333.50   31.40   19.20    3.40    1.88    4.00
  333.75   37.70   14.30    3.20    1.36    6.00
  334.00   27.70   19.80    3.60    0.37    0.00
  334.25   29.20   19.90    3.95    1.01    4.50
  334.50   30.70   20.00    4.30    1.66    9.00
  334.75   37.60   15.90    5.10    1.17    3.00
  335.00   27.20   20.40    4.10    0.54    0.00
  335.25   28.90   19.70    4.70    0.79    4.00
  335.50   30.60   19.00    5.30    1.03    8.00
  335.75   36.20   16.50    3.40    1.31    8.00
  336.00   27.10   19.20    4.00    0.47    0.00
  336.25   29.00   18.55    4.70    0.88    1.50
  336.50   30.90   17.90    5.40    1.29    3.00
  336.75   37.60   13.30    4.50    1.71    1.50
  337.00   26.90   20.00    3.90    0.42    0.00
  337.25   24.00   20.80    0.40    0.49    2.00
  337.50   30.90   18.90    2.10    1.90    4.00
  337.75   38.70   15.50    2.00    1.57    2.00
  338.00   26.90   21.60    4.80    0.47    0.00
  338.25   28.60   19.95    5.10    0.98    2.50
  338.50   30.30   18.30    5.40    1.48    5.00
  338.75   36.50   15.80    3.00    2.13    2.50
  339.00   27.00   19.70    4.90    0.52    0.00
  339.25   28.95   19.90    3.55    0.40    3.00
  339.50   30.90   20.10    2.20    0.28    6.00
  339.75   35.90   15.20    5.00    0.72    3.00
  340.00   26.90   20.10    4.30    0.44    0.00
  340.25   28.80   20.45    3.50    0.63    2.00
  340.50   30.70   20.80    2.70    0.82    4.00
  340.75   37.30   17.10    3.20    0.68    2.50
  341.00   27.50   20.50    4.40    0.58    1.00
  341.25   28.80   20.70    3.60    0.68    3.00
  341.50   30.10   20.90    2.80    0.79    5.00
  341.75   37.10   18.70    5.00    0.72    4.50
  342.00   27.80   20.00    3.40    0.42    4.00
  342.25   24.40   21.50    0.60    0.37    4.50
  342.50   30.60   21.00    3.20    1.40    5.00
  342.75   37.40   15.40    0.90    2.15    2.50
  343.00   27.00   21.70    4.80    0.44    0.00
  343.25   24.80   21.70    1.80    0.89    2.50
  343.50   30.50   20.70    3.20    1.08    5.00
  343.75   38.20   16.10    3.50    1.24    2.50
  344.00   27.10   21.50    4.30    0.23    0.00
  344.25   25.30   22.20    2.50    0.65    3.00
  344.50   30.60   20.90    3.80    1.45    6.00
  344.75   37.10   14.40    4.50    1.36    3.00
  345.00   27.20   20.80    4.50    0.52    0.00
  345.25   28.70   21.10    3.10    1.14    2.50
  345.50   30.20   21.40    1.70    1.76    5.00
  345.75   36.00   15.60    4.10    0.86    5.00
  346.00   27.40   20.30    4.40    0.49    5.00
  346.25   28.65   20.50    3.00    0.63    5.50
  346.50   29.90   20.70    1.60    0.77    6.00
  346.75   35.90   17.20    5.40    0.73    3.00
  347.00   33.15   19.10    3.35    0.93    0.00
  347.25   33.15   19.10    3.35    0.93    2.50
  347.50   30.40   21.00    1.30    1.12    5.00
  347.75   36.20   17.20    3.10    1.26    4.50
  348.00   27.10   20.60    5.20    0.42    4.00
  348.25   24.60   21.60    0.40    0.45    6.00
  348.50   28.90   20.00    3.30    1.26    8.00
  348.75   33.20   19.20    5.60    0.80    5.50
  349.00   27.30   20.30    4.30    0.45    3.00
  349.25   30.20   19.20    3.60    0.63    6.50
  349.50   30.20   19.20    3.60    0.63   10.00
  349.75   33.10   18.10    2.90    0.80    6.50
  350.00   27.10   18.60    3.40    0.45    3.00
  350.25   23.60   21.10    1.30    1.06    5.00
  350.50   29.60   19.70    2.80    0.96    7.00
  350.75   32.90   18.80    4.20    0.89    8.50
  351.00   27.60   20.00    3.00    0.47   10.00
  351.25   25.70   20.00    0.00    3.82   10.00
  351.50   28.80   21.40    2.40    1.45   10.00
  351.75   31.70   18.30    2.90    2.15    9.50
  352.00   26.60   19.90    0.00    4.19    9.00
  352.25   31.25   16.55    1.75    2.52    7.50
  352.50   31.25   16.55    1.75    2.52    6.00
  352.75   35.90   13.20    3.50    0.86    5.50
  353.00   27.50   21.00    4.00    0.45    5.00
  353.25   25.90   21.90    1.20    6.20    7.50
  353.50   27.05   21.60    2.20    4.90   10.00
  353.75   28.20   21.30    3.20    3.61   10.00
  354.00   24.10   21.50    0.10    3.33   10.00
  354.25   28.60   19.30    1.05    3.10   10.00
  354.50   28.60   19.30    1.05    3.10   10.00
  354.75   33.10   17.10    2.00    2.86    8.50
  355.00   28.70   19.20    3.50    0.42    7.00
  355.25   24.70   22.20    0.00    4.36    8.50
  355.50   28.60   22.30    0.90    1.31   10.00
  355.75   36.90   16.30    3.50    1.99    7.50
  356.00   34.20   17.65    4.45    1.72    5.00
  356.25   34.20   17.65    4.45    1.72    4.50
  356.50   31.50   19.00    5.40    1.45    4.00
  356.75   34.10   17.20    4.10    1.34    2.00
  357.00   26.90   21.50    3.00    0.45    0.00
  357.25   23.90   20.80    0.00    4.76    3.00
  357.50   31.10   20.50    4.20    1.85    6.00
  357.75   34.00   18.60    3.70    1.20    4.50
  358.00   25.50   23.20    1.20    1.03    3.00
  358.25   24.80   23.40    0.00    3.40    4.00
  358.50   30.30   21.70    3.30    1.87    5.00
  358.75   35.40   16.90    3.60    1.76    4.00
  359.00   28.70   19.50    3.50    0.38    3.00
  359.25   24.70   21.10    0.00    1.57    6.00
  359.50   29.80   19.15    1.55    1.36    9.00
  359.75   34.90   17.20    3.10    1.15    4.50
  360.00   27.60   20.60    4.10    0.37    0.00
  360.25   25.30   22.50    1.20    0.05    4.50
  360.50   29.80   21.20    3.10    0.99    9.00
  360.75   33.90   19.20    4.00    0.75    4.50
  361.00   27.70   21.00    3.00    0.47    0.00
  361.25   24.80   21.80    0.80    0.40    4.50
  361.50   29.70   19.95    3.10    0.77    9.00
  361.75   34.60   18.10    5.40    1.13    4.50
  362.00   28.40   19.50    2.80    0.52    0.00
  362.25   25.10   21.90    1.50    0.59    3.50
  362.50   30.70   20.60    5.50    1.69    7.00
  362.75   37.20   15.70    4.70    1.71    3.50
  363.00   27.90   21.30    5.10    0.52    0.00
  363.25   25.20   21.00    1.60    1.22    2.50
  363.50   30.20   20.00    4.50    1.05    5.00
  363.75   35.70   15.80    0.00    1.43    2.50
  364.00   28.00   20.20    0.00    0.40    0.00
  364.25   26.20   21.25    0.00    1.95    5.00
  364.50   26.20   21.25    0.00    1.95   10.00
  364.75   24.40   22.30    0.00    3.49    8.50
  365.00   25.60   23.90    0.30    0.26    7.00
  365.25   27.55   22.65    1.85    0.95    6.00
  365.50   29.50   21.40    3.40    1.64    5.00
  365.75   35.20   15.60    1.70    1.15    6.00
  366.00   27.90   20.60    3.10    0.37    7.00
  366.25   25.30   21.40    2.80    0.59    7.50
  366.50   30.30   19.50    3.20    1.71    8.00
  366.75   37.00   15.20    4.50    0.98    8.00
  367.00   27.80   20.50    0.00    0.51    1.00
  367.25   26.10   21.30    0.00    0.07    5.00
  367.50   29.80   21.00    0.00    2.79    9.00
  367.75   36.30   16.90    0.00    2.09    7.00
  368.00   28.30   20.50    0.00    0.44    0.00
  368.25   25.70   22.70    0.00    0.12    4.50
  368.50   30.65   20.00    0.00    0.66    9.00
  368.75   35.60   17.30    0.00    1.20    8.00
  369.00   27.60   21.70    0.00    0.37    7.00
  369.25   25.90   22.50    0.00    0.40    8.50
  369.50   28.90   21.30    0.00    1.38   10.00
  369.75   25.30   22.50    0.00    5.39   10.00
  370.00   23.30   21.70    0.00    0.40   10.00
  370.25   29.15   20.85    0.00    0.31    9.50
  370.50   29.15   20.85    0.00    0.31    9.00
  370.75   35.00   20.00    0.00    0.21    7.00
  371.00   26.80   22.10    0.00    0.30    1.00
  371.25   23.70   21.80    0.00    0.87    3.00
  371.50   30.00   21.70    0.00    1.73    5.00
  371.75   34.40   19.10    0.00    0.17    5.00
  372.00   26.90   21.50    0.00    0.49    3.00
  372.25   23.90   21.70    0.00    0.28    5.50
  372.50   28.90   22.60    0.00    0.94    8.00
  372.75   35.70   18.60    0.00    0.59    7.00
  373.00   27.10   21.20    0.00    0.23    7.00
  373.25   24.90   22.10    0.00    0.47    8.00
  373.50   28.70   21.30    0.00    1.61    9.00
  373.75   35.00   17.00    0.00    0.35    7.00
  374.00   27.10   20.40    0.00    0.17    3.00
  374.25   27.90   21.25    0.00    0.53    5.50
  374.50   28.70   22.10    0.00    0.89    8.00
  374.75   32.60   20.80    0.00    0.07    8.00
  375.00   26.60   21.00    0.00    0.37   10.00
  375.25   24.20   22.00    0.00    0.75    9.00
  375.50   28.00   21.00    0.00    1.12    8.00
  375.75   34.80   19.40    0.00    5.46    5.00
  376.00   26.70   21.20    0.00    0.47    5.00
  376.25   25.60   22.60    0.00    0.33    6.50
  376.50   30.00   20.60    0.00    1.08    8.00
  376.75   34.20   18.60    0.00    1.05    8.00
  377.00   26.50   21.60    0.00    0.45    7.00
  377.25   24.00   21.90    0.00    6.02    8.50
  377.50   24.35   22.35    0.00    3.32   10.00
  377.75   24.70   22.80    0.00    0.63   10.00
  378.00   22.90   21.30    0.00    0.33    3.00
  378.25   25.40   22.30    0.35    1.13    5.50
  378.50   27.90   23.30    0.70    1.94    8.00
  378.75   36.00   17.70    2.70    1.22    7.00
  379.00   26.90   21.10    2.60    0.45    0.00
  379.25   22.40   20.40    0.00    0.99    2.50
  379.50   29.60   20.60    3.70    1.36    5.00
  379.75   36.30   16.70    2.30    0.70    7.00
  380.00   27.20   18.70    3.00    0.44    3.00
  380.25   24.00   21.80    0.30    1.03    3.50
  380.50   29.90   20.70    4.50    1.59    4.00
  380.75   34.70   17.10    1.50    1.41    7.00
  381.00   27.80   19.70    3.90    0.16    7.00
  381.25   25.20   22.40    0.90    0.56    6.00
  381.50   28.50   21.60    1.70    0.59    5.00
  381.75   35.30   19.90    3.30    0.37    6.00
  382.00   31.80   20.55    2.95    0.28    3.00
  382.25   31.80   20.55    2.95    0.28    6.00
  382.50   28.30   21.20    2.60    0.19    9.00
  382.75   32.30   22.20    2.70    1.29    8.00
  383.00   26.60   21.80    4.30    0.33    4.00
  383.25   24.00   22.10    1.80    0.75    5.50
  383.50   28.70   21.30    2.50    0.87    7.00
  383.75   33.70   18.50    0.00    0.30    9.00
  384.00   27.30   19.90    0.00    0.52    0.00
  384.25   23.90   21.70    0.00    0.51    4.00
  384.50   29.20   21.90    0.90    1.45    8.00
  384.75   25.40   22.80    0.00    5.57    9.00
  385.00   26.80   22.60    0.00    0.45    7.00
  385.25   27.85   22.65    0.00    0.71    8.00
  385.50   28.90   22.70    0.00    0.96    9.00
  385.75   32.60   21.80    0.00    0.30    7.00
  386.00   23.30   21.40    0.10    1.76    9.00
  386.25   26.05   22.25    0.05    3.96    9.00
  386.50   26.05   22.25    0.05    3.96    9.00
  386.75   28.80   23.10    0.00    6.16    9.00
  387.00   26.30   22.30    0.00    0.45    7.00
  387.25   23.40   22.00    0.00    1.12    7.50
  387.50   28.80   21.80    0.00    1.57    8.00
  387.75   34.90   18.50    0.00    1.12    7.00
  388.00   26.80   20.60    0.00    0.47    7.00
  388.25   25.40   22.80    0.10    0.51    7.50
  388.50   28.80   22.90    0.00    1.69    8.00
  388.75   25.90   22.90    0.00    5.11    9.00
  389.00   24.30   22.40    0.00    0.61   10.00
  389.25   23.80   22.40    0.00    3.04    8.00
  389.50   28.10   21.60    0.00    1.29    6.00
  389.75   28.60   24.10    0.00    4.97    9.00
  390.00   26.20   21.90    0.00    0.56    7.00
  390.25   25.10   23.20    1.60    0.47    7.50
  390.50   29.60   23.40    2.50    1.85    8.00
  390.75   35.70   18.60    4.20    1.43    8.00
  391.00   27.40   21.30    1.80    0.19    6.00
  391.25   22.70   20.60    0.10    2.37    5.50
  391.50   29.60   22.50    2.10    1.59    5.00
  391.75   33.40   19.70    1.30    5.74    9.00
  392.00   26.90   21.90    3.30    0.35    5.00
  392.25   25.50   22.50    0.70    0.21    6.00
  392.50   28.70   22.00    1.40    1.22    7.00
  392.75   24.00   22.40    3.20    0.51   10.00
  393.00   25.70   22.30    2.40    0.31    7.00
  393.25   23.00   21.60    0.60    1.20    5.50
  393.50   27.70   22.30    1.90    1.15    4.00
  393.75   31.60   21.80    4.60    0.33    5.00
  394.00   25.90   21.60    1.80    0.59    4.00
  394.25   22.70   21.50    0.90    3.46    4.50
  394.50   28.20   24.10    0.40    1.38    5.00
  394.75   31.70   20.80    3.70    0.96    6.00
  395.00   24.90   21.80    1.30    1.03    3.00
  395.25   24.00   22.30    0.00    1.01    3.50
  395.50   29.00   21.30    3.20    1.24    4.00
  395.75   29.50   21.70    2.70    5.71    7.00
  396.00   26.10   21.80    3.20    0.52    4.00
  396.25   22.60   21.20    0.10    3.56    6.00
  396.50   28.30   22.70    2.90    1.47    8.00
  396.75   33.80   17.80    4.60    1.06    7.00
  397.00   26.80   19.50    2.90    0.45    3.00
  397.25   24.20   21.80    0.00    6.20    6.00
  397.50   27.50   23.00    1.60    3.19    9.00
  397.75   28.70   22.70    3.50    6.09    9.00
  398.00   24.10   22.50    2.20    0.59    5.00
  398.25   25.95   22.95    2.10    1.05    6.00
  398.50   27.80   23.40    2.00    1.50    7.00
  398.75   27.80   22.40    3.80    1.38    9.00
  399.00   25.50   23.00    1.00    0.73    7.00
  399.25   24.30   23.20    0.00    0.33    6.50
  399.50   28.70   23.40    2.60    1.97    6.00
  399.75   34.70   20.20    3.00    6.27    5.00
  400.00   26.90   22.00    2.70    0.54    3.00
  400.25   23.70   22.20    0.00    2.09    5.50
  400.50   28.40   22.20    3.90    1.69    8.00
  400.75   34.00   17.70    2.70    1.08    7.00
  401.00   27.00   20.80    3.40    0.51    0.00
  401.25   22.80   21.20    0.00    1.05    3.50
  401.50   29.80   21.30    4.60    1.34    7.00
  401.75   35.50   17.90    0.90    0.28    7.00
  402.00   27.10   18.90    2.60    0.42    0.00
  402.25   23.80   22.00    0.00    4.66    3.50
  402.50   29.80   21.10    5.50    1.34    7.00
  402.75   36.20   16.90    0.70    0.77    5.00
  403.00   26.80   21.30    2.40    0.47    2.00
  403.25   24.40   22.40    0.00    4.08    4.50
  403.50   28.50   22.50    2.50    1.47    7.00
  403.75   25.60   21.80    6.00    0.82    9.00
  404.00   26.80   22.40    2.40    0.52    3.00
  404.25   24.70   23.00    1.10    1.52    5.00
  404.50   29.80   23.40    2.00    1.29    7.00
  404.75   35.30   20.20    3.10    0.33    8.00
  405.00   26.60   22.50    2.50    0.38    8.00
  405.25   24.70   23.30    0.20    1.71    8.50
  405.50   28.30   22.80    1.90    0.37    9.00
  405.75   28.10   22.60    2.70    6.18   10.00
  406.00   26.40   23.30    3.40    0.40   10.00
  406.25   24.50   23.10    0.50    0.84   10.00
  406.50   26.20   23.80    1.15    3.55   10.00
  406.75   27.90   24.50    1.80    6.27    7.00
  407.00   25.70   23.20    2.20    0.66    5.00
  407.25   24.80   23.40    0.60    0.72    6.00
  407.50   27.60   23.70    2.80    0.31    7.00
  407.75   25.40   23.20    1.20    4.21   10.00
  408.00   25.00   23.60    0.00    2.81   10.00
  408.25   25.15   23.50    0.00    3.93   10.00
  408.50   25.15   23.50    0.00    3.93   10.00
  408.75   25.30   23.40    0.00    5.04   10.00
  409.00   23.70   22.80    0.00    1.50   10.00
  409.25   25.35   23.40    0.00    1.88    8.50
  409.50   27.00   24.00    0.00    2.25    7.00
  409.75   31.90   22.80    1.40    6.09    6.00
  410.00   24.50   22.70    1.80    0.30    5.00
  410.25   23.50   22.30    0.00    0.98    6.50
  410.50   26.70   22.50    1.80    2.39    8.00
  410.75   31.30   22.10    1.40    6.23    9.00
  411.00   24.40   22.20    0.60    0.73   10.00
  411.25   23.10   21.70    0.00    5.01    9.50
  411.50   26.80   22.80    2.20    3.93    9.00
  411.75   25.10   22.90    2.30    6.25   10.00
  412.00   23.30   22.10    0.00    2.37   10.00
  412.25   22.90   21.90    0.00    0.24    9.50
  412.50   27.30   24.60    0.30    1.38    9.00
  412.75   30.00   21.50    2.60    1.20   10.00
  413.00   26.20   23.10    2.00    0.42   10.00
  413.25   23.50   22.20    0.00    3.28   10.00
  413.50   27.40   22.90    0.40    0.40   10.00
  413.75   31.10   23.40    1.10    5.95   10.00
  414.00   26.00   21.40    2.00    0.40    7.00
  414.25   23.30   21.90    0.10    0.99    7.00
  414.50   28.70   23.00    0.70    3.12    7.00
  414.75   25.70   24.30    4.20    0.45   10.00
  415.00   24.00   22.60    2.10    0.19   10.00
  415.25   23.20   22.40    0.00    1.26   10.00
  415.50   24.70   23.00    1.80    4.26   10.00
  415.75   29.50   23.00    1.80    5.83    9.00
  416.00   24.50   23.20    0.00    1.03   10.00
  416.25   24.20   22.90    1.00    0.66   10.00
  416.50   27.00   24.00    0.70    1.99   10.00
  416.75   24.70   23.60    2.40    0.30   10.00
  417.00   22.50   21.90    1.10    3.96   10.00
  417.25   24.40   22.65    1.25    2.58   10.00
  417.50   26.30   23.40    1.40    1.20   10.00
  417.75   23.90   21.90    5.70    3.23   10.00
  418.00   23.30   22.60    0.00    4.42   10.00
  418.25   23.10   22.40    0.10    3.39    7.50
  418.50   27.40   22.90    1.50    2.18    5.00
  418.75   22.90   21.60    1.40    5.24   10.00
  419.00   24.10   23.20    0.00    6.14   10.00
  419.25   23.60   22.90    0.00    0.98    8.00
  419.50   28.00   23.40    3.60    1.68    6.00
  419.75   32.70   20.90    3.50    2.02    5.00
  420.00   25.90   22.30    2.20    0.52    1.00
  420.25   23.20   21.90    0.00    1.40    4.50
  420.50   27.70   23.30    2.40    1.85    8.00
  420.75   33.00   21.20    2.50    1.94    8.00
  421.00   26.10   22.00    2.10    0.59    3.00
  421.25   23.10   21.70    0.00    2.39    5.00
  421.50   27.70   22.90    0.90    1.03    7.00
  421.75   25.70   23.70    1.60    0.98    9.00
  422.00   24.40   22.80    1.50    0.59    0.00
  422.25   23.30   22.40    0.00    1.76    3.50
  422.50   28.40   24.10    1.60    1.27    7.00
  422.75   32.40   23.40    0.60    0.91    7.00
  423.00   26.00   22.90    2.70    0.51    5.00
  423.25   23.50   22.40    1.10    1.27    7.00
  423.50   28.20   23.80    2.20    2.04    9.00
  423.75   26.60   23.60    1.60    4.80    9.00
  424.00   22.60   21.40    0.10    1.62   10.00
  424.25   23.50   22.60    0.00    2.65   10.00
  424.50   26.00   24.00    1.10    3.39   10.00
  424.75   23.30   22.60    0.10    5.93   10.00
  425.00   23.90   22.80    1.10    0.30   10.00
  425.25   22.50   21.80    0.70    0.61    8.50
  425.50   26.80   23.30    2.50    1.24    7.00
  425.75   25.20   22.70    0.00    1.20   10.00
  426.00   23.70   22.70    0.10    2.50   10.00
  426.25   23.20   22.60    0.80    3.26    9.50
  426.50   26.80   24.20    0.90    1.92    9.00
  426.75   25.10   22.30    0.00    0.44    9.00
  427.00   23.80   22.80    0.00    3.18   10.00
  427.25   23.20   22.50    0.80    4.35    8.00
  427.50   27.30   23.80    0.10    2.95    6.00
  427.75   24.60   22.80    4.10    0.44   10.00
  428.00   24.20   23.40    1.20    3.05   10.00
  428.25   25.50   23.35    0.65    2.14    9.00
  428.50   26.80   23.30    0.10    1.22    8.00
  428.75   27.30   23.30    0.30    1.69    9.00
  429.00   23.70   22.70    0.00    0.84    5.00
  429.25   22.70   22.00    0.00    1.03    6.50
  429.50   27.90   24.20    0.90    1.34    8.00
  429.75   23.30   22.70    0.00    1.33   10.00
  430.00   24.30   23.50    0.00    0.56    6.00
  430.25   23.70   23.10    0.00    2.62    7.00
  430.50   27.90   24.00    0.70    3.33    8.00
  430.75   23.50   22.50    2.50    0.96   10.00
  431.00   25.10   23.90    0.00    0.58   10.00
  431.25   23.50   23.00    0.50    2.30    9.50
  431.50   27.20   24.60    2.20    1.64    9.00
  431.75   27.70   25.40    3.10    0.45    7.00
  432.00   24.90   24.10    0.80    0.51   10.00
  432.25   23.90   23.50    0.00    1.43    8.50
  432.50   27.90   24.80    1.70    2.06    7.00
  432.75   31.10   23.90    2.70    1.01    7.00
  433.00   25.30   24.10    1.10    0.91    3.00
  433.25   24.10   23.00    0.10    2.11    6.00
  433.50   26.90   24.10    0.70    2.01    9.00
  433.75   28.00   23.30    2.90    1.05    9.00
  434.00   24.20   22.70    0.00    3.67    7.00
  434.25   23.10   22.40    0.00    3.56    8.00
  434.50   25.60   24.00    2.00    4.22    9.00
  434.75   29.90   19.40    4.80    1.27    7.00
  435.00   23.60   22.20    0.60    0.52    9.00
  435.25   23.00   22.10    0.00    3.07    8.50
  435.50   28.00   23.80    1.10    1.71    8.00
  435.75   27.10   23.90    3.90    0.14   10.00
  436.00   23.70   23.20    1.70    3.91   10.00
  436.25   22.80   22.20    0.00    2.27    7.50
  436.50   27.40   25.00    0.30    3.30    5.00
  436.75   24.70   23.50    1.70    5.74   10.00
  437.00   24.20   23.50    0.20    3.26   10.00
  437.25   23.10   22.70    0.40    2.90    7.50
  437.50   26.50   24.30    0.60    3.54    5.00
  437.75   24.20   23.30    2.40    0.03   10.00
  438.00   23.40   22.90    1.80    3.86   10.00
  438.25   22.60   22.30    0.00    3.47    9.50
  438.50   26.30   24.70    1.20    3.70    9.00
  438.75   24.30   23.20    2.00    0.35   10.00
  439.00   24.40   23.40    1.50    1.01   10.00
  439.25   23.50   23.00    0.00    1.87   10.00
  439.50   26.60   25.10    0.00    0.99   10.00
  439.75   27.40   25.20    3.20    0.35    9.00
  440.00   24.00   23.70    1.30    0.66   10.00
  440.25   24.10   23.90    0.00    3.11    8.50
  440.50   27.90   25.40    1.40    1.47    7.00
  440.75   29.80   24.30    3.50    0.17    8.00
  441.00   24.20   23.90    0.10    5.74   10.00
  441.25   23.80   23.80    0.90    2.71    8.00
  441.50   27.00   25.40    1.00    2.76    6.00
  441.75   25.40   24.70    1.00    3.11   10.00
  442.00   24.20   23.40    0.30    1.17   10.00
  442.25   24.00   23.80    1.10    4.24    9.00
  442.50   27.40   25.50    0.00    2.98    8.00
  442.75   25.60   23.30    0.80    0.45    8.00
  443.00   24.60   24.30    1.10    0.66   10.00
  443.25   23.60   23.50    0.00    1.15    9.50
  443.50   27.30   25.20    0.30    1.64    9.00
  443.75   30.20   23.40    0.70    1.64    8.00
  444.00   24.30   23.00    0.00    0.30    3.00
  444.25   22.00   21.70    0.00    4.24    5.00
  444.50   27.80   24.30    0.00    1.52    7.00
  444.75   30.90   24.50    0.00    1.61    8.00
  445.00   25.40   24.20    0.00    0.42    2.00
  445.25   24.50   24.20    0.30    0.33    3.50
  445.50   28.30   24.70    2.30    1.36    5.00
  445.75   26.30   24.70    2.00    5.85    9.00
  446.00   24.70   23.70    0.00    0.73    8.00
  446.25   23.00   22.60    0.20    1.71    7.50
  446.50   27.80   24.50    0.50    1.80    7.00
  446.75   23.80   23.00    2.30    1.03   10.00
  447.00   23.80   23.20    0.00    5.69    2.00
  447.25   22.90   22.60    0.00    3.28    4.00
  447.50   27.30   24.80    1.90    3.89    6.00
  447.75   23.70   23.60    1.30    0.72   10.00
  448.00   23.80   23.60    0.60    1.75   10.00
  448.25   23.00   22.80    0.40    2.62    9.50
  448.50   25.80   24.10    1.50    3.58    9.00
  448.75   24.70   24.10    0.10    0.70   10.00
  449.00   23.20   23.10    0.00    5.38   10.00
  449.25   22.80   22.80    0.00    3.07   10.00
  449.50   26.30   25.40    0.00    0.19   10.00
  449.75   30.10   25.40    2.10    1.05    9.00
  450.00   24.30   23.70    0.00    2.93   10.00
  450.25   23.10   23.00    0.00    3.23    9.50
  450.50   27.20   25.90    0.00    3.05    9.00
  450.75   31.00   25.60    3.00    0.30    5.00
  451.00   25.00   24.30    0.00    0.35    5.00
  451.25   23.60   25.00    0.00    1.90    5.00
  451.50   28.30   25.70    2.50    2.02    5.00
  451.75   24.60   23.90    0.60    0.16   10.00
  452.00   23.80   23.60    1.30    1.54    6.00
  452.25   23.80   23.80    0.00    2.83    7.50
  452.50   27.50   25.30    0.10    5.88    9.00
  452.75   25.90   23.90    0.00    1.40   10.00
  453.00   24.20   23.60    0.00    0.94   10.00
  453.25   23.70   23.50    0.00    3.70    9.50
  453.50   27.70   25.90    0.00    5.24    9.00
  453.75   30.20   25.40    1.00    0.45    5.00
  454.00   25.30   24.00    1.60    0.52    4.00
  454.25   23.80   23.80    0.00    1.73    5.50
  454.50   28.70   25.00    0.00    5.34    7.00
  454.75   27.00   25.30    1.30    5.46    9.00
  455.00   24.80   23.90    1.70    0.35    4.00
  455.25   24.40   24.00    0.00    2.69    4.50
  455.50   26.70   24.80    2.30    0.47    5.00
  455.75   26.80   24.90    0.00    6.23   10.00
  456.00   24.30   23.70    0.00    3.53    7.00
  456.25   23.40   23.00    0.00    3.42    7.50
  456.50   28.00   25.80    0.30    4.29    8.00
  456.75   25.80   24.90    0.40    3.54   10.00
  457.00   24.10   24.00    0.00    4.61   10.00
  457.25   23.60   23.40    0.00    3.39   10.00
  457.50   25.70   25.20    0.00    0.89   10.00
  457.75   23.70   22.90    0.30    0.42   10.00
  458.00   22.70   22.00    1.80    1.40   10.00
  458.25   22.80   22.20    0.00    3.68    8.50
  458.50   26.40   23.90    1.40    3.61    7.00
  458.75   30.60   24.30    0.00    1.36    7.00
  459.00   23.90   23.10    0.00    5.92   10.00
  459.25   23.60   23.20    0.00    3.86    8.00
  459.50   27.80   24.90    1.50    3.87    6.00
  459.75   32.10   24.90    2.40    1.52    5.00
  460.00   25.40   24.70    0.70    0.33   10.00
  460.25   23.60   23.40    0.00    1.69    9.00
  460.50   27.40   24.40    1.50    2.08    8.00
  460.75   30.30   24.70    0.40    3.11    8.00
  461.00   24.90   23.80    0.00    0.63    5.00
  461.25   23.90   23.40    0.00    1.31    7.50
  461.50   26.00   24.40    0.90    1.19   10.00
  461.75   25.70   24.40    0.00    0.03   10.00
  462.00   23.80   23.00    0.00    4.17   10.00
  462.25   22.70   22.10    0.00    3.05    8.50
  462.50   28.00   24.20    0.50    2.62    7.00
  462.75   31.70   23.10    2.60    1.54    4.00
  463.00   25.50   22.80    0.70    1.13    7.00
  463.25   23.30   22.30    0.00    1.71    6.00
  463.50   28.00   24.60    0.00    1.90    5.00
  463.75   32.10   23.80    1.00    2.23    5.00
  464.00   24.90   22.70    0.00    0.51    3.00
  464.25   23.90   22.30    0.00    2.25    4.50
  464.50   27.90   23.80    1.70    1.64    6.00
  464.75   30.90   22.90    0.00    1.64    5.00
  465.00   25.40   23.10    0.00    4.56    5.00
  465.25   23.50   21.60    0.00    1.26    5.50
  465.50   28.20   22.90    0.10    1.47    6.00
  465.75   32.70   21.30    0.00    2.09    4.00
  466.00   26.20   22.40    0.00    0.30    5.00
  466.25   24.80   22.90    0.00    0.49    7.00
  466.50   27.80   23.00    0.00    2.86    9.00
  466.75   24.60   22.40    0.20    5.36    9.00
  467.00   24.70   22.50    0.00    4.12    6.00
  467.25   23.40   21.60    0.00    3.37    8.00
  467.50   24.60   22.40    0.00    0.58   10.00
  467.75   25.80   21.90    0.70    0.49   10.00
  468.00   23.70   21.70    0.00    1.17    9.00
  468.25   22.80   21.10    0.00    3.42    8.00
  468.50   26.50   22.60    0.10    4.14    7.00
  468.75   32.00   23.40    0.00    0.79    5.00
  469.00   25.50   23.00    0.00    0.68    8.00
  469.25   24.90   23.30    0.00    1.68    7.00
  469.50   28.20   23.80    0.30    1.75    6.00
  469.75   24.40   22.60    0.00    5.90   10.00
  470.00   23.70   22.30    0.00    1.24   10.00
  470.25   23.10   21.70    0.00    4.01    9.50
  470.50   27.40   23.60    1.00    3.40    9.00
  470.75   29.00   25.10    0.00    0.21    8.00
  471.00   24.00   22.70    0.00    3.91   10.00
  471.25   23.80   22.60    0.00    3.00    8.00
  471.50   27.80   21.40    1.40    2.53    6.00
  471.75   30.80   23.40    0.80    1.24    7.00
  472.00   25.70   21.40    0.00    1.68    4.00
  472.25   23.30   21.60    0.00    3.19    4.50
  472.50   28.80   20.70    1.10    2.18    5.00
  472.75   31.50   17.70    1.10    1.71    6.00
  473.00   26.40   21.40    0.00    1.66   10.00
  473.25   23.50   21.10    0.00    1.66    8.00
  473.50   28.90   22.60    0.00    2.50    6.00
  473.75   32.20   21.60    0.00    1.73    4.00
  474.00   25.60   21.70    0.40    0.38    3.00
  474.25   22.70   20.20    0.00    1.38    2.00
  474.50   29.80   21.60    0.00    1.38    1.00
  474.75   32.80   21.50    0.00    5.71    6.00
  475.00   26.40   22.20    1.30    0.44    2.00
  475.25   24.40   21.90    0.00    2.44    3.50
  475.50   28.30   22.60    0.00    1.26    5.00
  475.75   29.20   22.30    1.50    0.37    4.00
  476.00   24.30   21.80    0.00    0.75   10.00
  476.25   23.10   20.90    0.00    3.00    9.50
  476.50   27.90   22.90    0.00    4.19    9.00
  476.75   31.80   22.30    0.00    2.64    7.00
  477.00   26.10   22.30    2.70    0.17    6.00
  477.25   23.80   21.50    0.00    3.67    5.50
  477.50   28.50   20.40    0.00    2.46    5.00
  477.75   32.30   23.50    0.00    3.68    4.00
  478.00   25.60   20.90    0.00    0.56    5.00
  478.25   24.70   22.30    0.00    1.27    5.00
  478.50   28.90   22.70    0.00    0.59    5.00
  478.75   23.40   20.10    0.00    4.19   10.00
  479.00   23.80   20.20    0.00    1.64   10.00
  479.25   23.70   20.30    0.00    3.33    6.50
  479.50   27.50   22.90    0.00    2.01    3.00
  479.75   22.60   13.70    0.00    2.91   10.00
  480.00   23.50   14.80    0.00    1.82   10.00
  480.25   24.00   13.20    0.00    2.41    9.50
  480.50   26.80    6.10    0.00    1.22    9.00
  480.75   29.60    0.80    0.00    1.43    9.00
  481.00   24.70    3.50    0.00    3.72   10.00
  481.25   23.60    1.70    0.00    2.15    7.50
  481.50   28.30    0.10    1.30    1.17    5.00
  481.75   31.40    3.50    0.10    1.82    5.00
  482.00   25.50    5.80    0.00    0.49    3.00
  482.25   22.90   22.60    0.00    1.47    5.50
  482.50   28.10   17.30    0.00    1.87    8.00
  482.75   32.40    8.60    0.00    2.30    7.00
  483.00   24.90   23.60    0.00    0.49    0.00
  483.25   23.40   20.40    0.00    1.99    3.00
  483.50   28.50   23.20    0.00    3.56    6.00
  483.75   27.50   24.20    0.50    1.94   10.00
  484.00   24.90   20.90    0.00    1.36    4.00
  484.25   23.30   21.30    0.00    2.04    5.50
  484.50   27.60   21.50    0.40    3.61    7.00
  484.75   29.70   24.30    0.00    0.21    7.00
  485.00   25.40   21.70    0.00    0.65    7.00
  485.25   24.40   22.10    0.00    2.11    7.50
  485.50   28.10   20.70    0.00    2.60    8.00
  485.75   31.90   22.30    0.00    2.83    6.00
  486.00   26.20   21.80    1.30    0.45    3.00
  486.25   24.10   21.20    0.00    2.43    5.50
  486.50   27.30   22.40    0.00    2.23    8.00
  486.75   29.10   21.60    0.00    0.72    9.00
  487.00   23.90   21.40    0.00    3.89    6.00
  487.25   23.00   20.80    0.00    3.42    5.50
  487.50   27.60   21.70    0.10    3.63    5.00
  487.75   27.50   20.30    2.40    2.36    9.00
  488.00   24.80   22.20    0.00    1.24    5.00
  488.25   23.30   20.60    0.00    2.53    7.50
  488.50   25.00   22.00    0.00    0.51   10.00
  488.75   29.20   22.80    0.00    4.17    8.00
  489.00   25.00   22.30    0.00    1.01    3.00
  489.25   22.60   20.40    0.00    1.05    3.00
  489.50   28.90   20.80    0.10    2.02    3.00
  489.75   31.20   20.80    0.00    2.30    7.00
  490.00   26.40   22.80    0.00    0.44    7.00
  490.25   23.60   21.00    0.00    5.93    7.00
  490.50   27.20   21.90    0.20    3.25    7.00
  490.75   31.10   20.60    0.50    1.73    4.00
  491.00   25.50   21.80    0.00    1.05    8.00
  491.25   23.70   21.10    0.00    1.17    6.50
  491.50   29.30   22.50    0.30    1.41    5.00
  491.75   29.80   22.30    0.00    2.43    9.00
  492.00   24.30   20.90    0.00    0.47    3.00
  492.25   22.00   19.90    0.00    3.32    3.00
  492.50   28.50   21.80    0.00    2.53    3.00
  492.75   31.20   21.10    0.00    4.35    5.00
  493.00   25.50   22.30    0.00    0.99    0.00
  493.25   23.50   21.10    0.00    1.36    2.50
  493.50   29.10   21.90    0.00    2.74    5.00
  493.75   27.20   23.20    0.00    5.46    7.00
  494.00   25.10   22.40    0.00    0.45   10.00
  494.25   25.00   22.60    0.00    0.70   10.00
  494.50   27.60   22.70    0.00    3.25   10.00
  494.75   24.40   21.00    0.00    1.05    9.00
  495.00   24.30   21.30    0.00    0.63   10.00
  495.25   23.20   20.20    0.00    4.47   10.00
  495.50   26.50   21.10    0.00    1.82   10.00
  495.75   29.30   19.60    0.00    1.64    6.00
  496.00   24.90   24.10    0.00    0.77    6.00
  496.25   23.60   22.80    0.00    2.97    5.50
  496.50   28.90   25.40    0.30    2.13    5.00
  496.75   31.90   20.30    0.00    1.85    7.00
  497.00   25.50   23.20    0.00    0.72    6.00
  497.25   23.90   21.70    0.00    0.96    5.50
  497.50   28.70   21.80    0.30    2.20    5.00
  497.75   33.00   22.00    0.00    4.80    4.00
  498.00   25.50   21.30    0.00    0.40    3.00
  498.25   23.80   21.30    0.00    2.29    5.50
  498.50   27.70   22.40    0.00    1.82    8.00
  498.75   31.20   20.50    1.40    1.36    8.00
  499.00   25.20   21.60    0.00    0.45    0.00
  499.25   21.70   19.40    0.00    1.08    4.50
  499.50   26.40   22.20    0.00    3.68    9.00
  499.75   30.50   22.20    0.00    4.05    8.00
  500.00   24.20   21.40    0.00    4.64    4.00
  500.25   22.90   20.40    0.00    0.72    4.00
  500.50   28.20   21.70    0.70    1.62    4.00
  500.75   32.50   20.50    0.00    5.93    6.00
  501.00   25.70   21.60    1.60    0.37    0.00
  501.25   23.40   21.20    0.00    0.19    2.50
  501.50   29.00   22.60    0.00    2.51    5.00
  501.75   32.00   21.60    0.20    0.63    3.00
  502.00   24.90   21.20    0.00    1.01    0.00
  502.25   20.60   18.50    0.00    1.13    2.00
  502.50   28.90   22.80    0.00    0.49    4.00
  502.75   32.90   22.40    0.00    5.83    6.00
  503.00   24.40   21.40    0.00    0.99    0.00
  503.25   22.90   20.70    0.00    2.04    2.50
  503.50   28.30   22.30    0.00    1.27    5.00
  503.75   28.80   23.50    0.10    1.06    4.00
  504.00   24.60   21.70    0.00    0.65    0.00
  504.25   24.00   21.70    0.00    1.55    3.50
  504.50   28.80   22.40    0.00    6.27    7.00
  504.75   28.50   20.10    0.00    5.92    6.00
  505.00   24.40   21.30    0.00    0.51    0.00
  505.25   23.30   21.00    0.00    1.80    2.00
  505.50   28.40   22.10    0.00    1.08    4.00
  505.75   31.20   20.40    0.00    1.17    4.00
  506.00   25.20   21.50    0.00    0.49    3.00
  506.25   24.10   21.70    0.00    2.50    4.00
  506.50   28.50   21.90    1.70    1.17    5.00
  506.75   32.00   22.00    0.00    1.59    3.00
  507.00   25.20   21.90    0.00    0.58    0.00
  507.25   23.00   20.70    0.00    1.20    1.50
  507.50   28.70   21.10    0.10    1.94    3.00
  507.75   32.20   20.60    3.20    1.83    3.00
  508.00   23.40   20.10    0.00    0.47    0.00
  508.25   21.50   19.00    0.00    3.51    0.50
  508.50   28.40   19.90    1.20    1.47    1.00
  508.75   30.70   19.20    3.00    1.57    4.00
  509.00   23.60   20.90    0.00    0.86    0.00
  509.25   21.70   20.30    0.00    3.35    2.50
  509.50   27.10   21.20    1.30    1.99    5.00
  509.75   32.60   17.20    1.10    1.85    1.00
  510.00   23.80   21.00    0.60    0.79    0.00
  510.25   20.30   19.30    0.00    2.88    2.00
  510.50   28.30   22.00    0.00    5.93    4.00
  510.75   34.90   18.80    0.00    4.66    2.00
  511.00   25.60   22.50    1.30    0.28    0.00
  511.25   22.20   21.20    0.00    1.85    0.50
  511.50   27.40   22.20    2.50    4.40    1.00
  511.75   32.90   22.60    0.00    4.43    9.00
  512.00   26.10   23.20    2.40    0.52    7.00
  512.25   24.40   22.80    0.00    1.47    7.00
  512.50   27.90   22.10    2.10    4.17    7.00
  512.75   25.10   22.60    2.10    5.48    8.00
  513.00   24.10   22.20    0.00    0.89    3.00
  513.25   23.00   21.20    0.00    4.29    3.50
  513.50   28.90   23.10    0.50    2.91    4.00
  513.75   33.50   20.50    1.40    0.31    5.00
  514.00   24.20   21.10    0.00    0.31   10.00
  514.25   23.30   21.70    0.00    4.54    8.00
  514.50   27.60   23.10    0.00    4.33    6.00
  514.75   23.80   21.80    4.70    1.24   10.00
  515.00   23.80   21.70    0.20    4.10   10.00
  515.25   22.30   20.50    0.00    4.87   10.00
  515.50   24.00   22.10    0.00    2.46   10.00
  515.75   24.80   20.30    0.00    3.49   10.00
  516.00   23.30   20.90    0.00    4.01   10.00
  516.25   22.90   20.70    0.00    0.45    9.00
  516.50   28.00   20.00    0.00    3.23    8.00
  516.75   29.90   25.60    0.00    1.48    7.00
  517.00   26.30   21.60    0.70    0.51    6.00
  517.25   23.90   21.60    0.00    1.33    7.50
  517.50   27.70   22.10    0.00    1.52    9.00
  517.75   29.60   21.60    0.00    1.68    7.00
  518.00   24.60   21.80    0.00    0.66    5.00
  518.25   22.40   20.50    0.00    3.44    6.00
  518.50   27.30   22.90    0.00    4.03    7.00
  518.75   31.90   22.90    0.00    2.95    6.00
  519.00   24.20   21.20    0.00    0.61    0.00
  519.25   22.20   20.20    0.00    3.58    2.50
  519.50   27.30   21.70    0.00    1.24    5.00
  519.75   32.00   21.50    0.30    1.61    3.00
  520.00   23.90   20.90    0.00    0.45    3.00
  520.25   23.00   20.80    0.00    3.33    4.00
  520.50   29.10   22.30    0.00    3.53    5.00
  520.75   31.60   20.50    0.60    1.54    4.00
  521.00   24.00   21.00    0.40    0.68    0.00
  521.25   21.90   19.80    0.00    3.67    2.00
  521.50   28.70   22.90    0.90    1.85    4.00
  521.75   32.20   20.00    0.40    1.54    1.00
  522.00   25.50   21.50    0.00    0.61    9.00
  522.25   24.20   22.00    0.00    1.82    9.00
  522.50   28.00   21.50    0.60    2.04    9.00
  522.75   29.20   19.60    0.60    1.80    6.00
  523.00   22.00   19.20    0.00    0.59    0.00
  523.25   21.80   20.10    0.00    0.98    2.50
  523.50   28.90   21.20    1.80    1.95    5.00
  523.75   31.80   18.90    2.60    1.66    3.00
  524.00   23.00   19.30    0.00    1.52    3.00
  524.25   21.10   19.60    0.00    4.31    4.50
  524.50   27.50   19.70    0.10    2.62    6.00
  524.75   31.50   19.30    2.10    1.73    8.00
  525.00   22.70   20.10    0.00    4.64    2.00
  525.25   21.50   20.00    0.00    3.67    3.00
  525.50   28.30   20.10    1.60    1.68    4.00
  525.75   32.20   18.80    2.80    1.71    3.00
  526.00   21.50   19.30    0.00    1.95    0.00
  526.25   20.70   19.10    0.00    4.22    2.00
  526.50   28.50   21.30    0.00    3.05    4.00
  526.75   34.10   20.30    3.20    1.22    4.00
  527.00   24.30   21.20    0.00    0.72    2.00
  527.25   23.10   21.80    0.00    1.92    4.50
  527.50   27.90   23.60    0.00    4.54    7.00
  527.75   33.60   19.30    3.80    1.27    4.00
  528.00   25.50   22.10    2.70    0.44    0.00
  528.25   22.40   21.40    0.00    1.05    4.00
  528.50   28.00   23.50    1.30    1.33    8.00
  528.75   26.40   22.50    0.00    6.04    9.00
  529.00   23.40   21.40    0.00    1.01   10.00
  529.25   23.80   21.70    0.00    2.65    8.50
  529.50   26.90   22.00    0.00    3.25    7.00
  529.75   32.60   20.40    2.10    1.64    4.00
  530.00   24.50   21.10    0.00    0.49    0.00
  530.25   21.80   20.40    0.00    0.93    2.50
  530.50   28.20   21.20    0.00    1.71    5.00
  530.75   33.00   18.30    3.10    1.43    2.00
  531.00   24.40   21.30    0.00    0.63    0.00
  531.25   22.70   21.10    0.00    3.32    2.00
  531.50   28.70   21.30    0.00    2.01    4.00
  531.75   30.10   20.00    3.20    2.50    9.00
  532.00   22.70   20.90    0.00    0.98    0.00
  532.25   21.90   20.50    0.00    2.04    1.50
  532.50   28.70   21.40    0.00    3.02    3.00
  532.75   33.80   18.00    0.00    1.71    1.00
  533.00   24.90   20.40    0.80    0.61    3.00
  533.25   21.60   20.00    0.00    3.35    3.00
  533.50   27.30   21.40    0.00    2.83    3.00
  533.75   30.00   21.50    0.00    3.21    9.00
  534.00   22.90   21.60    0.00    0.56    0.00
  534.25   20.70   19.70    0.00    1.64    2.00
  534.50   27.60   21.10    0.00    4.36    4.00
  534.75   31.40   19.70    0.60    2.34    5.00
  535.00   24.90   21.00    0.00    0.33    3.00
  535.25   21.30   19.80    0.00    2.65    3.00
  535.50   28.90   22.00    0.10    2.39    3.00
  535.75   32.20   19.90    0.00    1.64    5.00
  536.00   25.10   21.20    0.00    0.49    0.00
  536.25   22.10   20.70    0.00    3.25    3.00
  536.50   29.50   22.00    0.10    1.45    6.00
  536.75   34.20   19.90    0.50    0.82    7.00
  537.00   26.50   22.00    0.00    0.54    8.00
  537.25   22.00   20.20    0.00    2.71    9.00
  537.50   27.10   22.60    0.00    4.75   10.00
  537.75   34.40   19.00    0.00    1.61    5.00
  538.00   25.20   21.40    0.00    0.56    0.00
  538.25   22.20   20.10    0.00    3.32    1.50
  538.50   29.60   22.50    0.00    2.64    3.00
  538.75   34.70   18.40    0.00    1.55    6.00
  539.00   25.50   21.80    0.00    0.72    0.00
  539.25   23.70   21.50    0.00    4.03    0.50
  539.50   29.00   19.00    0.10    2.57    1.00
  539.75   34.50   16.80    1.40    3.07    1.00
  540.00   24.80   19.40    0.00    0.38    0.00
  540.25   21.30   20.00    0.00    1.97    1.00
  540.50   28.70   19.10    3.10    2.51    2.00
  540.75   33.70   18.80    4.30    1.55    5.00
  541.00   25.50   20.70    0.30    0.49    2.00
  541.25   24.70   21.50    0.00    1.61    5.00
  541.50   28.20   22.00    0.80    2.78    8.00
  541.75   29.60   22.00    0.00    4.90    9.00
  542.00   25.20   22.30    0.00    0.59    5.00
  542.25   23.80   22.10    0.00    4.92    6.50
  542.50   27.90   21.00    0.00    3.42    8.00
  542.75   33.70   18.00    0.10    2.67    8.00
  543.00   27.90   20.90    0.00    0.31   10.00
  543.25   24.50   22.10    0.00    1.61    6.50
  543.50   30.20   18.60    0.30    2.36    3.00
  543.75   35.00   14.90    4.30    1.50    3.00
  544.00   26.40   19.90    0.00    0.58    7.00
  544.25   24.20   20.10    0.00    2.34    6.50
  544.50   28.70   20.40    0.10    3.25    6.00
  544.75   32.70   17.50    2.50    1.17    9.00
  545.00   26.20   20.20    0.00    0.94    6.00
  545.25   22.00   20.50    0.00    4.61    7.50
  545.50   28.20   19.10    1.10    3.12    9.00
  545.75   32.90   18.70    1.50    1.55   10.00
  546.00   24.60   19.20    0.00    1.10    0.00
  546.25   22.20   19.90    0.00    1.38    3.00
  546.50   29.70   21.80    0.00    1.82    6.00
  546.75   31.40   20.00    2.80    1.48    9.00
  547.00   25.50   21.10    0.00    1.03    3.00
  547.25   22.90   21.00    0.00    1.22    4.00
  547.50   28.50   21.30    0.00    1.38    5.00
  547.75   32.60   19.50    1.30    1.83    5.00
  548.00   23.80   22.00    0.00    0.49    0.00
  548.25   22.80   21.60    0.00    1.87    4.50
  548.50   27.10   22.90    0.00    3.35    9.00
  548.75   26.70   22.50    0.00    5.20    9.50
  549.00   23.10   21.10    0.00    0.44   10.00
  549.25   23.00   21.80    0.00    3.46    8.50
  549.50   29.30   21.30    0.00    2.79    7.00
  549.75   35.80   19.30    0.40    1.27    6.00
  550.00   24.40   20.80    0.00    2.06    5.00
  550.25   23.50   21.80    0.00    1.36    7.00
  550.50   26.00   20.60    0.00    2.72    9.00
  550.75   32.60   17.80    0.00    2.57    6.00
  551.00   23.90   18.30    0.00    1.94    3.00
  551.25   22.50   17.20    0.00    2.97    2.00
  551.50   28.30   17.20    4.00    2.69    1.00
  551.75   32.30   16.80    4.00    1.99    0.50
  552.00   25.00   17.00    0.00    3.67    0.00
  552.25   24.80   17.50    2.30    2.64    2.50
  552.50   28.30   18.10    3.30    2.32    5.00
  552.75   31.90   17.70    3.10    2.46    7.50
  553.00   27.20   18.80    0.00    1.88   10.00
  553.25   24.60   19.90    0.00    0.42    9.00
  553.50   28.60   20.20    2.30    2.13    8.00
  553.75   30.20   19.00    2.10    1.69    8.00
  554.00   25.40   20.30    1.30    0.98    8.00
  554.25   20.20   17.90    0.50    2.71    4.50
  554.50   29.60   18.40    2.80    2.25    1.00
  554.75   33.70   17.90    1.60    2.48    1.00
  555.00   25.70   21.50    2.60    0.96    1.00
  555.25   22.80   20.50    0.00    5.72    1.00
  555.50   28.30   18.40    3.90    3.53    1.00
  555.75   34.50   16.40    2.90    3.16    4.00
  556.00   27.00   20.00    1.70    1.01    7.00
  556.25   25.70   16.40    2.80    2.97    5.50
  556.50   28.40   18.50    3.40    3.05    4.00
  556.75   34.90   15.90    2.80    1.78    6.50
  557.00   27.30   18.10    0.00    1.10    9.00
  557.25   22.50   20.30    0.30    1.88    8.50
  557.50   29.00   19.30    2.80    2.15    8.00
  557.75   34.10   18.40    2.60    1.10    8.50
  558.00   27.60   18.80    0.00    1.38    9.00
  558.25   23.50   21.30    0.00    1.45    6.50
  558.50   29.80   19.90    1.60    2.34    4.00
  558.75   31.70   19.20    2.00    1.75    2.50
  559.00   26.10   18.70    0.00    2.57    1.00
  559.25   20.60   17.80    0.00    3.75    3.00
  559.50   27.90   19.00    3.00    2.08    5.00
  559.75   33.10   17.70    2.20    2.46    6.50
  560.00   27.10   17.40    0.80    1.94    8.00
  560.25   20.40   17.40    0.00    4.05    5.00
  560.50   28.30   16.70    3.80    2.62    2.00
  560.75   34.60   11.50    1.60    2.01    1.00
  561.00   24.60   11.70    0.40    1.01    0.00
  561.25   21.80   17.10    1.00    3.79    2.50
  561.50   28.30   17.40    3.60    2.46    5.00
  561.75   34.80   15.90    1.90    3.35    3.00
  562.00   26.70   19.40    1.40    0.38    1.00
  562.25   20.20   18.50    1.20    4.14    4.50
  562.50   27.90   14.50    3.50    3.00    8.00
  562.75   33.90   14.30    1.60    4.47    6.00
  563.00   27.90   17.70    0.60    0.58    4.00
  563.25   21.70   18.50    0.00    3.00    3.50
  563.50   28.80   15.70    3.30    3.02    3.00
  563.75   35.20   13.40    1.40    1.62    4.00
  564.00   27.00   19.60    0.10    1.05    5.00
  564.25   22.20   19.60    0.40    2.55    6.50
  564.50   27.70   16.80    3.10    2.29    8.00
  564.75   34.30   15.50    1.10    2.20    7.00
  565.00   26.70   20.10    0.80    1.17    6.00
  565.25   22.70   20.10    0.20    4.14    7.00
  565.50   27.60   15.90    2.30    2.09    8.00
  565.75   32.60   13.90    1.70    1.15    4.00
  566.00   24.80   19.00    2.30    0.94    0.00
  566.25   21.10   18.90    0.00    0.99    4.00
  566.50   28.90   21.80    1.30    1.69    8.00
  566.75   33.50   17.80    1.60    2.93    6.50
  567.00   26.70   20.00    2.90    0.99    5.00
  567.25   22.30   20.10    0.00    1.64    7.00
  567.50   28.00   22.10    0.00    2.34    9.00
  567.75   33.70   19.90    1.20    0.40    8.00
  568.00   26.10   22.00    2.00    0.96    7.00
  568.25   24.70   21.60    2.30    1.41    8.00
  568.50   25.70   22.50    0.30    0.70    9.00
  568.75   30.40   19.40    1.80    2.02    9.50
  569.00   23.00   21.80    0.60    0.98   10.00
  569.25   23.00   21.90    0.00    4.00    8.50
  569.50   27.50   21.20    2.80    1.82    7.00
  569.75   33.50   16.50    3.90    1.80    3.50
  570.00   25.30   19.90    1.90    0.61    0.00
  570.25   21.80   20.40    0.00    2.13    3.00
  570.50   27.20   21.40    3.60    1.66    6.00
  570.75   33.20   15.90    4.10    1.34    3.00
  571.00   25.50   19.80    1.70    1.03    0.00
  571.25   22.60   19.60    0.50    3.46    4.00
  571.50   26.60   20.00    2.50    2.01    8.00
  571.75   32.90   16.10    2.60    2.37    4.00
  572.00   26.60   16.00    1.50    2.58    0.00
  572.25   20.30   18.70    0.00    0.98    0.50
  572.50   29.10   18.60    2.20    2.60    1.00
  572.75   34.50   15.10    2.50    2.74    1.00
  573.00   27.20   16.90    1.20    2.55    1.00
  573.25   21.80   18.00    0.90    3.68    0.50
  573.50   29.10   15.40    4.10    2.90    0.00
  573.75   32.60   14.90    3.00    2.13    1.50
  574.00   28.00   16.20    0.80    1.94    3.00
  574.25   20.60   18.80    0.00    2.65    1.50
  574.50   29.50   16.40    1.30    2.79    0.00
  574.75   34.70   11.40    2.80    1.10    0.00
  575.00   26.10   19.10    1.10    0.54    0.00
  575.25   20.10   17.40    0.00    2.55    4.00
  575.50   29.20   18.80    1.90    2.91    8.00
  575.75   31.90   16.70    1.80    3.19    6.00
  576.00   29.30   17.60    2.80    1.57    4.00
  576.25   24.50   18.80    3.40    2.11    3.00
  576.50   29.20   18.10    3.40    2.18    2.00
  576.75   32.50   13.60    1.90    1.71    2.00
  577.00   27.20   20.40    2.50    0.82    2.00
  577.25   22.90   19.30    1.50    1.64    1.00
  577.50   29.00   14.00    2.90    2.32    0.00
  577.75   34.80   13.90    2.80    2.08    0.00
  578.00   26.10   18.50    2.10    0.10    0.00
  578.25   21.10   17.30    0.40    1.03    2.00
  578.50   29.80   19.60    3.50    2.55    4.00
  578.75   33.10   16.40    4.80    1.76    3.00
  579.00   26.40   19.40    2.50    0.38    1.00
  579.25   21.10   18.50    0.00    1.69    3.50
  579.50   29.70   20.50    2.40    2.88    6.00
  579.75   32.80   16.50    3.70    1.82    8.00
  580.00   27.70   20.20    3.40    0.47    1.00
  580.25   24.70   20.40    0.00    4.49    2.50
  580.50   30.30   19.10    3.70    1.78    4.00
  580.75   34.10   15.80    4.70    1.71    3.00
  581.00   27.00   19.90    2.80    0.51    0.00
  581.25   21.90   19.10    0.10    0.56    2.50
  581.50   29.80   20.60    3.90    1.55    5.00
  581.75   33.20   13.70    3.10    1.99    5.00
  582.00   26.90   18.90    2.80    0.37    0.00
  582.25   21.10   18.50    0.30    1.61    0.50
  582.50   29.10   19.30    3.20    1.48    1.00
  582.75   33.90   14.60    1.90    1.43    5.00
  583.00   25.60   19.90    3.00    0.42    0.00
  583.25   23.10   20.80    0.50    1.12    4.50
  583.50   28.70   20.70    1.00    1.05    9.00
  583.75   33.40   17.50    0.70    1.52    3.00
  584.00   25.60   20.40    3.80    0.45    3.00
  584.25   24.10   21.50    0.60    1.45    4.50
  584.50   30.40   21.00    3.50    1.13    6.00
  584.75   35.50   15.10    2.40    1.45    3.00
  585.00   25.40   19.00    3.10    0.47    0.00
  585.25   23.60   19.50    0.30    2.48    3.00
  585.50   29.90   19.90    3.10    2.50    6.00
  585.75   33.00   13.90    2.50    2.41    5.00
  586.00   26.10   20.00    3.30    0.49    1.00
  586.25   22.10   19.30    0.00    2.25    2.00
  586.50   30.10   18.80    3.10    1.71    3.00
  586.75   35.30   14.30    2.90    1.20    3.00
  587.00   26.30   17.30    3.60    0.40    0.00
  587.25   20.40   16.70    0.00    2.60    0.50
  587.50   29.80   18.80    2.00    2.23    1.00
  587.75   35.10   15.60    1.90    1.17    7.00
  588.00   26.90   18.60    3.40    0.37    4.00
  588.25   23.10   19.30    0.00    1.27    2.50
  588.50   28.80   19.20    2.50    1.50    1.00
  588.75   36.30   17.60    0.50    4.64    3.00
  589.00   26.10   18.00    3.30    0.31    2.00
  589.25   21.90   18.80    0.00    3.61    4.50
  589.50   28.30   18.30    3.90    1.45    7.00
  589.75   34.40   13.60    3.10    1.62    4.00
  590.00   26.00   18.60    3.00    0.52    0.00
  590.25   20.50   17.50    0.00    2.01    1.50
  590.50   29.40   17.90    3.90    1.64    3.00
  590.75   34.50   12.60    3.40    1.71    1.00
  591.00   26.30   18.30    3.30    0.37    0.00
  591.25   21.10   18.10    0.40    0.93    0.50
  591.50   29.60   19.60    2.20    2.76    1.00
  591.75   36.00   14.30    2.30    6.27    5.00
  592.00   27.00   17.30    3.60    0.45    0.00
  592.25   23.50   20.50    0.60    0.14    3.50
  592.50   28.50   21.00    1.50    2.91    7.00
  592.75   37.30   18.80    0.80    5.62    3.00
  593.00   26.50   19.40    3.60    0.45    0.00
  593.25   22.90   20.50    0.00    1.94    4.00
  593.50   28.20   20.30    2.70    1.66    8.00
  593.75   35.90   15.40    2.00    2.20    6.00
  594.00   25.90   19.70    2.90    0.42    2.00
  594.25   21.90   19.60    0.00    2.55    3.00
  594.50   29.30   20.50    1.60    1.57    4.00
  594.75   35.60   15.30    3.60    1.59    3.00
  595.00   26.00   17.90    3.10    0.44    0.00
  595.25   20.50   15.90    0.80    1.83    0.50
  595.50   29.90   19.30    3.20    1.50    1.00
  595.75   36.00   13.60    2.10    2.06    1.00
  596.00   26.80   19.30    3.10    0.44    0.00
  596.25   21.80   19.70    0.10    1.20    4.50
  596.50   27.90   20.50    2.10    2.57    9.00
  596.75   33.90   15.50    1.90    1.82    5.00
  597.00   26.50   20.30    3.10    0.42    0.00
  597.25   23.40   20.60    0.90    2.72    3.50
  597.50   29.00   20.40    2.50    1.94    7.00
  597.75   35.90   17.00    2.80    0.96    4.00
  598.00   26.10   20.10    2.90    0.44    0.00
  598.25   24.80   20.20    0.40    2.88    1.50
  598.50   29.30   17.60    3.90    1.80    3.00
  598.75   35.10   15.20    3.20    1.52    4.00
  599.00   26.20   20.10    3.10    0.40    0.00
  599.25   22.20   19.90    1.00    3.37    1.00
  599.50   29.00   18.90    2.40    1.71    2.00
  599.75   36.30   16.20    1.40    3.16    5.00
  600.00   26.60   18.80    3.60    0.40    0.00
  600.25   23.90   21.20    0.80    0.17    0.50
  600.50   30.00   21.10    2.00    1.22    1.00
  600.75   37.00   14.50    3.60    3.33    3.00
  601.00   27.10   20.20    2.80    0.42    0.00
  601.25   21.90   18.70    0.00    1.13    2.50
  601.50   30.40   19.60    2.50    2.29    5.00
  601.75   36.70   11.30    3.40    1.71    4.00
  602.00   26.70   18.90    1.60    0.40    0.00
  602.25   23.80   20.30    0.00    2.83    2.00
  602.50   30.20   17.80    3.60    2.09    4.00
  602.75   34.60   13.70    3.10    2.13    5.00
  603.00   26.90   17.60    3.00    0.56    0.00
  603.25   22.20   19.30    0.00    4.42    2.50
  603.50   28.80   19.30    2.30    2.48    5.00
  603.75   33.40   11.80    3.00    1.66    6.00
  604.00   28.30   19.40    2.60    0.44    8.00
  604.25   25.70   19.70    0.60    1.33    9.00
  604.50   22.60   20.50    3.10    2.01   10.00
  604.75   33.40   18.80    1.00    2.58    6.00
  605.00   26.20   20.60    3.40    1.01    1.00
  605.25   22.80   20.20    0.00    2.04    3.50
  605.50   30.60   19.60    4.90    1.48    6.00
  605.75   34.20   15.80    2.60    2.43    7.00
  606.00   27.40   16.70    3.00    1.01    0.00
  606.25   22.60   18.50    0.10    1.29    2.00
  606.50   29.80   19.40    3.60    1.83    4.00
  606.75   35.90   14.10    2.70    2.29    1.00
  607.00   26.70   19.10    2.80    0.44    0.00
  607.25   22.10   18.90    0.00    0.98    2.00
  607.50   29.70   18.50    4.90    1.54    4.00
  607.75   36.50   15.80    1.20    4.33    5.00
  608.00   26.80   18.00    3.00    0.45    0.00
  608.25   22.00   19.60    0.00    1.24    4.50
  608.50   28.40   19.40    2.10    1.61    9.00
  608.75   34.70   14.90    2.60    1.45    7.00
  609.00   27.00   18.60    2.80    0.66    0.00
  609.25   23.00   20.00    0.60    1.55    4.00
  609.50   29.00   19.80    2.10    2.72    8.00
  609.75   36.00   17.20    0.70    1.48    7.00
  610.00   26.70   18.80    2.60    0.42    0.00
  610.25   23.80   20.20    0.40    0.24    0.50
  610.50   30.10   18.30    4.10    2.09    1.00
  610.75   33.90   12.60    3.30    1.47    1.00
  611.00   26.80   17.80    3.00    0.52    0.00
  611.25   22.70   19.40    0.00    2.55    0.50
  611.50   30.30   18.50    1.90    2.41    1.00
  611.75   36.00   17.00    2.20    2.69    4.00
  612.00   27.30   17.60    2.60    0.42    0.00
  612.25   23.10   17.50    0.50    2.44    0.50
  612.50   30.70   18.60    2.80    2.18    1.00
  612.75   33.20   11.20    2.30    2.64    3.00
  613.00   26.20   19.30    2.80    0.33    0.00
  613.25   21.10   18.30    0.00    2.53    2.50
  613.50   29.10   18.40    3.30    2.88    5.00
  613.75   35.40    7.90    3.30    2.98    1.00
  614.00   26.00   18.00    2.20    0.54    1.00
  614.25   22.20   18.50    0.00    5.43    1.00
  614.50   30.10   14.50    5.00    1.88    1.00
  614.75   35.40   10.00    2.20    2.44    1.00
  615.00   25.80   19.70    0.20    0.52    0.00
  615.25   21.70   18.90    0.00    1.52    3.50
  615.50   29.20   19.10    5.40    1.45    7.00
  615.75   32.40   18.20    4.90    1.36    9.00
  616.00   27.00   20.00    1.80    0.30    0.00
  616.25   22.30   19.20    0.00    0.73    4.00
  616.50   29.40   20.80    2.90    2.62    8.00
  616.75   35.70   16.40    3.40    1.78    3.00
  617.00   27.00   20.00    2.90    0.51    0.00
  617.25   24.60   20.70    0.00    3.09    3.50
  617.50   29.30   18.50    4.10    2.23    7.00
  617.75   35.50   14.80    1.70    2.48    7.00
  618.00   26.30   20.30    2.50    0.45    0.00
  618.25   25.50   19.40    3.70    1.08    2.50
  618.50   30.80   17.60    4.80    1.69    5.00
  618.75   34.80   12.00    3.70    1.61    1.00
  619.00   27.60   17.10    3.40    0.42    0.00
  619.25   23.50   17.90    0.10    2.88    3.00
  619.50   32.00   18.90    5.60    1.90    6.00
  619.75   35.10   15.60    3.90    1.78    7.00
  620.00   27.30   20.20    3.00    0.30    0.00
  620.25   24.10   20.30    0.30    2.18    0.50
  620.50   30.80   14.50    5.40    1.73    1.00
  620.75   35.60   12.40    4.20    1.52    1.00
  621.00   27.80   17.40    3.40    0.47    0.00
  621.25   23.40   20.00    1.10    2.65    2.00
  621.50   30.70   17.60    5.10    1.95    4.00
  621.75   33.30   12.50    3.70    1.64    6.00
  622.00   26.80   19.10    3.80    0.44    0.00
  622.25   23.20   20.40    0.50    0.96    1.50
  622.50   31.20   18.30    4.50    1.57    3.00
  622.75   33.20   14.20    2.40    2.06    5.00
  623.00   26.80   20.00    3.10    0.47    0.00
  623.25   23.90   20.20    0.10    1.71    2.50
  623.50   30.40   18.80    3.00    2.29    5.00
  623.75   36.40   13.80    3.10    2.84    6.00
  624.00   26.90   19.80    3.10    0.45    0.00
  624.25   23.90   20.10    1.10    1.87    0.50
  624.50   30.50   16.70    4.10    2.64    1.00
  624.75   34.00   12.00    3.40    2.69    1.00
  625.00   27.40   18.50    3.20    0.40    0.00
  625.25   24.60   19.10    1.40    1.88    0.50
  625.50   30.90   15.20    5.90    1.75    1.00
  625.75   35.00   14.50    3.10    1.71    3.00
  626.00   27.00   18.40    3.00    0.35    0.00
  626.25   23.00   18.00    0.00    0.37    0.50
  626.50   29.80   17.30    3.60    1.34    1.00
  626.75   35.10   13.10    4.00    1.01    3.00
  627.00   27.30   18.10    3.30    0.47    0.00
  627.25   23.20   20.30    0.10    1.45    2.00
  627.50   30.80   18.90    3.40    2.20    4.00
  627.75   36.40   14.70    2.90    2.76    4.00
  628.00   26.50   20.00    4.10    0.51    0.00
  628.25   23.40   19.70    0.20    1.26    1.00
  628.50   29.90   17.20    3.70    2.64    2.00
  628.75   35.60   14.30    3.20    2.78    3.00
  629.00   27.00   19.10    4.50    0.38    1.00
  629.25   25.10   19.10    2.00    1.59    2.00
  629.50   31.60   18.40    2.00    2.60    3.00
  629.75   34.20   14.80    2.40    1.88    5.00
  630.00   26.70   19.70    4.40    0.52    1.00
  630.25   24.30   19.70    1.80    1.61    1.00
  630.50   30.80   17.40    1.90    2.16    1.00
  630.75   35.40   13.40    2.40    0.77    2.00
  631.00   26.80   19.10    3.50    0.49    0.00
  631.25   23.20   19.60    0.00    0.72    1.50
  631.50   30.30   18.20    3.80    1.88    3.00
  631.75   34.50   13.20    5.30    1.24    6.00
  632.00   26.50   19.10    4.50    0.45    0.00
  632.25   23.70   20.70    0.80    0.68    4.50
  632.50   29.20   18.70    2.70    1.83    9.00
  632.75   34.90   15.00    1.90    1.95    6.00
  633.00   27.20   20.00    1.90    0.49    0.00
  633.25   23.50   20.60    0.00    0.93    4.00
  633.50   30.30   19.60    2.50    1.19    8.00
  633.75   34.70   15.20    2.10    3.33    4.00
  634.00   26.00   19.20    4.20    0.28    1.00
  634.25   22.60   19.80    0.00    2.08    1.00
  634.50   30.30   17.40    4.30    2.01    1.00
  634.75   34.00   12.80    3.00    2.53    4.00
  635.00   26.10   20.30    4.80    0.52    0.00
  635.25   23.30   19.90    0.20    1.73    1.00
  635.50   30.20   16.60    4.30    2.13    2.00
  635.75   35.60   15.90    1.50    0.98    5.00
  636.00   26.70   18.70    3.00    0.44    0.00
  636.25   23.50   19.30    0.10    1.54    1.50
  636.50   30.80   18.10    3.80    1.83    3.00
  636.75   35.00   15.30    4.40    1.48    5.00
  637.00   27.60   20.30    4.70    0.45    9.00
  637.25   24.90   20.20    0.00    0.80    8.50
  637.50   30.40   19.40    5.50    1.52    8.00
  637.75   34.80   15.30    4.70    1.05    8.00
  638.00   26.80   19.00    1.80    0.65    0.00
  638.25   23.80   19.30    1.20    0.68    2.00
  638.50   29.80   18.60    4.80    1.59    4.00
  638.75   34.50   14.00    3.40    1.71    3.00
  639.00   26.70   18.50    3.00    0.44    0.00
  639.25   24.30   19.30    1.80    1.17    0.50
  639.50   29.40   16.40    2.10    1.83    1.00
  639.75   35.50   11.50    4.30    1.64    1.00
  640.00   26.10   17.30    3.70    0.49    0.00
  640.25   21.00   17.80    0.00    1.92    1.50
  640.50   30.30   18.30    2.40    1.64    3.00
  640.75   35.80   13.50    2.40    1.99    1.00
  641.00   26.00   19.40    4.10    0.44    0.00
  641.25   22.80   19.30    0.00    1.40    2.50
  641.50   29.40   17.90    5.40    1.64    5.00
  641.75   36.40   14.30    5.20    1.22    1.00
  642.00   26.40   19.80    3.80    0.54    0.00
  642.25   25.20   20.90    1.80    0.91    1.50
  642.50   30.70   18.80    3.70    1.54    3.00
  642.75   36.10   16.40    3.80    1.83    3.00
  643.00   27.40   19.20    3.10    0.51    0.00
  643.25   23.50   19.90    0.00    2.84    1.00
  643.50   30.50   18.40    5.70    1.48    2.00
  643.75   36.50   15.00    5.60    1.24    5.00
  644.00   27.00   20.70    4.10    0.47    0.00
  644.25   23.60   19.90    0.00    1.48    1.50
  644.50   30.90   17.80    4.50    1.64    3.00
  644.75   37.40   14.20    4.50    1.48    1.00
  645.00   27.00   20.10    3.40    0.44    0.00
  645.25   25.80   18.80    3.80    1.15    0.50
  645.50   31.00   15.40    6.30    1.55    1.00
  645.75   34.90   11.10    5.80    1.55    2.00
  646.00   26.70   18.70    3.70    0.45    0.00
  646.25   24.60   19.90    1.20    1.29    2.00
  646.50   31.10   18.90    2.50    2.34    4.00
  646.75   34.90   14.70    1.50    3.02    7.00
  647.00   27.10   17.90    2.90    0.45    2.00
  647.25   24.00   20.10    0.60    0.63    3.00
  647.50   31.00   18.20    2.60    1.43    4.00
  647.75   36.30   16.40    2.10    4.87    8.00
  648.00   26.10   20.40    4.20    0.21    1.00
  648.25   24.20   20.90    0.00    4.69    5.00
  648.50   29.50   19.80    3.90    1.90    9.00
  648.75   35.40   16.20    3.00    1.61    7.00
  649.00   26.50   20.40    2.80    5.97    0.00
  649.25   25.60   21.00    0.30    6.28    3.00
  649.50   31.40   19.70    2.90    1.34    6.00
  649.75   35.50   16.70    2.10    1.57    3.00
  650.00   26.00   19.50    5.10    0.49    0.00
  650.25   24.90   20.70    0.50    6.28    4.50
  650.50   29.50   19.90    4.10    1.71    9.00
  650.75   34.40   19.20    4.50    1.19    5.00
  651.00   25.90   20.80    3.70    1.03    0.00
  651.25   25.30   21.10    0.00    1.01    4.50
  651.50   28.40   20.20    4.50    1.75    9.00
  651.75   35.50   16.30    3.40    1.34    5.00
  652.00   26.30   20.00    4.90    0.47    0.00
  652.25   22.50   19.00    0.00    1.68    1.50
  652.50   30.80   19.00    1.20    1.76    3.00
  652.75   37.00   14.90    3.70    1.52    3.00
  653.00   26.50   20.50    4.30    0.42    0.00
  653.25   23.20   19.50    0.00    1.76    2.00
  653.50   30.80   19.10    3.80    1.68    4.00
  653.75   37.00   14.50    5.40    1.54    1.00
  654.00   26.20   20.80    4.60    1.01    0.00
  654.25   26.10   20.80    0.30    0.94    4.50
  654.50   27.40   22.10    5.00    1.66    9.00
  654.75   35.70   19.30    3.80    0.89    5.00
  655.00   26.10   21.10    4.40    0.49    0.00
  655.25   24.40   21.00    0.00    0.47    5.00
  655.50   28.60   20.20    4.10    1.45   10.00
  655.75   35.40   17.60    2.90    2.02    7.00
  656.00   26.40   21.50    3.60    1.03    0.00
  656.25   24.50   20.70    0.00    1.80    4.00
  656.50   29.70   20.50    3.00    1.92    8.00
  656.75   35.70   16.20    3.30    1.48    6.00
  657.00   26.30   20.80    4.30    1.01    0.00
  657.25   23.60   20.20    0.70    1.47    3.00
  657.50   30.00   19.20    3.30    1.71    6.00
  657.75   35.60   15.30    4.80    1.19    7.00
  658.00   26.80   20.10    3.60    1.01    0.00
  658.25   23.60   20.10    0.30    0.98    2.00
  658.50   30.90   17.10    5.20    1.57    4.00
  658.75   35.60   14.60    3.40    1.43    4.00
  659.00   26.70   19.90    3.50    0.79    0.00
  659.25   24.20   19.30    0.00    1.06    4.00
  659.50   30.30   19.30    5.80    1.43    8.00
  659.75   35.10   16.80    4.80    1.48    6.00
  660.00   27.20   17.90    4.80    0.99    0.00
  660.25   24.00   19.80    1.20    0.37    3.00
  660.50   31.20   18.20    6.20    1.64    6.00
  660.75   36.50   15.60    6.10    1.27    4.00
  661.00   27.20   20.40    2.70    0.52    0.00
  661.25   25.10   20.00    0.00    1.31    3.00
  661.50   31.00   17.10    7.20    1.55    6.00
  661.75   35.70   14.10    4.60    1.43    3.00
  662.00   27.50   17.00    2.90    0.54    0.00
  662.25   22.20   18.20    0.00    0.99    2.00
  662.50   30.80   17.80    3.80    1.75    4.00
  662.75   36.50   14.00    3.80    1.36    1.00
  663.00   27.80   17.80    3.30    0.91    0.00
  663.25   23.60   19.80    0.00    1.19    4.50
  663.50   30.70   20.00    3.50    2.11    9.00
  663.75   37.00   16.30    4.80    1.36    5.00
  664.00   27.50   21.90    3.80    1.01    0.00
  664.25   26.40   21.60    1.70    0.99    0.50
  664.50   31.90   17.50    5.80    1.52    1.00
  664.75   37.00   13.40    4.40    1.83    1.00
  665.00   27.40   19.80    4.50    0.47    0.00
  665.25   24.60   20.90    0.80    0.66    4.00
  665.50   32.10   19.40    4.80    1.24    8.00
  665.75   37.50   17.40    4.50    1.12    8.00
  666.00   27.50   20.00    4.20    1.01    0.00
  666.25   26.10   21.20    0.90    0.98    2.50
  666.50   31.50   19.70    3.50    1.64    5.00
  666.75   36.50   15.70    4.70    1.73    3.00
  667.00   27.30   19.20    4.30    1.01    0.00
  667.25   24.50   20.60    0.70    1.83    1.50
  667.50   30.70   18.70    4.70    1.54    3.00
  667.75   37.10   16.70    3.80    1.33    6.00
  668.00   27.30   19.00    4.40    0.49    0.00
  668.25   24.60   20.30    0.40    6.23    3.50
  668.50   31.30   20.50    4.70    1.47    7.00
  668.75   37.60   16.40    3.40    1.31    4.00
  669.00   27.20   20.10    4.30    0.45    0.00
  669.25   24.70   21.80    1.20    0.07    4.50
  669.50   30.00   20.80    2.20    1.85    9.00
  669.75   36.40   19.70    4.50    0.63    8.00
  670.00   26.40   20.80    4.30    0.52   10.00
  670.25   23.70   21.30    0.40    0.94    9.50
  670.50   30.20   21.20    1.80    0.99    9.00
  670.75   35.20   18.00    2.70    0.58    5.00
  671.00   26.90   19.80    4.60    1.01    0.00
  671.25   23.40   20.80    0.00    6.20    4.00
  671.50   29.60   20.40    3.20    1.45    8.00
  671.75   36.40   17.50    2.20    0.84    5.00
  672.00   26.60   20.30    4.90    1.01    0.00
  672.25   23.20   20.60    0.00    4.29    2.50
  672.50   30.50   19.90    4.70    1.52    5.00
  672.75   35.70   15.50    3.80    1.78    4.00
  673.00   26.80   19.90    4.60    1.03    0.00
  673.25   23.70   20.30    0.00    6.14    4.00
  673.50   30.10   19.70    4.00    1.33    8.00
  673.75   36.00   15.80    5.30    1.29    6.00
  674.00   27.30   19.80    3.90    0.56    0.00
  674.25   23.10   20.10    0.00    0.80    3.50
  674.50   30.80   19.60    6.30    1.33    7.00
  674.75   35.80   14.30    4.10    1.61    4.00
  675.00   27.20   18.00    3.90    1.03    0.00
  675.25   22.90   18.50    0.90    1.03    2.50
  675.50   31.00   17.90    3.70    1.87    5.00
  675.75   36.60   14.60    4.00    1.31    8.00
  676.00   27.10   18.10    3.90    1.01    7.00
  676.25   23.60   20.40    0.10    1.05    5.00
  676.50   31.20   18.80    3.50    1.45    3.00
  676.75   37.00   16.80    2.80    1.20    1.00
  677.00   26.10   20.20    4.00    1.01    0.00
  677.25   24.10   20.70    1.60    1.01    4.50
  677.50   29.50   19.50    4.60    1.52    9.00
  677.75   34.40   18.80    2.30    1.13    8.00
  678.00   26.40   21.40    3.80    1.03    0.00
  678.25   25.00   21.20    1.70    1.03    4.50
  678.50   28.20   19.80    2.70    1.15    9.00
  678.75   32.90   19.00    0.60    5.60   10.00
  679.00   26.40   19.30    2.90    1.06    4.00
  679.25   22.90   19.60    0.00    0.99    6.50
  679.50   28.20   19.40    3.60    1.38    9.00
  679.75   32.90   18.10    4.30    1.20    8.00
  680.00   25.90   18.70    3.50    1.01    0.00
  680.25   22.00   19.30    0.20    2.04    4.50
  680.50   27.70   19.90    2.20    0.91    9.00
  680.75   34.00   16.30    5.10    1.36    5.00
  681.00   25.80   18.70    4.10    0.40    0.00
  681.25   21.20   18.40    0.00    1.80    3.50
  681.50   28.70   18.20    4.10    1.54    7.00
  681.75   36.00   13.70    2.00    1.47    3.00
  682.00   26.30   18.90    4.20    0.52    0.00
  682.25   22.20   18.70    0.80    1.31    1.50
  682.50   30.30   19.80    3.60    1.24    3.00
  682.75   35.80   15.30    3.40    1.34    3.00
  683.00   26.30   20.00    3.90    0.47    0.00
  683.25   23.50   20.70    1.60    0.16    3.50
  683.50   29.10   19.30    3.00    1.24    7.00
  683.75   35.40   18.20    4.80    1.01    5.00
  684.00   26.70   19.20    3.80    0.49    0.00
  684.25   23.60   21.00    1.90    0.70    3.50
  684.50   29.00   19.90    2.10    0.17    7.00
  684.75   33.80   18.50    3.90    1.47    7.00
  685.00   26.90   18.90    3.60    1.01    0.00
  685.25   23.10   19.20    0.10    1.29    3.00
  685.50   29.70   19.00    6.40    1.43    6.00
  685.75   34.50   16.40    5.00    1.27    5.00
  686.00   26.60   19.40    3.10    1.05    0.00
  686.25   22.50   18.90    0.90    1.55    1.50
  686.50   30.70   17.40    2.60    1.27    3.00
  686.75   36.40   14.50    5.10    1.31    3.00
  687.00   26.50   18.90    5.40    0.54    0.00
  687.25   23.90   20.70    0.60    0.31    4.50
  687.50   29.00   19.70    4.30    1.24    9.00
  687.75   35.10   17.50    1.90    1.80    8.00
  688.00   26.50   19.30    4.00    1.01    3.00
  688.25   22.90   19.80    0.00    1.88    5.50
  688.50   29.60   19.70    5.00    1.26    8.00
  688.75   34.80   14.50    3.40    1.38    5.00
  689.00   26.30   19.30    4.10    0.54    0.00
  689.25   22.00   19.60    1.00    1.22    2.50
  689.50   30.10   18.10    4.20    1.38    5.00
  689.75   36.10   14.50    3.70    1.45    3.00
  690.00   26.30   19.90    3.90    0.45    0.00
  690.25   22.40   19.30    0.00    1.27    4.50
  690.50   29.00   20.40    3.50    1.95    9.00
  690.75   36.20   15.90    2.70    0.65    5.00
  691.00   26.20   20.60    3.70    1.01    0.00
  691.25   22.90   20.10    0.00    1.15    3.00
  691.50   29.30   18.10    2.10    1.45    6.00
  691.75   37.80   16.20    3.90    1.10    3.00
  692.00   26.50   21.40    5.30    0.98    1.00
  692.25   25.00   21.00    0.00    0.93    5.50
  692.50   28.50   20.00    3.60    1.40   10.00
  692.75   33.20   18.60    2.60    1.10    7.00
  693.00   26.50   19.30    3.40    1.03    0.00
  693.25   23.20   20.30    1.00    1.26    4.00
  693.50   30.20   20.30    4.70    1.48    8.00
  693.75   35.40   16.00    5.20    1.05    6.00
  694.00   27.10   19.90    3.50    1.01    0.00
  694.25   24.60   22.00    1.50    0.16    4.00
  694.50   30.70   21.00    2.60    1.19    8.00
  694.75   32.90   18.00    4.60    1.03   10.00
  695.00   26.80   18.50    3.00    0.99    0.00
  695.25   23.90   20.60    0.00    0.99    2.50
  695.50   30.40   19.40    5.70    1.26    5.00
  695.75   34.80   16.90    3.50    1.29    9.00
  696.00   26.70   20.20    3.60    1.01    0.00
  696.25   24.00   21.00    0.00    0.96    2.50
  696.50   29.60   19.10    3.90    1.78    5.00
  696.75   35.00   14.50    3.30    1.43    5.00
  697.00   27.40   19.00    3.00    0.99    0.00
  697.25   23.60   20.70    0.00    1.59    4.50
  697.50   30.00   19.80    4.80    1.57    9.00
  697.75   36.60   15.80    3.50    1.38    3.00
  698.00   27.10   20.80    4.20    0.99    0.00
  698.25   24.60   21.50    0.00    1.27    4.50
  698.50   29.10   20.00    4.70    1.22    9.00
  698.75   35.40   16.40    3.40    1.45    5.00
  699.00   26.80   20.40    4.00    1.01    0.00
  699.25   24.10   21.70    0.50    1.03    4.00
  699.50   28.70   20.60    2.20    1.05    8.00
  699.75   35.70   18.00    3.00    0.94    6.00
  700.00   26.50   20.40    3.90    1.01    0.00
  700.25   24.10   21.50    0.00    1.01    4.50
  700.50   28.70   21.60    1.70    6.11    9.00
  700.75   34.30   19.10    5.50    1.03    7.00
  701.00   26.50   20.80    3.70    1.01    0.00
  701.25   24.60   21.30    0.60    0.82    3.00
  701.50   31.00   19.50    4.80    1.50    6.00
  701.75   34.90   15.80    5.40    1.06    3.50
  702.00   26.10   18.90    2.50    1.03    1.00
  702.25   22.60   20.20    0.00    1.26    3.00
  702.50   31.30   19.40    5.70    1.43    5.00
  702.75   36.40   15.80    5.40    1.33    4.00
  703.00   26.70   17.50    3.50    1.01    3.00
  703.25   22.50   17.80    0.90    1.03    4.00
  703.50   31.50   19.20    6.80    1.22    5.00
  703.75   34.90   14.90    6.10    1.50    4.50
  704.00   28.00   19.10    3.70    1.01    4.00
  704.25   23.30   19.50    0.00    0.91    4.00
  704.50   31.10   20.00    5.80    1.34    4.00
  704.75   36.70   16.20    5.40    1.36    2.00
  705.00   28.00   20.10    4.10    0.56    0.00
  705.25   23.50   20.70    0.00    1.22    2.00
  705.50   30.50   20.10    5.50    1.52    4.00
  705.75   36.00   15.50    4.50    1.08    3.50
  706.00   28.10   19.00    3.30    1.03    3.00
  706.25   24.70   20.70    1.50    0.52    4.00
  706.50   30.30   20.20    3.70    1.31    5.00
  706.75   37.70   15.70    3.60    1.92    4.00
  707.00   27.20   20.80    4.70    1.03    3.00
  707.25   24.40   21.80    0.60    0.99    6.50
  707.50   29.10   20.40    3.40    1.66   10.00
  707.75   34.80   18.30    4.50    0.63    5.00
  708.00   27.20   19.20    4.70    1.03    0.00
  708.25   24.60   21.90    0.00    1.01    4.00
  708.50   28.10   21.30    2.50    1.10    8.00
  708.75   34.80   17.50    4.00    0.99    4.00
  709.00   26.50   21.30    4.20    0.99    0.00
  709.25   23.90   21.50    0.00    0.99    2.50
  709.50   29.00   21.70    3.00    0.87    5.00
  709.75   35.80   17.10    4.50    0.63    2.50
  710.00   26.60   21.70    5.80    1.06    0.00
  710.25   24.40   22.10    0.00    1.03    2.50
  710.50   28.60   20.80    3.50    0.98    5.00
  710.75   37.20   16.40    2.60    0.28    2.50
  711.00   27.30   20.90    4.40    1.01    0.00
  711.25   24.60   22.00    1.00    0.99    2.00
  711.50   30.40   20.60    2.90    1.47    4.00
  711.75   35.60   18.10    4.20    1.05    4.50
  712.00   28.10   20.40    3.10    1.01    5.00
  712.25   24.30   21.40    0.00    1.13    4.50
  712.50   29.50   20.50    3.90    1.41    4.00
  712.75   36.80   16.80    3.50    1.31    2.00
  713.00   27.80   19.60    4.00    1.01    0.00
  713.25   25.10   21.40    0.00    6.21    2.50
  713.50   30.90   19.30    4.30    1.47    5.00
  713.75   34.80   18.20    4.40    1.10    2.50
  714.00   27.30   19.80    4.10    1.01    0.00
  714.25   24.80   21.50    1.40    0.82    3.50
  714.50   29.10   19.10    5.30    1.55    7.00
  714.75   36.50   15.60    3.20    1.10    6.00
  715.00   26.90   20.00    4.50    0.99    5.00
  715.25   23.10   20.70    0.00    4.00    5.50
  715.50   30.00   19.60    3.60    1.57    6.00
  715.75   35.50   15.50    1.80    1.59    4.50
  716.00   26.70   21.50    3.90    0.99    3.00
  716.25   23.70   21.00    0.40    1.10    5.00
  716.50   29.60   19.50    3.30    1.68    7.00
  716.75   34.60   18.40    4.00    0.91    3.50
  717.00   26.70   20.10    4.30    1.03    0.00
  717.25   23.40   20.90    0.00    0.99    3.50
  717.50   31.10   20.10    4.70    1.34    7.00
  717.75   36.20   16.50    4.50    1.08    5.00
  718.00   27.60   20.30    3.50    0.98    3.00
  718.25   24.10   20.40    0.00    2.04    5.50
  718.50   29.00   20.10    3.60    1.27    8.00
  718.75   35.10   15.90    4.30    1.41    5.50
  719.00   27.30   20.50    4.40    1.03    3.00
  719.25   25.10   20.90    0.00    0.24    5.50
  719.50   29.60   21.00    3.60    1.38    8.00
  719.75   33.80   18.60    2.40    2.01    6.00
  720.00   27.70   20.60    2.70    1.06    4.00
  720.25   25.20   21.00    0.00    1.01    7.00
  720.50   27.80   20.60    1.20    0.79   10.00
  720.75   31.70   18.60    3.60    1.48    6.50
  721.00   27.40   20.10    3.10    1.03    3.00
  721.25   24.60   21.70    1.90    1.05    6.00
  721.50   29.20   21.00    3.90    1.41    9.00
  721.75   33.90   19.10    3.30    1.50    6.00
  722.00   27.30   21.40    2.40    1.03    3.00
  722.25   25.20   21.70    1.90    1.01    6.00
  722.50   27.50   22.40    2.10    5.93    9.00
  722.75   25.60   22.40    2.90    0.12    9.50
  723.00   25.10   22.60    0.40    1.01   10.00
  723.25   23.70   22.10    0.00    0.99    8.50
  723.50   29.40   22.70    1.90    1.17    7.00
  723.75   23.50   21.40    1.10    1.10    5.00
  724.00   24.40   22.50    0.00    0.63    3.00
  724.25   23.80   22.10    0.00    1.97    6.50
  724.50   28.30   21.90    2.80    1.54   10.00
  724.75   34.40   16.30    3.10    1.43    5.00
  725.00   26.80   21.00    3.50    1.03    0.00
  725.25   24.50   21.60    0.00    1.08    4.50
  725.50   29.10   21.60    4.30    1.22    9.00
  725.75   35.20   17.20    2.60    1.27    6.00
  726.00   26.80   21.70    4.50    0.98    3.00
  726.25   25.40   22.50    0.20    0.31    5.00
  726.50   29.40   21.50    4.10    1.22    7.00
  726.75   34.50   19.50    4.60    1.17    3.50
  727.00   27.60   21.10    4.40    0.63    0.00
  727.25   23.80   20.90    0.00    0.98    5.00
  727.50   29.00   21.50    3.40    1.57   10.00
  727.75   35.10   17.40    4.50    1.29    5.00
  728.00   27.00   20.40    3.90    1.01    0.00
  728.25   24.20   21.40    0.10    3.98    4.50
  728.50   29.60   21.00    3.20    1.34    9.00
  728.75   37.50   16.80    4.70    1.19    4.50
  729.00   27.80   21.30    3.00    1.01    0.00
  729.25   24.80   22.10    0.50    0.93    3.50
  729.50   29.20   21.50    3.40    1.62    7.00
  729.75   35.30   18.00    4.20    1.12    3.50
  730.00   27.80   20.70    3.30    1.03    0.00
  730.25   24.40   22.00    0.20    1.10    3.50
  730.50   29.40   21.70    2.10    1.13    7.00
  730.75   37.80   17.40    4.30    1.13    3.50
  731.00   27.70   21.40    3.70    1.01    0.00
  731.25   24.70   22.10    0.00    0.98    3.50
  731.50   29.80   20.80    3.60    1.43    7.00
  731.75   37.00   16.70    5.60    1.45    6.00
  732.00   27.60   20.10    4.00    0.99    0.00
  732.25   24.60   22.00    0.00    0.73    3.00
  732.50   31.00   19.60    5.60    1.48    6.00
  732.75   37.00   16.00    3.00    1.82    5.00
  733.00   27.60   20.30    4.20    0.98    3.00
  733.25   25.30   22.50    3.10    0.99    6.00
  733.50   29.10   20.10    3.90    1.03    9.00
  733.75   35.00   18.00    3.90    0.77    8.00
  734.00   26.80   21.50    4.40    1.03    7.00
  734.25   24.70   22.20    1.50    0.68    6.00
  734.50   30.30   21.10    3.20    1.36    5.00
  734.75   34.90   16.60    3.00    0.94    5.00
  735.00   27.10   20.90    4.70    0.96    4.00
  735.25   24.40   22.20    0.40    1.26    6.00
  735.50   29.20   21.60    4.10    1.01    8.00
  735.75   36.10   16.40    2.10    1.33    8.00
  736.00   27.20   21.90    4.50    1.03    2.00
  736.25   25.40   22.70    1.50    0.66    5.00
  736.50   28.90   22.20    2.50    1.57    8.00
  736.75   34.00   16.70    3.80    1.87    9.00
  737.00   27.80   21.00    3.30    0.49    4.00
  737.25   24.80   22.10    0.00    0.68    5.00
  737.50   30.00   20.20    4.60    1.38    6.00
  737.75   35.60   14.80    3.40    1.62    7.00
  738.00   27.60   20.50    3.60    1.01    3.00
  738.25   23.90   21.70    0.30    0.94    4.50
  738.50   28.10   21.80    0.50    0.10    6.00
  738.75   33.60   15.90    5.90    1.33    6.00
  739.00   26.80   20.40    3.30    0.99    0.00
  739.25   23.50   21.30    0.00    1.41    4.00
  739.50   29.20   20.30    4.30    1.36    8.00
  739.75   36.20   15.60    3.30    1.19    7.00
  740.00   26.80   21.10    3.20    0.96    0.00
  740.25   24.10   21.80    0.00    0.86    3.50
  740.50   30.10   20.70    4.50    1.55    7.00
  740.75   31.60   17.10    1.70    2.06   10.00
  741.00   27.20   21.30    3.60    0.80    3.00
  741.25   25.80   22.40    1.50    0.38    6.00
  741.50   28.50   21.20    3.60    1.54    9.00
  741.75   31.50   16.60    4.10    1.33   10.00
  742.00   27.00   19.70    1.90    0.49    3.00
  742.25   23.60   21.50    0.00    5.99    5.00
  742.50   29.10   20.60    1.30    1.36    7.00
  742.75   35.40   14.00    3.30    0.96    6.00
  743.00   27.10   19.70    4.70    1.03    0.00
  743.25   23.80   21.00    1.10    0.49    4.00
  743.50   28.20   19.90    4.20    1.47    8.00
  743.75   35.80   15.40    1.20    0.52    8.00
  744.00   27.30   19.90    4.00    1.01    3.00
  744.25   24.40   21.10    0.10    0.82    6.00
  744.50   28.50   20.10    2.70    1.71    9.00
  744.75   34.00   20.10    2.70    0.10    8.00
  745.00   27.10   21.90    3.90    0.33    0.00
  745.25   24.30   21.80    0.00    4.90    4.00
  745.50   30.30   20.90    4.50    1.41    8.00
  745.75   32.20   19.80    1.30    0.31    9.00
  746.00   27.10   20.50    1.40    1.05    8.00
  746.25   24.30   22.00    0.00    1.13    7.50
  746.50   29.90   20.30    3.30    1.90    7.00
  746.75   37.10   14.70    4.80    1.47    4.00
  747.00   28.20   18.60    3.00    1.03    0.00
  747.25   26.70   20.70    2.00    1.71    2.50
  747.50   30.30   17.50    3.20    1.54    5.00
  747.75   36.90   14.40    3.80    1.82    5.00
  748.00   28.20   19.30    3.50    1.03    0.00
  748.25   23.40   20.40    0.00    1.03    2.00
  748.50   30.30   19.50    4.70    1.57    4.00
  748.75   37.50   13.90    4.50    1.73    4.00
  749.00   28.20   20.30    4.50    0.91    0.00
  749.25   24.70   21.50    0.00    0.98    4.00
  749.50   29.50   21.40    3.30    1.03    8.00
  749.75   29.90   21.20    6.90    0.99   10.00
  750.00   26.30   21.70    0.80    0.65    2.00
  750.25   24.50   22.30    0.00    0.94    4.50
  750.50   30.80   20.60    4.40    1.03    7.00
  750.75   34.00   18.40    2.10    0.93    6.00
  751.00   26.80   21.00    4.60    0.49   10.00
  751.25   23.90   21.40    0.00    2.01    8.50
  751.50   27.60   22.00    0.90    2.51    7.00
  751.75   35.60   17.30    2.10    0.98    5.00
  752.00   27.90   21.20    2.60    1.03    0.00
  752.25   24.40   21.90    0.00    0.26    4.50
  752.50   29.00   21.80    3.20    1.95    9.00
  752.75   37.00   17.10    4.60    1.34    5.00
  753.00   27.20   22.00    3.60    0.96    4.00
  753.25   25.20   22.60    0.10    0.77    6.50
  753.50   28.90   22.20    0.80    1.06    9.00
  753.75   36.20   16.00    4.60    1.57    6.00
  754.00   27.90   21.30    3.50    0.33    8.00
  754.25   25.50   21.90    0.00    4.90    8.00
  754.50   29.20   21.60    2.60    1.95    8.00
  754.75   34.20   21.50    4.80    0.45    6.00
  755.00   27.20   22.30    4.20    0.54    5.00
  755.25   24.90   22.10    0.00    0.94    7.00
  755.50   29.50   20.80    2.60    1.73    9.00
  755.75   23.80   21.70    6.10    1.43    9.00
  756.00   24.40   23.20    0.00    3.72   10.00
  756.25   23.70   22.70    0.00    2.74   10.00
  756.50   24.60   22.70    0.00    2.41   10.00
  756.75   32.20   19.50    0.80    1.26    9.00
  757.00   25.30   21.70    0.00    0.58    9.00
  757.25   24.50   22.30    0.00    0.49    9.00
  757.50   27.60   20.90    0.00    0.51    9.00
  757.75   30.70   20.40    4.30    0.21    8.00
  758.00   26.30   22.10    3.40    0.38    9.00
  758.25   24.80   22.80    0.00    0.38    9.00
  758.50   28.50   21.60    4.00    0.65    9.00
  758.75   23.90   21.90    4.20    1.61   10.00
  759.00   22.10   20.30    0.00    3.47   10.00
  759.25   22.20   20.30    0.00    1.90   10.00
  759.50   23.30   21.10    0.00    4.07   10.00
  759.75   30.30   19.30    3.50    0.61    9.00
  760.00   26.50   21.20    0.00    0.54   10.00
  760.25   24.40   21.90    0.00    1.13   10.00
  760.50   27.00   22.10    0.00    0.99   10.00
  760.75   31.40   19.70    2.60    1.20    7.00
  761.00   26.30   21.20    0.00    0.66    7.00
  761.25   21.90   20.10    0.00    2.06    7.50
  761.50   29.60   20.70    4.60    1.57    8.00
  761.75   33.40   19.30    4.70    1.26    8.00
  762.00   26.60   21.10    0.00    1.08    3.00
  762.25   23.70   21.50    0.00    0.19    5.00
  762.50   29.50   21.50    3.30    1.59    7.00
  762.75   35.30   18.50    4.10    1.43    4.00
  763.00   28.10   21.40    0.00    0.94    1.00
  763.25   24.40   21.10    0.00    1.06    4.00
  763.50   29.70   21.80    2.30    1.55    7.00
  763.75   34.30   20.80    2.60    1.33    8.00
  764.00   28.30   21.80    1.40    0.47    2.00
  764.25   25.20   22.30    2.10    0.51    6.00
  764.50   27.90   23.50    0.00    0.19   10.00
  764.75   23.80   22.10    5.40    1.03   10.00
  765.00   23.60   22.20    0.00    1.08   10.00
  765.25   23.90   22.90    0.00    1.76   10.00
  765.50   25.10   23.20    0.00    0.91   10.00
  765.75   28.50   22.40    4.50    0.17    8.00
  766.00   24.80   22.90    0.00    0.33   10.00
  766.25   24.80   22.50    0.00    0.63   10.00
  766.50   27.30   23.50    0.00    2.20   10.00
  766.75   28.60   19.90    1.80    0.31    7.00
  767.00   24.50   20.90    0.00    0.86    7.00
  767.25   24.70   22.20    0.00    0.63    7.50
  767.50   26.10   22.80    1.90    0.10    8.00
  767.75   25.60   22.20    4.30    1.10   10.00
  768.00   24.00   20.60    0.00    0.42   10.00
  768.25   23.10   20.90    0.00    3.94    9.50
  768.50   27.20   22.60    0.00    2.34    9.00
  768.75   30.30   22.00    3.30    6.21    6.00
  769.00   25.20   22.00    0.00    5.76   10.00
  769.25   24.20   21.70    0.00    0.40   10.00
  769.50   26.80   22.50    0.00    2.41   10.00
  769.75   31.20   22.70    2.90    0.09    8.00
  770.00   25.70   22.40    0.00    0.40   10.00
  770.25   25.30   22.50    0.00    0.77    9.00
  770.50   26.70   22.90    0.70    0.58    8.00
  770.75   32.10   20.90    4.70    0.79    7.00
  771.00   25.20   21.40    0.00    0.52   10.00
  771.25   24.40   21.50    0.00    0.59    9.50
  771.50   27.50   20.40    4.30    1.08    9.00
  771.75   29.80   18.80    3.00    0.40    8.00
  772.00   25.40   19.70    0.00    0.56    5.00
  772.25   23.70   20.70    0.00    1.62    6.50
  772.50   27.00   21.30    0.00    1.08    8.00
  772.75   30.60   20.40    3.90    0.21    8.00
  773.00   23.70   21.20    0.80    0.63    5.00
  773.25   22.60   20.80    0.00    3.47    6.50
  773.50   26.50   22.40    0.00    3.86    8.00
  773.75   26.10   20.70    1.50    6.25    9.00
  774.00   23.50   21.20    0.00    0.86   10.00
  774.25   23.20   21.10    0.00    3.40    7.50
  774.50   26.40   21.00    2.00    0.45    5.00
  774.75   21.50   18.80    0.40    1.05   10.00
  775.00   21.50   19.30    0.20    2.25   10.00
  775.25   21.00   19.00    0.00    1.03    9.50
  775.50   23.30   20.50    0.00    3.65    9.00
  775.75   30.90   21.20    0.00    3.02    8.00
  776.00   22.50   20.10    0.00    2.44   10.00
  776.25   22.00   19.80    0.00    1.97    9.50
  776.50   24.40   21.50    0.00    4.10    9.00
  776.75   26.60   20.40    5.50    0.56    9.00
  777.00   21.50   19.30    1.60    0.28   10.00
  777.25   21.40   19.20    0.00    2.64    9.50
  777.50   24.80   20.40    0.60    3.72    9.00
  777.75   29.40   18.10    1.60    1.17    8.00
  778.00   24.10   20.60    1.50    0.93    5.00
  778.25   23.20   20.60    0.00    2.20    5.00
  778.50   27.60   21.00    1.90    1.48    5.00
  778.75   26.00   21.20    2.50    5.50    9.00
  779.00   24.40   21.70    2.10    0.47   10.00
  779.25   23.90   21.40    0.00    3.12    9.50
  779.50   26.90   21.90    1.60    1.19    9.00
  779.75   30.70   18.80    3.40    1.59    7.00
  780.00   24.80   20.90    1.70    0.82    7.00
  780.25   24.00   20.70    0.00    2.15    8.00
  780.50   27.40   22.10    0.00    3.61    9.00
  780.75   28.60   21.40    5.10    0.30    5.00
  781.00   24.20   21.40    0.00    0.75   10.00
  781.25   24.20   21.60    0.00    1.57    9.00
  781.50   26.60   22.70    0.00    1.59    8.00
  781.75   24.00   21.30    3.20    0.40    9.00
  782.00   23.90   20.90    0.00    1.03    8.00
  782.25   22.30   19.80    0.00    0.49    6.50
  782.50   27.70   21.90    0.00    1.78    5.00
  782.75   31.20   21.80    1.90    6.11    3.00
  783.00   25.50   21.10    3.20    0.30    3.00
  783.25   23.50   20.90    0.70    1.05    6.00
  783.50   27.10   22.00    1.30    0.93    9.00
  783.75   29.10   23.00    3.60    6.18    7.00
  784.00   24.70   20.90    1.60    0.54    5.00
  784.25   22.80   20.30    0.00    0.75    4.00
  784.50   27.30   21.80    1.60    0.96    3.00
  784.75   24.70   20.10    6.10    1.15   10.00
  785.00   23.40   20.80    0.00    0.91   10.00
  785.25   23.20   20.50    0.00    3.54    8.00
  785.50   27.10   21.70    0.00    3.02    6.00
  785.75   30.90   21.40    0.00    0.65    7.00
  786.00   25.20   21.50    0.00    0.30    9.00
  786.25   22.90   20.50    0.00    3.19    9.00
  786.50   26.20   21.80    0.00    1.03    9.00
  786.75   30.60   22.00    0.00    1.03    7.00
  787.00   25.40   22.40    2.30    0.40    9.00
  787.25   24.40   21.90    0.00    1.27    8.50
  787.50   27.40   22.50    0.00    1.26    8.00
  787.75   24.80   21.80    1.30    6.09    9.00
  788.00   23.50   20.80    0.00    3.49    9.00
  788.25   23.10   20.60    0.00    3.86    9.00
  788.50   27.20   22.60    0.00    3.09    9.00
  788.75   31.80   20.70    2.20    0.26    4.00
  789.00   25.70   21.10    1.50    0.44    6.00
  789.25   22.80   20.30    0.00    3.54    6.50
  789.50   27.50   20.90    1.00    1.75    7.00
  789.75   32.20   18.90    0.80    2.29    5.00
  790.00   26.50   22.00    3.10    0.52    9.00
  790.25   24.20   21.50    0.00    0.47    6.50
  790.50   28.60   21.90    0.00    1.52    4.00
  790.75   29.70   22.40    0.40    3.70   10.00
  791.00   24.90   21.70    0.00    0.68    7.00
  791.25   23.40   20.90    0.00    1.24    7.00
  791.50   27.80   21.90    0.00    0.68    7.00
  791.75   25.50   21.50    3.10    5.90    9.00
  792.00   23.20   20.80    0.00    3.18   10.00
  792.25   22.90   20.70    0.00    4.71    7.50
  792.50   26.60   21.70    1.10    4.19    5.00
  792.75   29.80   21.30    1.70    0.96    7.00
  793.00   23.20   20.50    0.20    1.90   10.00
  793.25   23.00   20.70    0.00    4.24    7.50
  793.50   28.50   22.90    0.10    2.25    5.00
  793.75   32.00   22.50    0.60    1.29    6.00
  794.00   25.80   21.50    2.60    0.45    5.00
  794.25   23.30   20.60    0.00    1.76    6.50
  794.50   27.50   21.50    1.10    1.20    8.00
  794.75   29.20   22.40    1.70    6.21    8.00
  795.00   23.40   20.60    0.00    2.11   10.00
  795.25   22.40   20.10    0.00    2.81    8.00
  795.50   27.30   22.00    2.10    2.02    6.00
  795.75   24.90   21.20    0.80    0.07    9.00
  796.00   23.70   20.90    0.00    1.71    7.00
  796.25   22.10   19.80    0.00    3.40    7.00
  796.50   27.80   22.50    1.00    1.95    7.00
  796.75   32.10   22.10    1.50    0.14    5.00
  797.00   25.50   21.90    0.00    0.56    4.00
  797.25   24.50   21.90    0.00    0.98    6.00
  797.50   27.80   21.90    0.00    0.89    8.00
  797.75   27.70   21.90    3.00    6.27    8.00
  798.00   25.40   21.60    0.70    0.61    7.00
  798.25   24.00   21.40    0.00    2.32    5.50
  798.50   26.20   21.60    0.00    0.63    4.00
  798.75   23.70   20.70    1.10    0.09   10.00
  799.00   25.10   21.80    0.10    0.59    7.00
  799.25   23.50   21.00    0.00    1.87    8.50
  799.50   27.60   23.50    0.00    2.76   10.00
  799.75   25.40   21.40    2.80    0.07   10.00
  800.00   25.10   21.90    2.00    0.54   10.00
  800.25   24.50   22.00    0.00    1.06    9.00
  800.50   27.40   22.30    0.80    0.75    8.00
  800.75   29.00   21.50    4.20    0.89    8.00
  801.00   24.40   21.40    1.40    0.70    6.00
  801.25   24.00   21.50    0.00    1.92    7.50
  801.50   27.00   22.60    0.30    0.38    9.00
  801.75   29.70   22.10    0.90    1.36   10.00
  802.00   25.80   22.20    0.00    0.14    5.00
  802.25   24.50   21.90    0.30    1.22    6.50
  802.50   27.60   22.30    2.00    1.06    8.00
  802.75   26.60   21.30    1.50    5.97    9.00
  803.00   24.30   21.10    0.60    0.58    5.00
  803.25   23.60   21.00    0.70    1.94    6.00
  803.50   27.20   22.40    0.90    0.21    7.00
  803.75   30.80   23.20    2.90    6.16    7.00
  804.00   25.60   21.60    1.50    0.49    5.00
  804.25   23.60   21.10    0.00    0.45    6.00
  804.50   28.20   22.90    1.10    1.78    7.00
  804.75   27.80   22.70    1.70    2.36    9.00
  805.00   25.50   21.50    0.90    0.51    5.00
  805.25   23.50   20.90    0.00    2.27    6.00
  805.50   29.20   22.60    0.00    1.73    7.00
  805.75   29.70   22.90    0.00    5.59    7.00
  806.00   25.90   21.20    2.50    0.47    5.00
  806.25   23.60   20.90    0.00    1.76    5.00
  806.50   28.10   22.20    0.00    1.76    5.00
  806.75   33.20   22.50    0.00    5.27    4.00
  807.00   26.30   21.60    2.90    0.17    3.00
  807.25   24.70   22.20    0.00    0.99    3.50
  807.50   28.40   21.40    0.70    1.24    4.00
  807.75   32.90   20.70    0.80    6.27    3.00
  808.00   26.30   22.10    2.60    0.33    3.00
  808.25   24.50   22.40    0.10    0.82    3.50
  808.50   28.30   22.00    0.80    0.93    4.00
  808.75   32.20   21.80    1.80    6.23    5.00
  809.00   26.60   22.40    3.00    0.37    3.00
  809.25   23.60   21.90    0.00    1.27    5.00
  809.50   29.40   23.60    0.40    1.38    7.00
  809.75   31.50   22.70    3.50    0.38    8.00
  810.00   25.20   21.80    1.00    0.31    4.00
  810.25   23.20   21.20    0.00    1.54    3.50
  810.50   28.90   22.50    0.00    2.65    3.00
  810.75   32.10   20.90    3.40    0.84    4.00
  811.00   26.00   22.30    1.80    0.38    0.00
  811.25   23.50   21.70    0.00    0.58    4.00
  811.50   28.50   22.70    2.00    1.75    8.00
  811.75   33.80   20.70    0.10    6.27    7.00
  812.00   26.70   22.00    2.70    0.17    1.00
  812.25   24.90   22.10    0.00    0.93    4.00
  812.50   28.30   23.00    0.00    0.40    7.00
  812.75   29.50   22.70    0.30    1.24    7.00
  813.00   25.00   22.80    0.00    0.47    0.00
  813.25   24.00   22.20    0.00    0.82    3.50
  813.50   28.20   21.00    1.70    1.48    7.00
  813.75   32.00   20.50    2.60    0.77    9.00
  814.00   25.30   22.00    1.80    0.47   10.00
  814.25   24.20   21.80    0.00    3.54    8.50
  814.50   29.40   22.80    2.50    1.26    7.00
  814.75   32.40   19.90    2.50    0.89    9.00
  815.00   26.30   22.30    1.40    0.54    8.00
  815.25   24.40   22.20    0.00    1.34    8.00
  815.50   29.00   22.00    2.00    1.06    8.00
  815.75   32.10   19.50    0.20    5.95   10.00
  816.00   26.10   22.30    1.00    0.35    7.00
  816.25   23.80   21.90    0.00    4.00    8.00
  816.50   27.80   23.40    0.00    2.53    9.00
  816.75   24.70   21.60    1.80    0.58   10.00
  817.00   24.00   21.60    0.00    5.60   10.00
  817.25   23.70   21.40    0.00    2.06    9.00
  817.50   27.20   22.30    0.00    1.66    8.00
  817.75   28.60   21.70    0.30    6.20    8.00
  818.00   23.90   21.30    0.00    0.68   10.00
  818.25   23.80   21.40    0.00    4.59   10.00
  818.50   25.50   22.20    0.00    0.89   10.00
  818.75   29.10   22.00    3.10    0.84    9.00
  819.00   25.60   21.60    2.40    0.51    7.00
  819.25   23.00   20.70    0.00    3.12    7.50
  819.50   25.90   22.40    1.80    3.98    8.00
  819.75   25.10   21.80    0.00    3.77   10.00
  820.00   23.60   21.40    0.00    2.88   10.00
  820.25   23.80   21.70    0.00    2.83   10.00
  820.50   26.00   22.90    0.00    3.44   10.00
  820.75   25.60   21.30    0.00    6.16   10.00
  821.00   23.70   21.00    0.00    3.84   10.00
  821.25   23.40   22.30    0.00    4.49    8.50
  821.50   27.90   27.30    0.00    1.50    7.00
  821.75   31.20   15.50    2.70    1.22    5.00
  822.00   25.80   24.30    1.00    0.58    7.00
  822.25   23.00   23.00    0.00    1.97    8.00
  822.50   27.70   26.50    1.40    2.48    9.00
  822.75   25.60   25.20    1.80    2.72   10.00
  823.00   24.80   23.00    0.00    6.09    8.00
  823.25   23.20   20.40    0.00    4.61    8.50
  823.50   27.30   22.60    0.40    2.29    9.00
  823.75   25.50   21.50    0.00    3.11   10.00
  824.00   23.80   22.60    0.90    3.72   10.00
  824.25   22.80   21.80    0.00    4.29    8.50
  824.50   28.70   24.10    0.00    2.84    7.00
  824.75   32.10   25.50    0.90    4.24    5.00
  825.00   24.20   22.80    0.00    0.19    3.00
  825.25   23.30   22.20    0.00    5.99    6.00
  825.50   27.70   22.80    0.20    3.28    9.00
  825.75   25.10   23.90    4.70    0.84   10.00
  826.00   24.00   23.20    0.00    2.69   10.00
  826.25   23.40   22.50    0.50    3.14    9.50
  826.50   25.50   25.50    0.00    4.17    9.00
  826.75   30.40   20.40    0.70    0.03    7.00
  827.00   25.20   24.50    2.20    1.03    5.00
  827.25   23.10   20.75    0.40    4.12    6.00
  827.50   28.50   17.00    0.20    4.24    7.00
  827.75   25.40   17.10    3.10    1.01    8.00
  828.00   23.50   17.55    0.30    1.40    5.00
  828.25   23.40   17.55    0.00    2.84    7.50
  828.50   27.20   18.00    0.00    4.05   10.00
  828.75   28.30   11.20    0.50    1.66    9.00
  829.00   23.90   13.40    0.00    3.46   10.00
  829.25   23.00   15.70    0.00    2.50    8.50
  829.50   28.20   14.30    1.50    4.42    7.00
  829.75   29.50   12.40    1.30    3.37    8.00
  830.00   24.10   18.90    2.60    0.49   10.00
  830.25   23.30   21.75    0.00    4.40    7.50
  830.50   28.20   21.75    0.00    2.55    5.00
  830.75   30.30   24.60    1.70    0.28    6.00
  831.00   23.00   23.25    0.00    1.94   10.00
  831.25   23.00   21.90    0.00    3.35   10.00
  831.50   26.50   25.70    0.70    2.91   10.00
  831.75   24.90   23.60    0.00    0.73   10.00
  832.00   22.70   23.60    0.00    3.56   10.00
  832.25   22.20   23.60    0.00    3.53    9.50
  832.50   24.90   23.60    0.00    2.46    9.00
  832.75   29.90   21.50    0.50    5.60    7.00
  833.00   22.80   20.75    0.00    3.65   10.00
  833.25   22.80   20.75    0.00    3.80   10.00
  833.50   25.70   20.00    0.00    4.61   10.00
  833.75   26.20   17.10    0.00    2.30   10.00
  834.00   23.30   17.60    1.50    3.72   10.00
  834.25   22.70   19.30    0.00    3.07    9.50
  834.50   25.50   18.20    0.70    3.32    9.00
  834.75   30.80   19.20    0.60    5.13    6.00
  835.00   23.60   18.50    1.70    1.26   10.00
  835.25   24.10   20.60    0.00    3.18    9.50
  835.50   27.30   20.50    0.50    2.25    9.00
  835.75   31.70   25.10    0.00    2.29    5.00
  836.00   24.50   24.10    2.10    0.98    3.00
  836.25   23.00   24.45    0.00    3.42    4.00
  836.50   28.20   24.45    0.00    2.67    5.00
  836.75   31.60   24.45    0.60    0.24    5.00
  837.00   23.50   24.45    1.40    2.98   10.00
  837.25   24.30   24.45    0.00    2.78   10.00
  837.50   27.60   24.45    0.00    1.17   10.00
  837.75   27.40   24.45    0.50    6.04    9.00
  838.00   23.70   24.45    0.00    0.77   10.00
  838.25   22.90   24.45    0.20    3.68   10.00
  838.50   23.90   24.45    0.00    3.51   10.00
  838.75   26.70   24.45    0.00    1.82   10.00
  839.00   24.10   24.45    0.00    4.38   10.00
  839.25   21.50   24.45    0.00    3.46    7.00
  839.50   27.40   24.45    0.00    1.41    4.00
  839.75   30.90   24.45    2.60    1.20    7.00
  840.00   24.90   24.45    1.10    0.82    1.00
  840.25   22.40   24.45    0.00    1.62    3.50
  840.50   28.10   24.45    0.00    3.75    6.00
  840.75   29.90   24.45    1.10    1.48    6.00
  841.00   24.80   24.45    0.60    0.47    3.00
  841.25   21.90   24.45    0.00    3.77    3.50
  841.50   28.70   24.45    1.40    1.66    4.00
  841.75   31.80   24.45    0.40    1.87    5.00
  842.00   25.60   24.45    1.70    0.35    3.00
  842.25   23.30   24.45    0.00    0.19    4.50
  842.50   29.00   24.45    0.80    2.84    6.00
  842.75   29.90   24.45    1.70    0.96    7.00
  843.00   24.90   24.45    0.50    0.23   10.00
  843.25   23.00   24.45    0.00    3.70    9.50
  843.50   27.50   24.45    0.00    3.65    9.00
  843.75   30.90   24.45    0.30    2.29    8.00
  844.00   24.60   24.45    0.80    0.99   10.00
  844.25   24.00   24.45    0.00    4.12   10.00
  844.50   25.70   24.45    0.00    2.18   10.00
  844.75   29.40   24.45    1.70    1.71    5.00
  845.00   23.80   24.45    0.00    1.22    3.00
  845.25   22.80   24.45    0.00    2.22    4.50
  845.50   28.60   24.45    0.00    5.38    6.00
  845.75   30.70   24.45    2.30    1.95    7.00
  846.00   24.90   24.80    1.20    0.52   10.00
  846.25   21.60   20.80    0.00    2.55    7.00
  846.50   28.20   28.10    0.70    2.37    4.00
  846.75   30.20   29.40    1.50    2.72    4.00
  847.00   24.90   22.60    0.80    1.24    5.00
  847.25   23.80   22.40    1.30    3.39    7.00
  847.50   25.90   23.80    0.00    1.90    9.00
  847.75   29.40   27.60    0.50    0.30    9.00
  848.00   24.20   22.80    1.10    1.13    4.00
  848.25   22.30   21.40    0.00    6.00    4.00
  848.50   28.90   27.50    0.90    1.48    4.00
  848.75   31.20   26.50    2.00    1.62    3.00
  849.00   25.60   21.80    1.70    1.33    7.00
  849.25   23.50   21.60    0.00    0.65    6.50
  849.50   29.10   24.90    0.00    2.91    6.00
  849.75   30.40   25.30    1.30    1.80    7.00
  850.00   25.40   22.50    0.70    1.06   10.00
  850.25   24.10   21.90    0.00    1.80    7.50
  850.50   27.90   23.10    1.50    1.57    5.00
  850.75   30.30   23.50    3.00    1.52    6.00
  851.00   24.10   21.40    0.00    2.83    7.00
  851.25   22.70   20.90    0.00    0.49    6.00
  851.50   28.40   24.60    0.20    4.80    5.00
  851.75   27.90   25.90    0.00    1.20    9.00
  852.00   24.10   23.10    0.00    2.84   10.00
  852.25   23.20   24.35    0.20    4.63    8.00
  852.50   26.50   24.35    2.30    3.54    6.00
  852.75   31.40   24.35    0.50    2.08    7.00
  853.00   25.30   24.35    2.00    0.37   10.00
  853.25   23.40   24.35    0.00    1.75    9.50
  853.50   25.70   24.35    0.00    2.02    9.00
  853.75   29.40   24.35    1.70    3.86    8.00
  854.00   24.40   24.35    0.00    0.61    9.00
  854.25   22.80   24.35    0.00    2.79    6.50
  854.50   28.90   24.35    1.40    1.69    4.00
  854.75   31.70   24.35    0.50    1.57    3.00
  855.00   25.60   25.60    0.20    1.05   10.00
  855.25   22.10   20.90    0.00    1.69    6.50
  855.50   28.90   27.40    0.70    1.54    3.00
  855.75   29.40   29.20    0.00    0.44    9.00
  856.00   24.40   23.00    0.20    1.03    5.00
  856.25   23.00   22.20    0.20    3.32    6.00
  856.50   28.50   26.60    1.10    2.60    7.00
  856.75   29.90   27.10    1.30    3.44    9.00
  857.00   24.50   23.30    0.00    4.69   10.00
  857.25   23.90   22.70    0.00    1.33    9.50
  857.50   26.50   24.90    0.20    1.26    9.00
  857.75   30.30   28.30    1.60    2.27    9.00
  858.00   24.50   23.50    0.70    1.27    5.00
  858.25   23.60   23.20    1.40    0.72    4.50
  858.50   27.90   26.90    0.70    1.52    4.00
  858.75   24.30   25.35    2.70    0.52   10.00
  859.00   23.20   25.35    0.00    2.18   10.00
  859.25   22.70   25.35    0.00    2.93    8.50
  859.50   26.50   25.35    1.70    3.63    7.00
  859.75   31.30   25.35    0.40    3.46    9.00
  860.00   24.90   25.35    1.40    1.05   10.00
  860.25   23.60   25.35    0.00    1.85   10.00
  860.50   27.10   25.35    0.30    1.80   10.00
  860.75   26.60   25.35    2.10    0.70   10.00
  861.00   24.40   25.35    0.00    2.39   10.00
  861.25   21.40   25.35    1.70    0.35   10.00
  861.50   23.60   25.35    0.00    3.94   10.00
  861.75   27.60   25.35    1.70    1.73   10.00
  862.00   23.70   25.35    0.00    2.88    7.00
  862.25   22.10   25.35    0.00    4.26    4.00
  862.50   29.20   25.35    0.00    0.84    1.00
  862.75   24.30   25.35    1.20    5.22    9.00
  863.00   23.20   25.35    1.30    0.89   10.00
  863.25   22.90   25.35    0.00    2.09    7.50
  863.50   27.50   25.35    2.50    1.88    5.00
  863.75   25.60   25.35    3.80    0.70    9.00
  864.00   24.50   25.35    0.00    0.54   10.00
  864.25   22.80   25.35    0.10    1.62    9.00
  864.50   25.90   25.35    0.00    4.22    8.00
  864.75   31.30   25.35    1.60    1.83    5.00
  865.00   24.10   25.35    1.30    0.47    5.00
  865.25   22.70   25.35    0.00    1.68    6.00
  865.50   28.40   25.35    0.80    1.57    7.00
  865.75   31.00   25.35    2.50    1.34    5.00
  866.00   24.80   25.35    1.50    0.45    3.00
  866.25   22.40   25.35    0.00    1.26    3.00
  866.50   28.00   25.35    2.80    1.95    3.00
  866.75   29.80   25.35    1.70    1.24    6.00
  867.00   24.50   25.35    0.80    0.61   10.00
  867.25   23.00   25.35    0.00    1.19    7.50
  867.50   27.80   25.35    1.60    1.87    5.00
  867.75   30.70   25.35    1.70    1.52    4.00
  868.00   23.20   25.35    0.00    0.59    0.00
  868.25   22.70   25.35    0.00    5.06    1.50
  868.50   29.50   25.35    0.00    2.57    3.00
  868.75   32.60   25.35    0.00    5.10    1.00
  869.00   25.20   25.35    0.00    0.40    3.00
  869.25   22.10   25.35    0.00    3.32    3.50
  869.50   28.20   25.35    0.00    2.78    4.00
  869.75   30.40   25.35    3.30    1.52    4.00
  870.00   24.00   23.80    1.40    0.54    1.00
  870.25   23.10   23.10    0.00    1.76    4.00
  870.50   27.20   25.50    0.20    2.86    7.00
  870.75   31.20   27.30    1.20    1.54    5.00
  871.00   24.50   22.90    1.90    0.70    0.00
  871.25   22.60   21.30    0.00    1.66    4.00
  871.50   28.40   25.00    1.50    1.29    8.00
  871.75   31.20   25.70    0.50    1.66    3.00
  872.00   25.20   22.40    0.80    0.54    8.00
  872.25   23.80   21.70    0.00    0.65    8.00
  872.50   27.30   22.90    2.00    1.76    8.00
  872.75   31.90   24.40    1.40    1.47    3.00
  873.00   23.60   21.50    0.70    0.66   10.00
  873.25   23.50   21.90    0.00    2.48    9.50
  873.50   26.80   25.30    0.00    1.29    9.00
  873.75   29.10   28.45    2.40    1.34    8.00
  874.00   23.70   28.45    0.00    0.44   10.00
  874.25   22.60   28.45    0.00    1.13    6.50
  874.50   28.70   28.45    0.80    1.92    3.00
  874.75   31.60   31.60    0.30    1.40    3.00
  875.00   23.60   21.50    0.00    0.66    7.00
  875.25   22.30   21.00    0.00    1.27    7.00
  875.50   28.60   24.40    0.00    6.09    7.00
  875.75   24.70   24.70    0.00    1.19   10.00
  876.00   24.40   23.95    0.00    0.84   10.00
  876.25   23.70   23.95    0.00    2.06    7.50
  876.50   26.70   23.95    0.00    2.71    5.00
  876.75   30.10   23.95    0.00    3.12    8.00
  877.00   24.20   23.95    0.00    0.86    8.00
  877.25   22.40   23.95    0.00    1.99    6.00
  877.50   28.40   23.95    0.00    1.92    4.00
  877.75   29.90   23.95    0.00    2.50    6.00
  878.00   25.10   23.95    0.20    0.47    5.00
  878.25   23.30   23.20    0.00    0.49    7.00
  878.50   27.40   27.40    0.00    2.23    9.00
  878.75   25.70   26.00    2.00    3.07    9.00
  879.00   24.90   24.60    0.00    3.28    9.00
  879.25   23.70   23.50    0.00    0.87    9.00
  879.50   26.90   26.30    0.00    1.94    9.00
  879.75   31.20   30.40    1.20    1.88    7.00
  880.00   22.70   20.20    0.00    1.19    4.00
  880.25   21.40   20.00    0.00    3.84    4.50
  880.50   28.10   24.90    0.00    4.19    5.00
  880.75   31.80   24.30    1.00    2.72    3.00
  881.00   22.60   20.00    0.00    1.90    3.00
  881.25   21.60   19.30    0.50    2.84    3.50
  881.50   28.40   22.10    1.80    3.96    4.00
  881.75   31.50   19.60    2.10    2.08    7.00
  882.00   23.90   19.30    0.90    1.76   10.00
  882.25   21.40   19.30    1.30    3.39    6.50
  882.50   28.20   20.20    0.90    3.30    3.00
  882.75   31.60   19.40    2.50    1.31    4.00
  883.00   24.70   20.40    1.60    1.59    1.00
  883.25   21.70   20.50    0.00    1.17    4.50
  883.50   27.30   22.20    0.40    2.32    8.00
  883.75   28.90   21.90    0.10    6.16    9.00
  884.00   24.00   21.10    0.40    0.58    8.00
  884.25   23.10   21.20    0.00    2.76    8.00
  884.50   28.40   22.10    2.20    1.87    8.00
  884.75   31.10   20.40    3.10    1.48    8.00
  885.00   24.90   21.80    1.90    1.05    2.00
  885.25   21.40   20.00    0.00    2.02    4.50
  885.50   27.10   22.10    1.00    3.32    7.00
  885.75   30.40   23.10    0.40    1.61    9.00
  886.00   24.70   21.90    0.00    6.27    6.00
  886.25   23.40   21.60    1.00    2.90    7.00
  886.50   27.90   22.90    0.80    3.47    8.00
  886.75   31.40   21.60    2.70    1.64    8.00
  887.00   24.10   21.00    0.90    0.59    3.00
  887.25   23.00   21.30    0.00    0.98    6.00
  887.50   23.10   21.20    2.10    4.26    9.00
  887.75   32.30   22.00    0.50    2.55    4.00
  888.00   23.00   20.30    1.80    0.47    0.00
  888.25   19.60   18.00    0.00    1.73    0.50
  888.50   28.40   22.00    0.90    1.57    1.00
  888.75   30.80   19.30    1.70    1.62    3.00
  889.00   24.40   20.40    1.50    0.56    0.00
  889.25   21.30   19.80    0.80    1.76    4.50
  889.50   26.20   21.60    1.00    4.14    9.00
  889.75   27.40   23.10    2.30    0.99    9.00
  890.00   24.10   22.60    1.30    1.12    8.00
  890.25   22.00   20.60    0.40    2.81    8.00
  890.50   26.50   25.50    0.80    3.02    8.00
  890.75   30.20   23.35    3.00    1.66    7.00
  891.00   22.80   23.35    1.70    0.56    7.00
  891.25   21.20   21.20    1.50    4.00    5.00
  891.50   28.00   27.40    2.90    1.55    3.00
  891.75   32.60   27.50    4.10    1.50    4.00
  892.00   23.40   20.90    0.70    0.61    4.00
  892.25   19.80   18.20    0.40    1.76    2.50
  892.50   27.10   22.30    0.60    4.08    1.00
  892.75   32.80   20.20    2.30    1.73    3.00
  893.00   21.90   19.30    1.40    0.35    0.00
  893.25   20.90   19.70    0.00    0.59    2.00
  893.50   26.50   20.60    1.70    2.02    4.00
  893.75   32.00   17.80    3.30    1.61    4.00
  894.00   21.90   18.90    1.30    0.51    0.00
  894.25   18.50   17.50    1.40    0.93    0.50
  894.50   26.90   20.10    1.30    3.80    1.00
  894.75   34.00   17.20    1.30    1.71    1.00
  895.00   23.10   18.70    0.80    0.45    0.00
  895.25   19.60   17.70    0.50    3.87    1.00
  895.50   28.30   18.00    3.70    1.95    2.00
  895.75   33.80   15.70    2.20    1.62    4.00
  896.00   24.40   19.80    2.00    0.61    0.00
  896.25   20.00   18.70    0.00    5.95    1.50
  896.50   28.20   20.40    2.10    1.75    3.00
  896.75   31.50   19.00    0.60    1.64    4.00
  897.00   24.80   20.70    2.10    0.59    0.00
  897.25   20.00   18.70    0.00    3.05    1.50
  897.50   28.10   20.70    1.70    2.20    3.00
  897.75   34.70   17.80    2.80    1.52    5.00
  898.00   25.00   20.80    2.80    0.47    0.00
  898.25   20.90   19.40    0.00    2.84    2.50
  898.50   29.20   22.90    0.00    2.02    5.00
  898.75   31.80   19.00    3.30    1.66    7.00
  899.00   24.70   21.40    2.20    0.45    0.00
  899.25   21.90   20.70    0.00    2.04    3.00
  899.50   28.00   21.40    3.30    1.61    6.00
  899.75   33.00   17.70    3.40    1.45    6.00
  900.00   23.70   20.60    0.00    0.44    7.00
  900.25   22.40   21.10    0.00    0.40    8.00
  900.50   24.70   22.70    0.80    1.78    9.00
  900.75   28.90   22.70    2.70    0.03    6.00
  901.00   24.20   21.80    0.90    0.28    7.00
  901.25   22.00   20.50    0.00    0.98    8.50
  901.50   25.20   21.60    0.00    0.99   10.00
  901.75   32.60   19.00    1.00    0.94    5.00
  902.00   24.40   20.90    1.80    0.40    1.00
  902.25   19.80   18.50    0.00    4.12    2.50
  902.50   27.80   21.60    0.10    2.79    4.00
  902.75   34.10   17.10    2.00    2.43    5.00
  903.00   24.80   21.40    1.60    0.52    0.00
  903.25   21.90   20.40    0.00    1.57    3.50
  903.50   27.00   21.50    0.80    3.40    7.00
  903.75   33.40   17.00    0.30    2.57    9.00
  904.00   24.30   18.70    1.20    0.59    2.00
  904.25   19.80   18.00    0.20    2.93    1.50
  904.50   26.90   19.70    1.10    2.69    1.00
  904.75   31.20   18.00    2.00    2.57    5.00
  905.00   24.30   20.10    1.70    0.49    3.00
  905.25   21.00   19.80    0.50    3.09    2.00
  905.50   28.90   18.20    2.20    1.94    1.00
  905.75   34.80   15.60    3.20    1.13    1.00
  906.00   24.20   19.40    1.50    0.52    1.00
  906.25   20.10   18.00    0.00    5.99    1.00
  906.50   28.50   16.60    1.20    2.60    1.00
  906.75   34.10   15.20    4.20    1.62    3.00
  907.00   25.50   17.70    1.50    2.57    0.00
  907.25   21.60   18.70    0.00    1.62    3.00
  907.50   30.20   19.70    2.10    1.97    6.00
  907.75   32.70   17.10    0.80    3.28    7.00
  908.00   25.10   20.30    1.20    0.21    5.00
  908.25   21.00   19.10    0.00    1.52    4.00
  908.50   29.00   20.30    1.30    1.40    3.00
  908.75   32.50   15.40    0.60    2.48    8.00
  909.00   25.10   20.10    2.40    0.35    0.00
  909.25   19.90   18.70    0.00    1.27    2.50
  909.50   28.40   21.50    0.80    3.94    5.00
  909.75   33.50   17.60    2.60    2.57    8.00
  910.00   25.90   20.90    2.60    0.52    5.00
  910.25   21.50   20.00    0.00    1.34    4.00
  910.50   28.50   20.70    2.60    1.85    3.00
  910.75   35.50   17.20    1.60    1.94    4.00
  911.00   25.40   20.80    2.30    0.47    0.00
  911.25   20.70   19.20    0.00    0.98    3.00
  911.50   29.10   19.80    3.10    1.80    6.00
  911.75   32.70   16.30    2.40    2.01    7.00
  912.00   25.10   20.00    2.40    0.44    1.00
  912.25   20.30   18.90    0.00    2.22    2.50
  912.50   27.00   20.20    1.30    3.58    4.00
  912.75   32.80   15.40    1.40    3.47    4.00
  913.00   25.50   19.90    3.70    0.47    5.00
  913.25   23.00   20.60    1.20    3.14    3.50
  913.50   29.10   20.20    0.90    2.09    2.00
  913.75   33.10   15.60    0.10    2.57    4.00
  914.00   26.30   20.40    3.40    0.37    6.00
  914.25   24.30   21.80    0.00    0.30    7.50
  914.50   26.70   21.60    0.00    2.64    9.00
  914.75   35.00   17.10    0.70    3.30    7.00
  915.00   26.20   21.50    3.70    0.37    5.00
  915.25   21.20   19.80    0.00    1.64    6.00
  915.50   29.60   20.60    1.90    1.76    7.00
  915.75   35.90   17.80    0.70    3.86    7.50
  916.00   26.50   20.50    2.20    0.35    8.00
  916.25   22.80   20.90    0.00    2.02    7.50
  916.50   29.40   21.60    2.40    1.99    7.00
  916.75   35.50   17.50    1.10    3.05    3.50
  917.00   25.50   18.90    2.20    0.38    0.00
  917.25   21.50   19.70    0.10    2.62    2.00
  917.50   28.70   19.80    1.90    1.90    4.00
  917.75   35.30   15.60    2.10    1.75    3.50
  918.00   25.70   18.50    2.50    0.44    3.00
  918.25   20.40   18.60    0.00    2.55    2.50
  918.50   29.80   21.20    1.20    1.94    2.00
  918.75   33.50   17.30    2.90    1.61    4.50
  919.00   26.00   21.40    3.70    0.82    7.00
  919.25   23.60   22.70    0.00    3.63    8.00
  919.50   25.40   22.40    1.90    1.01    9.00
  919.75   27.60   22.20    1.60    0.38    9.00
  920.00   23.50   21.90    0.40    1.10    9.00
  920.25   22.70   21.40    1.00    0.77    9.50
  920.50   23.70   21.90    0.20    0.73   10.00
  920.75   32.00   20.30    0.80    2.13    5.50
  921.00   25.20   21.30    1.90    0.56    1.00
  921.25   23.10   21.10    0.50    1.22    4.50
  921.50   27.10   21.40    0.40    5.10    8.00
  921.75   34.50   19.70    0.70    5.53    5.00
  922.00   25.80   21.10    1.90    0.51    2.00
  922.25   24.50   21.60    1.80    0.42    6.00
  922.50   25.00   23.40    0.00    5.90   10.00
  922.75   29.80   18.60    4.60    1.50    6.00
  923.00   23.50   20.20    1.10    0.51    2.00
  923.25   21.90   20.30    0.00    0.98    4.50
  923.50   26.40   20.50    0.20    0.82    7.00
  923.75   34.10   16.70    2.90    1.20    3.50
  924.00   24.50   20.40    0.10    0.58    0.00
  924.25   20.30   19.00    0.00    2.06    2.50
  924.50   28.40   20.90    0.90    2.37    5.00
  924.75   34.20   17.50    1.70    1.80    2.50
  925.00   25.70   21.20    2.30    0.49    0.00
  925.25   21.70   20.20    0.00    0.05    3.50
  925.50   28.00   20.50    2.80    2.20    7.00
  925.75   34.90   15.30    2.60    2.60    3.50
  926.00   25.40   20.40    3.00    0.51    0.00
  926.25   20.30   18.90    0.00    2.06    3.00
  926.50   28.70   19.20    4.10    1.92    6.00
  926.75   34.90   15.30    2.10    1.01    3.00
  927.00   24.70   18.10    2.60    0.49    0.00
  927.25   19.40   17.50    0.00    3.00    3.50
  927.50   28.60   20.30    3.70    1.64    7.00
  927.75   34.20   16.80    2.30    1.36    7.00
  928.00   25.20   19.10    1.60    0.35    7.00
  928.25   22.40   19.80    0.00    0.91    6.50
  928.50   29.10   19.50    2.20    1.76    6.00
  928.75   33.80   15.50    1.50    2.08    4.00
  929.00   25.90   20.00    2.70    0.44    2.00
  929.25   20.90   19.00    0.00    1.20    3.50
  929.50   28.80   19.70    2.00    2.22    5.00
  929.75   35.70   14.90    3.40    0.86    2.50
  930.00   25.30   18.80    2.80    0.47    0.00
  930.25   20.60   19.50    0.00    0.19    1.50
  930.50   28.30   19.90    1.60    2.11    3.00
  930.75   35.90   14.60    2.80    1.62    2.00
  931.00   25.40   19.90    2.30    0.59    1.00
  931.25   21.00   19.00    0.00    2.86    3.50
  931.50   29.70   20.30    1.40    2.55    6.00
  931.75   36.20   13.10    2.70    3.39    3.00
  932.00   25.10   19.50    2.60    0.61    0.00
  932.25   20.50   18.50    0.10    1.54    0.50
  932.50   28.90   15.30    3.40    1.71    1.00
  932.75   35.60    9.70    3.10    1.71    0.50
  933.00   25.20   17.10    2.80    0.52    0.00
  933.25   19.60   17.80    0.00    3.33    3.00
  933.50   28.80   21.00    1.60    1.64    6.00
  933.75   33.40   17.30    3.70    1.48    3.50
  934.00   25.80   20.30    2.30    0.51    1.00
  934.25   23.30   20.50    0.00    1.05    5.50
  934.50   28.30   21.20    1.50    1.62   10.00
  934.75   31.80   18.70    2.40    1.83    9.00
  935.00   26.40   21.00    3.60    0.49    8.00
  935.25   23.40   20.40    0.00    2.93    6.00
  935.50   29.90   18.30    3.80    2.51    4.00
  935.75   35.60   15.70    2.40    2.37    3.00
  936.00   26.00   18.50    2.80    0.45    2.00
  936.25   20.80   18.00    0.80    2.97    2.00
  936.50   29.50   17.20    2.30    2.48    2.00
  936.75   36.20   14.00    2.20    1.94    1.00
  937.00   25.80   19.60    3.00    0.56    0.00
  937.25   20.90   18.80    0.00    1.90    1.50
  937.50   29.40   19.30    0.70    3.82    3.00
  937.75   36.50   13.70    2.70    1.50    1.50
  938.00   25.70   19.30    2.00    0.47    0.00
  938.25   22.10   20.10    0.60    3.07    4.00
  938.50   28.90   20.70    2.10    2.64    8.00
  938.75   34.50   18.10    1.80    2.78    5.00
  939.00   26.20   19.70    3.30    0.56    2.00
  939.25   23.20   20.50    0.00    0.45    4.50
  939.50   30.00   20.80    2.30    2.23    7.00
  939.75   34.70   16.30    1.80    1.75    3.50
  940.00   26.00   19.40    2.80    0.47    0.00
  940.25   22.60   20.00    0.60    2.84    4.00
  940.50   28.40   20.90    1.70    1.24    8.00
  940.75   32.70   18.20    1.10    0.65    8.00
  941.00   26.60   20.90    3.60    0.45    8.00
  941.25   22.90   20.00    0.00    2.08    7.00
  941.50   29.90   20.10    2.00    1.90    6.00
  941.75   36.40   16.20    2.40    1.19    3.50
  942.00   25.60   19.30    2.70    0.49    1.00
  942.25   20.60   18.70    0.00    1.29    4.50
  942.50   28.60   20.90    1.30    1.69    8.00
  942.75   33.90   16.20    4.80    1.27    4.00
  943.00   25.60   19.90    2.10    0.51    0.00
  943.25   19.80   18.00    0.10    1.19    3.50
  943.50   27.70   20.10    3.50    1.87    7.00
  943.75   35.90   14.80    2.80    1.12    3.50
  944.00   25.40   21.00    3.60    0.38    0.00
  944.25   22.20   20.20    0.00    1.76    4.00
  944.50   26.10   22.10    0.00    1.10    8.00
  944.75   30.60   20.20    3.80    0.23    9.00
  945.00   25.90   20.30    2.30    0.40    7.00
  945.25   22.30   20.50    0.00    1.27    8.00
  945.50   28.60   21.10    1.90    2.30    9.00
  945.75   35.50   16.70    2.40    1.03    5.00
  946.00   25.60   19.90    2.90    0.40    0.00
  946.25   22.80   20.80    0.00    1.64    2.50
  946.50   29.70   20.90    2.80    1.36    5.00
  946.75   36.10   16.20    2.10    0.82    5.00
  947.00   24.80   19.30    2.70    0.44    0.00
  947.25   22.30   20.20    0.00    1.61    4.00
  947.50   27.10   20.00    1.60    2.08    8.00
  947.75   35.20   15.30    1.80    1.54    7.00
  948.00   25.80   18.80    3.40    0.40    0.00
  948.25   22.10   20.10    0.00    1.27    4.00
  948.50   27.80   20.90    2.30    2.08    8.00
  948.75   34.50   15.90    0.20    2.41    7.00
  949.00   25.90   20.50    3.10    0.42    0.00
  949.25   21.50   19.70    0.00    1.73    3.00
  949.50   29.60   19.50    3.40    1.57    6.00
  949.75   36.50   16.40    2.00    1.31    3.00
  950.00   25.60   19.60    2.50    0.40    0.00
  950.25   20.70   18.60    0.00    1.94    3.50
  950.50   29.10   20.90    2.10    1.71    7.00
  950.75   35.10   15.90    3.10    1.12    8.00
  951.00   26.10   20.00    1.90    0.49    3.00
  951.25   23.50   21.00    0.00    0.82    3.00
  951.50   30.70   18.90    3.40    1.64    3.00
  951.75   35.80   14.20    3.60    2.13    3.00
  952.00   25.50   19.20    3.80    0.44    0.00
  952.25   21.60   19.50    0.00    0.35    4.00
  952.50   29.80   20.10    2.00    1.75    8.00
  952.75   35.20   14.00    0.00    2.02    6.00
  953.00   25.70   19.80    2.90    0.40    0.00
  953.25   22.00   20.10    0.00    0.49    1.50
  953.50   29.90   20.60    2.40    1.59    3.00
  953.75   34.40   15.50    0.10    1.24    1.00
  954.00   25.70   19.60    1.30    0.47    0.00
  954.25   22.80   20.80    0.00    0.59    4.00
  954.50   28.50   20.20    3.10    2.32    8.00
  954.75   35.40   16.10    1.50    0.82    5.00
  955.00   25.70   19.40    0.50    0.51    0.00
  955.25   21.10   19.50    0.00    0.84    3.50
  955.50   29.00   20.10    0.30    1.33    7.00
  955.75   36.30   14.10    2.70    0.47    4.00
  956.00   25.20   21.10    0.90    0.49    0.00
  956.25   22.40   21.00    0.00    0.45    3.00
  956.50   29.00   20.00    0.00    2.36    6.00
  956.75   36.50   16.40    1.40    1.50    4.00
  957.00   25.70   19.60    1.40    0.58    0.00
  957.25   21.80   20.50    0.00    1.01    3.00
  957.50   30.60   21.00    3.40    1.38    6.00
  957.75   37.80   15.10    3.00    1.13    5.00
  958.00   25.90   20.80    3.50    0.52    0.00
  958.25   21.40   19.60    0.00    3.25    4.00
  958.50   27.70   20.30    0.70    2.15    8.00
  958.75   34.90   13.00    5.00    1.71    4.00
  959.00   26.40   19.00    2.50    0.52    0.00
  959.25   22.60   19.70    0.70    0.87    2.00
  959.50   31.20   20.70    1.80    1.76    4.00
  959.75   31.50   18.60    3.70    1.10   10.00
  960.00   25.40   18.60    1.70    0.30    0.00
  960.25   21.40   18.60    0.50    0.82    2.00
  960.50   30.70   18.70    4.10    1.83    4.00
  960.75   36.70   14.10    2.60    2.71    5.00
  961.00   25.80   19.30    2.50    0.33    0.00
  961.25   20.40   18.10    0.30    1.38    0.50
  961.50   30.00   16.20    5.10    2.02    1.00
  961.75   36.60   11.40    3.00    1.80    1.00
  962.00   25.20   17.70    2.10    0.51    0.00
  962.25   21.50   19.30    0.40    1.88    2.00
  962.50   29.40   17.20    5.10    1.94    4.00
  962.75   36.10   10.70    4.30    1.26    0.00
  963.00   25.50   18.50    3.30    0.45    0.00
  963.25   21.50   19.50    0.00    1.45    1.50
  963.50   30.40   17.30    3.50    2.04    3.00
  963.75   35.20   12.60    2.90    1.73    1.00
  964.00   25.70   18.10    3.20    0.42    0.00
  964.25   20.50   18.00    0.10    0.82    1.50
  964.50   29.70   17.20    5.50    1.75    3.00
  964.75   36.20   13.30    3.30    1.57    3.00
  965.00   26.20   18.30    2.60    0.52    0.00
  965.25   22.00   18.90    0.00    2.16    2.50
  965.50   29.50   18.80    2.20    2.41    5.00
  965.75   36.30   11.80    2.80    2.25    3.00
  966.00   27.20   15.90    3.10    0.38    0.00
  966.25   21.60   18.60    0.00    5.69    4.00
  966.50   29.60   19.30    3.40    1.45    8.00
  966.75   37.00   13.40    2.30    1.88    4.00
  967.00   26.20   17.40    2.10    0.44    0.00
  967.25   19.70   17.60    0.00    0.10    1.50
  967.50   31.10   20.00    1.40    1.94    3.00
  967.75   37.70   13.80    3.20    1.48    3.00
  968.00   26.50   18.90    3.60    0.52    0.00
  968.25   22.90   20.60    0.10    0.42    2.50
  968.50   29.70   19.70    2.80    1.34    5.00
  968.75   36.20   15.30    2.00    1.03    4.00
  969.00   25.90   20.70    3.40    0.40    0.00
  969.25   23.30   21.00    0.00    6.27    2.50
  969.50   29.90   20.10    2.70    2.46    5.00
  969.75   36.80   15.10    2.10    3.19    3.00
  970.00   26.30   20.30    4.20    0.44    0.00
  970.25   22.70   20.10    0.00    1.34    2.50
  970.50   30.00   17.00    5.50    1.75    5.00
  970.75   36.90   14.40    0.20    1.36    2.00
  971.00   26.10   18.00    3.20    0.30    0.00
  971.25   21.30   18.90    0.00    0.31    2.00
  971.50   29.10   18.00    2.70    1.90    4.00
  971.75   34.60   13.30    2.80    1.31    4.00
  972.00   26.10   19.30    3.20    0.45    0.00
  972.25   23.10   20.80    0.00    0.30    3.00
  972.50   29.70   19.70    1.80    1.88    6.00
  972.75   34.80   15.00    1.90    2.64    7.00
  973.00   26.00   20.20    4.10    0.42    1.00
  973.25   21.50   19.60    0.00    1.55    2.50
  973.50   28.20   19.20    2.20    2.46    4.00
  973.75   36.30   15.30    0.70    2.91    4.00
  974.00   25.70   20.20    3.60    0.07    3.00
  974.25   22.50   20.50    1.30    0.72    6.00
  974.50   28.00   19.40    3.50    2.25    9.00
  974.75   35.80   15.20    1.10    5.43    7.00
  975.00   26.00   18.90    3.60    0.44    0.00
  975.25   23.20   20.00    0.90    0.09    2.50
  975.50   30.00   18.20    3.60    1.47    5.00
  975.75   34.90   14.30    2.10    1.59    6.00
  976.00   25.90   18.10    3.30    0.42    2.00
  976.25   21.80   19.20    0.00    0.77    4.00
  976.50   29.60   19.60    2.60    1.24    6.00
  976.75   37.20   15.50    1.50    2.09    8.00
  977.00   26.40   19.40    2.40    0.45    0.00
  977.25   23.20   20.40    0.00    1.17    1.50
  977.50   30.30   19.10    1.60    1.71    3.00
  977.75   37.50   14.10    2.40    2.34    3.00
  978.00   26.50   18.80    3.60    0.49    0.00
  978.25   23.80   20.50    1.30    0.24    1.50
  978.50   28.50   17.90    2.90    1.66    3.00
  978.75   36.60   14.10    2.90    0.70    1.00
  979.00   25.70   19.70    3.70    0.52    0.00
  979.25   24.30   21.40    0.00    0.30    3.50
  979.50   29.90   19.40    3.70    1.50    7.00
  979.75   34.70   15.70    0.90    1.29    6.00
  980.00   26.20   20.20    1.40    0.49    0.00
  980.25   23.00   20.20    0.00    5.99    4.00
  980.50   28.70   19.50    4.50    1.62    8.00
  980.75   35.30   16.10    3.40    1.31    6.00
  981.00   26.40   18.90    3.10    0.44    0.00
  981.25   22.30   18.80    0.00    0.80    3.50
  981.50   29.80   19.00    3.20    1.69    7.00
  981.75   35.70   14.60    1.70    1.59    3.00
  982.00   26.80   19.10    2.30    0.47    0.00
  982.25   24.00   20.90    0.50    0.28    0.50
  982.50   30.70   19.00    3.40    2.08    1.00
  982.75   36.70   13.00    2.70    2.30    6.00
  983.00   26.10   17.40    3.20    0.52    0.00
  983.25   22.60   19.30    0.00    1.40    1.50
  983.50   29.70   18.50    2.90    1.54    3.00
  983.75   36.60   13.80    1.30    1.22    1.00
  984.00   26.10   18.10    3.60    0.38    0.00
  984.25   22.30   19.40    0.00    1.55    1.00
  984.50   30.50   17.70    3.40    1.92    2.00
  984.75   38.60   14.90    1.90    1.83    4.00
  985.00   26.80   21.30    3.00    0.33    5.00
  985.25   23.90   20.20    0.00    3.33    7.00
  985.50   28.70   20.80    2.30    2.06    9.00
  985.75   36.20   17.40    4.00    1.85    5.00
  986.00   26.20   20.30    3.50    0.52    0.00
  986.25   22.90   20.30    0.10    1.73    1.00
  986.50   30.60   17.00    6.00    1.47    2.00
  986.75   37.00   15.10    4.80    1.50    2.00
  987.00   25.80   18.40    3.70    0.54    0.00
  987.25   22.00   18.50    0.60    1.10    0.50
  987.50   30.30   16.50    4.60    1.82    1.00
  987.75   36.50   11.10    4.10    1.75    1.00
  988.00   26.50   16.90    2.20    0.45    0.00
  988.25   21.20   18.50    0.00    1.03    0.50
  988.50   30.20   15.80    3.50    1.90    1.00
  988.75   37.00   12.80    3.50    1.33    6.00
  989.00   26.10   16.60    3.40    0.42    0.00
  989.25   21.90   19.20    0.10    1.10    2.50
  989.50   30.30   18.00    4.90    1.27    5.00
  989.75   36.80   11.40    4.70    1.26    0.00
  990.00   26.40   17.60    3.30    0.54    0.00
  990.25   22.20   18.00    0.00    1.78    1.00
  990.50   30.50   17.70    4.30    1.73    2.00
  990.75   36.70   16.70    5.80    1.05    7.00
  991.00   27.80   20.20    3.00    0.66    0.00
  991.25   23.60   20.10    0.80    1.45    1.50
  991.50   29.20   19.30    2.80    2.09    3.00
  991.75   37.80   15.80    3.70    1.12    3.00
  992.00   27.50   18.20    3.30    0.54    0.00
  992.25   22.50   17.90    0.00    0.94    1.50
  992.50   30.70   17.60    3.80    1.54    3.00
  992.75   38.60   12.50    3.70    1.83    1.00
  993.00   26.70   20.60    4.00    0.51    0.00
  993.25   23.10   19.50    0.30    1.66    1.50
  993.50   29.80   17.80    5.10    1.19    3.00
  993.75   36.30   15.50    5.00    1.10    4.00
  994.00   27.40   17.80    3.90    0.58    0.00
  994.25   22.20   19.20    0.00    0.93    3.00
  994.50   30.40   18.20    2.90    1.80    6.00
  994.75   38.10   15.00    3.80    1.36    6.00
  995.00   27.20   18.70    3.10    0.45    0.00
  995.25   23.10   18.50    0.10    0.93    0.50
  995.50   31.60   17.20    4.00    1.62    1.00
  995.75   36.80   13.20    4.40    1.34    1.00
  996.00   26.80   18.20    2.70    0.45    0.00
  996.25   24.30   20.20    2.30    0.28    1.50
  996.50   31.00   19.70    1.90    2.09    3.00
  996.75   37.70   13.00    4.10    1.33    1.00
  997.00   26.40   19.80    3.80    0.44    0.00
  997.25   23.40   20.70    0.00    0.26    4.50
  997.50   28.90   17.50    3.30    1.64    9.00
  997.75   36.20   16.30    2.60    5.20    3.00
  998.00   26.30   18.80    5.10    0.52    0.00
  998.25   22.60   20.80    0.00    0.52    4.00
  998.50   28.90   20.10    0.00    1.92    8.00
  998.75   37.10   17.30    4.30    1.41    2.00
  999.00   26.40   19.70    4.00    0.49    0.00
  999.25   22.50   19.80    0.20    0.65    4.50
  999.50   29.90   20.20    4.00    1.64    9.00
  999.75   37.10   16.10    3.20    1.36    3.00
 1000.00   26.80   19.30    3.60    0.93    0.00
 1000.25   23.00   20.40    0.00    0.56    3.00
 1000.50   28.50   19.50    2.90    2.16    6.00
 1000.75   36.90   15.70    2.80    1.38    5.00
 1001.00   26.10   19.10    3.90    5.17    0.00
 1001.25   22.60   19.50    0.10    4.35    1.50
 1001.50   31.00   18.10    4.40    4.69    3.00
 1001.75   35.60   15.10    4.40    1.54    4.00
 1002.00   26.80   18.30    3.10    1.03    0.00
 1002.25   23.80   20.10    0.00    5.55    2.50
 1002.50   31.20   19.20    5.70    4.61    5.00
 1002.75   37.70   13.90    4.10    1.50    2.00
 1003.00   26.70   18.90    4.10    5.76    0.00
 1003.25   23.70   20.90    0.90    0.19    3.50
 1003.50   30.50   20.30    3.10    1.71    7.00
 1003.75   38.20   14.00    1.60    2.48    5.00
 1004.00   26.90   20.70    4.20    0.47    0.00
 1004.25   24.50   21.60    0.60    0.19    3.50
 1004.50   29.80   19.70    5.40    1.55    7.00
 1004.75   37.70   16.00    3.30    1.15    5.00
 1005.00   26.00   19.80    4.60    0.47    2.00
 1005.25   24.70   20.50    0.00    1.29    2.50
 1005.50   30.80   18.90    2.40    2.43    3.00
 1005.75   37.20   14.50    3.50    1.47    3.00
 1006.00   25.80   20.40    3.90    0.40    0.00
 1006.25   24.00   20.00    0.00    1.01    3.50
 1006.50   29.10   17.30    3.30    1.41    7.00
 1006.75   37.10   13.10    3.80    2.44    1.00
 1007.00   25.70   18.00    3.80    0.52    0.00
 1007.25   21.50   18.20    0.00    1.10    1.50
 1007.50   30.20   19.60    4.10    1.83    3.00
 1007.75   36.30   13.90    3.80    0.96    3.00
 1008.00   26.20   19.70    4.70    0.49    0.00
 1008.25   23.70   21.20    1.70    0.63    3.50
 1008.50   30.00   20.40    3.40    1.57    7.00
 1008.75   35.40   16.70    1.10    2.46    7.00
 1009.00   26.00   20.10    4.90    0.51    0.00
 1009.25   24.30   21.60    0.70    0.14    4.50
 1009.50   28.90   20.80    2.90    0.99    9.00
 1009.75   36.10   17.50    3.10    1.47    5.00
 1010.00   26.00   20.20    4.30    0.49    0.00
 1010.25   25.10   21.20    0.40    0.51    5.00
 1010.50   29.20   19.50    3.90    1.47   10.00
 1010.75   34.30   18.00    1.30    1.61    4.00
 1011.00   26.20   19.10    3.10    0.52    0.00
 1011.25   23.50   20.70    0.00    0.23    3.50
 1011.50   29.40   19.50    3.60    1.69    7.00
 1011.75   37.20   14.80    4.50    1.33    5.00
 1012.00   27.40   19.00    3.30    0.37    0.00
 1012.25   22.80   19.40    0.00    1.27    3.50
 1012.50   30.30   19.10    4.10    1.50    7.00
 1012.75   37.30   13.40    4.40    1.17    3.00
 1013.00   27.00   17.40    3.50    0.52    0.00
 1013.25   23.30   19.70    0.00    1.52    1.50
 1013.50   30.90   18.00    3.20    1.50    3.00
 1013.75   38.20   12.70    3.20    1.66    2.00
 1014.00   26.80   18.30    3.40    0.51    0.00
 1014.25   23.60   20.50    0.10    1.22    3.50
 1014.50   30.70   18.10    3.50    1.88    7.00
 1014.75   36.60   15.40    4.00    1.59    4.00
 1015.00   26.60   19.10    3.70    0.45    0.00
 1015.25   23.70   20.20    0.30    0.49    3.50
 1015.50   29.20   18.80    3.70    1.87    7.00
 1015.75   35.30   15.30    4.10    1.22    5.00
 1016.00   26.60   17.90    3.40    0.45    0.00
 1016.25   23.20   19.80    0.00    1.26    2.50
 1016.50   29.80   18.60    4.60    1.45    5.00
 1016.75   36.40   16.60    2.40    1.94    3.00
 1017.00   26.60   18.20    3.50    0.33    0.00
 1017.25   22.20   19.80    0.00    1.52    3.50
 1017.50   28.80   18.90    3.00    1.82    7.00
 1017.75   37.50   15.70    2.70    0.10    5.00
 1018.00   26.60   20.60    4.90    0.52    6.00
 1018.25   26.30   20.90    0.70    0.61    6.00
 1018.50   29.70   19.80    2.90    1.55    6.00
 1018.75   36.10   18.10    2.70    0.21    8.00
 1019.00   26.70   21.00    4.70    0.31    2.00
 1019.25   25.40   21.90    2.30    0.54    5.50
 1019.50   28.90   21.20    1.60    1.17    9.00
 1019.75   33.50   19.20    5.00    0.33    7.00
 1020.00   26.20   21.20    3.30    0.21    3.00
 1020.25   23.80   21.50    1.30    0.77    5.50
 1020.50   28.90   20.80    3.50    0.30    8.00
 1020.75   34.30   17.70    2.40    0.33    7.00
 1021.00   26.70   20.80    3.20    0.33    0.00
 1021.25   24.70   22.10    0.00    0.35    3.00
 1021.50   30.50   20.60    1.60    1.10    6.00
 1021.75   36.50   16.10    2.60    0.96    5.00
 1022.00   26.40   20.20    4.10    0.38    0.00
 1022.25   24.70   21.00    0.00    0.87    4.00
 1022.50   30.00   18.90    4.80    1.34    8.00
 1022.75   35.90   14.60    5.00    1.54    6.00
 1023.00   26.30   19.10    4.20    1.01    0.00
 1023.25   23.60   20.90    0.00    1.17    2.50
 1023.50   29.40   18.20    1.90    1.38    5.00
 1023.75   36.90   15.10    3.70    1.55    5.00
 1024.00   26.10   19.80    4.00    1.01    0.00
 1024.25   22.50   20.10    0.30    1.95    0.50
 1024.50   30.60   20.10    2.30    1.92    1.00
 1024.75   39.40   11.00    2.20    1.97    1.00
 1025.00   26.00   20.60    4.30    0.31    0.00
 1025.25   24.00   20.90    2.10    0.56    2.50
 1025.50   30.40   19.20    0.60    1.62    5.00
 1025.75   36.30   16.20    0.80    0.21    5.00
 1026.00   26.40   19.50    4.00    0.99    0.00
 1026.25   23.00   21.00    0.00    1.08    4.50
 1026.50   29.00   19.60    2.90    1.54    9.00
 1026.75   36.60   15.80    3.40    1.61    6.00
 1027.00   26.90   19.90    2.30    0.98    0.00
 1027.25   22.80   19.80    0.00    1.19    4.00
 1027.50   30.30   18.90    4.90    1.62    8.00
 1027.75   37.00   14.30    4.30    1.36    4.00
 1028.00   27.80   18.90    3.80    1.03    0.00
 1028.25   23.80   20.70    0.00    1.38    4.00
 1028.50   31.30   19.90    4.60    1.69    8.00
 1028.75   38.20   14.00    3.40    1.87    3.00
 1029.00   27.40   19.40    3.20    0.45    0.00
 1029.25   23.20   19.40    0.00    1.20    1.50
 1029.50   30.10   19.10    4.50    1.27    3.00
 1029.75   37.40   14.40    3.20    1.36    3.00
 1030.00   27.00   18.70    3.80    0.52    0.00
 1030.25   24.40   20.60    0.40    0.30    4.00
 1030.50   30.00   19.40    3.80    1.76    8.00
 1030.75   36.30   14.80    3.30    1.64    4.00
 1031.00   26.70   20.30    4.50    0.56    0.00
 1031.25   23.70   21.30    0.10    6.07    4.50
 1031.50   29.50   20.20    2.70    1.68    9.00
 1031.75   37.00   17.10    3.50    0.66    5.00
 1032.00   26.40   19.80    4.60    0.51    0.00
 1032.25   23.00   20.60    0.00    0.54    2.50
 1032.50   30.30   19.60    1.60    1.57    5.00
 1032.75   36.40   16.90    3.40    0.98    7.00
 1033.00   27.00   19.60    3.10    0.77    2.00
 1033.25   24.40   21.40    1.90    0.98    3.00
 1033.50   30.50   20.10    1.70    1.41    4.00
 1033.75   37.40   14.80    1.40    2.81    3.00
 1034.00   27.10   21.30    5.10    1.01    0.00
 1034.25   25.30   22.10    0.00    6.20    4.50
 1034.50   31.10   19.80    4.00    1.66    9.00
 1034.75   36.80   16.50    3.70    1.22    7.00
 1035.00   27.30   20.40    4.40    1.03    0.00
 1035.25   22.90   20.20    0.00    0.61    1.50
 1035.50   31.20   18.30    5.50    1.20    3.00
 1035.75   35.60   15.70    4.00    0.82    6.00
 1036.00   26.60   19.90    4.00    1.01    0.00
 1036.25   22.30   19.20    0.00    1.22    3.50
 1036.50   30.50   19.60    4.80    1.45    7.00
 1036.75   37.00   15.70    2.10    1.90    7.00
 1037.00   26.80   18.80    3.40    1.01    0.00
 1037.25   23.90   21.40    0.00    0.73    3.50
 1037.50   30.50   18.60    1.90    1.88    7.00
 1037.75   35.30   15.30    2.50    1.62    4.00
 1038.00   26.60   21.10    4.30    0.79    0.00
 1038.25   24.10   21.40    0.00    0.94    5.00
 1038.50   29.50   20.90    2.20    1.57   10.00
 1038.75   36.00   16.20    4.50    1.50    6.00
 1039.00   27.00   19.70    4.70    1.01    0.00
 1039.25   23.60   20.90    0.00    1.03    2.50
 1039.50   30.20   19.10    4.30    1.22    5.00
 1039.75   35.90   16.70    2.20    0.91    6.00
 1040.00   27.00   20.00    3.20    0.49    3.00
 1040.25   24.00   21.40    0.00    0.26    5.00
 1040.50   29.80   20.20    0.30    1.48    7.00
 1040.75   37.20   17.10    2.60    2.67    6.00
 1041.00   26.40   21.70    4.90    1.01    1.00
 1041.25   25.00   21.30    0.00    6.23    3.00
 1041.50   30.30   19.50    1.10    1.40    5.00
 1041.75   31.60   20.30    1.60    1.20   10.00
 1042.00   27.00   21.10    3.70    1.05    0.00
 1042.25   24.60   20.70    0.30    0.58    4.00
 1042.50   29.70   20.50    2.30    0.28    8.00
 1042.75   36.00   18.10    3.40    1.66    6.00
 1043.00   26.70   20.10    3.60    1.01    0.00
 1043.25   23.80   20.70    0.00    1.69    3.50
 1043.50   29.20   19.20    2.80    0.54    7.00
 1043.75   35.90   15.90    3.30    1.47    5.00
 1044.00   26.60   18.70    2.90    1.03    0.00
 1044.25   23.20   18.90    1.40    2.84    3.00
 1044.50   31.70   18.70    5.10    1.55    6.00
 1044.75   37.90   15.10    5.20    1.34    4.00
 1045.00   28.10   18.30    3.80    0.45    0.00
 1045.25   24.10   20.40    0.00    1.06    3.00
 1045.50   31.60   18.60    5.00    1.57    6.00
 1045.75   36.90   15.00    4.10    1.59    4.00
 1046.00   26.80   20.70    4.50    0.44    0.00
 1046.25   25.20   21.30    0.00    1.36    4.00
 1046.50   31.00   18.40    4.10    1.47    8.00
 1046.75   38.30   13.10    3.20    1.73    4.00
 1047.00   27.30   19.80    4.20    0.52    0.00
 1047.25   23.30   19.80    0.00    1.10    3.50
 1047.50   30.60   19.50    4.30    1.52    7.00
 1047.75   37.30   14.30    3.50    1.50    7.00
 1048.00   27.90   19.70    3.30    0.44    0.00
 1048.25   24.60   21.60    0.00    0.44    4.50
 1048.50   30.00   21.10    3.10    1.78    9.00
 1048.75   38.10   15.30    2.60    1.01    5.00
 1049.00   27.70   20.20    4.60    0.49    0.00
 1049.25   24.30   20.90    0.00    1.27    3.00
 1049.50   30.50   18.40    4.80    1.62    6.00
 1049.75   36.70   14.70    5.10    1.36    4.00
 1050.00   27.20   18.30    3.30    0.51    0.00
 1050.25   23.10   19.80    0.20    1.29    3.00
 1050.50   29.70   17.90    4.00    1.69    6.00
 1050.75   36.60   15.50    4.40    1.64    9.00
 1051.00   26.90   18.70    3.40    0.44    2.00
 1051.25   22.70   19.90    0.00    1.15    3.00
 1051.50   30.60   19.50    2.60    0.30    4.00
 1051.75   35.00   16.10    3.20    1.12    4.00
 1052.00   26.90   19.80    3.30    0.45    0.00
 1052.25   22.00   19.70    0.00    1.59    2.50
 1052.50   32.20   20.00    4.70    1.41    5.00
 1052.75   37.20   14.50    5.00    1.66    3.00
 1053.00   28.50   16.70    2.70    0.54    0.00
 1053.25   23.80   19.90    0.00    1.61    2.00
 1053.50   31.60   18.70    5.40    1.36    4.00
 1053.75   37.70   14.50    3.90    1.57    3.00
 1054.00   28.10   19.70    4.10    0.99    0.00
 1054.25   24.10   20.50    0.00    1.61    3.00
 1054.50   31.20   18.10    3.50    1.61    6.00
 1054.75   36.90   14.90    3.70    1.45    5.00
 1055.00   27.90   18.60    3.90    1.03    0.00
 1055.25   23.50   19.40    0.00    1.83    1.50
 1055.50   31.70   18.70    2.10    1.73    3.00
 1055.75   37.00   15.30    2.90    2.15    3.00
 1056.00   27.80   18.50    0.00    1.03    0.00
 1056.25   23.70   19.60    0.00    1.15    1.50
 1056.50   31.60   18.40    4.10    1.50    3.00
 1056.75   37.80   14.90    3.20    0.65    5.00
 1057.00   28.40   20.40    4.60    1.01    0.00
 1057.25   25.00   21.90    0.00    1.03    3.00
 1057.50   31.70   20.50    3.70    1.68    6.00
 1057.75   36.40   17.30    2.60    0.17    4.00
 1058.00   27.60   21.60    4.90    1.05    3.00
 1058.25   26.20   22.20    0.80    1.03    5.50
 1058.50   29.00   22.50    3.00    1.10    8.00
 1058.75   34.30   18.60    5.10    0.98    8.00
 1059.00   27.40   20.90    3.10    1.03    5.00
 1059.25   24.50   21.60    0.00    1.38    7.00
 1059.50   30.00   20.60    5.60    1.19    9.00
 1059.75   35.20   19.20    3.50    0.63    8.00
 1060.00   28.00   20.70    4.10    1.01    7.00
 1060.25   24.00   21.10    0.00    1.26    7.00
 1060.50   31.00   19.90    3.60    1.55    7.00
 1060.75   37.50   17.50    3.40    0.84    6.00
 1061.00   27.80   20.50    4.00    1.01    4.00
 1061.25   23.90   21.10    0.00    1.97    6.50
 1061.50   30.30   20.90    3.70    1.73    9.00
 1061.75   36.00   17.20    3.80    1.10    7.00
 1062.00   28.20   20.30    3.00    0.54    0.00
 1062.25   24.30   21.10    0.00    2.30    4.50
 1062.50   29.80   20.40    2.10    1.85    9.00
 1062.75   35.90   15.60    4.20    0.98    6.00
 1063.00   29.10   19.20    3.70    0.44   10.00
 1063.25   27.60   20.60    2.20    1.15    9.50
 1063.50   30.60   20.80    2.80    1.76    9.00
 1063.75   35.40   16.60    3.00    1.61   10.00
 1064.00   29.40   19.10    3.70    0.38    9.00
 1064.25   26.30   22.10    0.00    0.26    8.00
 1064.50   32.20   18.20    5.20    1.52    7.00
 1064.75   35.20   15.80    4.00    0.89   10.00
 1065.00   27.70   18.60    3.30    0.47    2.00
 1065.25   25.00   21.70    0.00    0.94    4.00
 1065.50   29.90   20.90    1.30    1.38    6.00
 1065.75   26.80   21.70    6.80    0.58   10.00
 1066.00   24.60   20.60    1.20    0.65    3.00
 1066.25   24.30   20.80    0.30    1.45    6.00
 1066.50   28.80   21.90    0.70    2.13    9.00
 1066.75   32.60   20.70    3.80    0.45    6.50
 1067.00   26.80   22.30    3.10    0.49    4.00
 1067.25   24.60   22.60    1.10    0.89    5.00
 1067.50   30.30   21.60    2.30    0.68    6.00
 1067.75   36.40   20.10    4.20    1.03    4.50
 1068.00   27.40   22.50    0.10    0.47    3.00
 1068.25   24.90   22.60    0.00    0.44    5.00
 1068.50   30.40   21.70    0.00    1.15    7.00
 1068.75   34.40   19.50    5.40    1.05    6.00
 1069.00   28.10   21.70    4.00    0.58    5.00
 1069.25   24.90   22.70    0.00    0.87    7.00
 1069.50   30.10   21.70    0.00    0.80    9.00
 1069.75   30.90   20.00    0.00    0.17    9.50
 1070.00   24.50   22.60    0.00    4.43   10.00
 1070.25   23.40   21.60    0.00    1.45    8.50
 1070.50   27.60   21.60    0.00    3.56    7.00
 1070.75   32.00   20.10    4.00    0.37    6.00
 1071.00   24.20   22.50    0.00    2.69    5.00
 1071.25   24.30   22.80    0.00    3.30    7.50
 1071.50   27.50   22.60    0.00    5.46   10.00
 1071.75   25.90   21.60    2.60    4.08    7.50
 1072.00   24.90   21.80    0.00    2.65    5.00
 1072.25   23.90   21.90    0.00    3.33    7.00
 1072.50   28.30   21.30    0.00    0.51    9.00
 1072.75   31.40   20.70    3.00    0.02    6.50
 1073.00   26.90   21.60    2.40    0.31    4.00
 1073.25   24.80   22.30    0.00    2.06    6.50
 1073.50   28.90   20.90    2.30    0.99    9.00
 1073.75   35.10   17.70    1.40    0.98    7.00
 1074.00   26.90   22.50    4.20    0.98    5.00
 1074.25   25.20   23.00    0.00    1.03    6.50
 1074.50   28.80   22.20    3.60    1.33    8.00
 1074.75   23.00   20.90    1.00    6.14    5.50
 1075.00   24.60   22.40    0.00    0.73    3.00
 1075.25   23.90   21.30    0.00    2.81    5.50
 1075.50   28.10   21.30    0.40    2.20    8.00
 1075.75   34.40   18.30    3.90    1.48    9.00
 1076.00   22.90   21.30    0.00    2.62   10.00
 1076.25   23.10   20.90    0.00    2.93    7.50
 1076.50   29.50   23.80    0.00    2.25    5.00
 1076.75   32.40   20.60    3.20    1.66    4.50
 1077.00   26.90   21.70    0.40    0.45    4.00
 1077.25   24.60   22.10    0.00    3.09    4.50
 1077.50   29.80   19.60    4.80    1.52    5.00
 1077.75   35.10   15.60    2.10    2.41    4.00
 1078.00   26.90   19.40    3.40    0.40    3.00
 1078.25   23.10   21.00    0.00    1.27    4.50
 1078.50   30.10   20.20    3.70    1.43    6.00
 1078.75   33.30   18.40    0.80    1.54    4.50
 1079.00   26.90   21.30    4.40    1.03    3.00
 1079.25   24.50   22.30    0.00    1.03    5.00
 1079.50   27.90   21.30    1.20    1.19    7.00
 1079.75   28.40   22.40    3.10    1.03    6.00
 1080.00   25.90   22.60    2.10    0.42    5.00
 1080.25   24.60   23.10    0.00    1.34    7.50
 1080.50   25.30   22.50    0.00    4.33   10.00
 1080.75   30.20   21.70    0.40    1.31   10.00
 1081.00   24.60   21.70    1.90    0.77   10.00
 1081.25   23.30   20.50    0.00    6.23    7.50
 1081.50   27.40   20.80    2.60    1.97    5.00
 1081.75   33.50   14.40    2.70    1.82    5.00
 1082.00   27.30   19.60    2.70    0.37    5.00
 1082.25   24.10   21.70    0.00    3.94    7.00
 1082.50   24.30   21.70    5.50    1.50    9.00
 1082.75   24.80   22.20    2.50    0.72    7.00
 1083.00   23.90   21.50    0.00    1.85    5.00
 1083.25   23.40   21.30    0.00    3.63    7.00
 1083.50   27.20   22.60    1.50    1.33    9.00
 1083.75   33.10   19.90    2.70    1.43    7.00
 1084.00   26.40   21.10    3.00    0.61    5.00
 1084.25   23.00   21.10    0.00    0.02    4.00
 1084.50   28.30   19.50    3.40    1.47    3.00
 1084.75   34.00   17.50    3.10    2.16    1.50
 1085.00   26.40   19.40    2.80    1.03    0.00
 1085.25   22.50   20.60    0.00    2.55    4.50
 1085.50   27.10   21.40    1.60    3.82    9.00
 1085.75   33.30   19.10    3.40    2.11    6.00
 1086.00   26.30   21.40    2.50    0.45    3.00
 1086.25   22.90   20.90    0.00    1.40    4.50
 1086.50   27.60   22.50    1.30    1.40    6.00
 1086.75   34.30   18.00    3.10    2.06    4.50
 1087.00   26.60   20.30    1.30    0.44    3.00
 1087.25   23.10   21.20    0.00    3.04    4.00
 1087.50   28.80   21.70    0.90    2.90    5.00
 1087.75   34.50   17.60    1.50    2.55    7.50
 1088.00   27.40   20.80    4.10    0.91   10.00
 1088.25   25.60   22.70    1.40    1.01   10.00
 1088.50   28.20   23.40    0.10    3.61   10.00
 1088.75   23.60   21.20    0.00    0.49    8.50
 1089.00   23.10   21.20    0.00    2.20    7.00
 1089.25   22.60   20.20    0.00    5.57    8.50
 1089.50   24.70   20.90    0.00    3.70   10.00
 1089.75   29.30   22.80    0.00    2.90   10.00
 1090.00   24.90   21.30    0.00    4.15   10.00
 1090.25   22.60   20.50    0.00    0.94    8.50
 1090.50   28.20   23.50    0.10    1.57    7.00
 1090.75   31.60   19.00    0.00    1.66    5.50
 1091.00   24.80   19.60    0.00    0.37    4.00
 1091.25   22.00   20.20    0.00    1.78    4.00
 1091.50   27.80   20.60    0.00    1.33    4.00
 1091.75   32.40   19.00    3.10    1.40    2.00
 1092.00   26.00   20.80    2.00    0.49    0.00
 1092.25   21.60   20.00    0.00    0.14    3.50
 1092.50   27.20   22.10    1.60    1.20    7.00
 1092.75   32.90   18.20    2.40    1.15    3.50
 1093.00   25.90   20.70    2.80    0.51    0.00
 1093.25   22.50   20.70    0.20    1.26    3.50
 1093.50   27.20   21.40    1.30    1.50    7.00
 1093.75   33.50   17.50    3.40    1.33    3.50
 1094.00   26.80   20.50    3.40    1.01    0.00
 1094.25   22.80   21.50    0.00    0.98    2.50
 1094.50   27.50   21.30    1.10    1.64    5.00
 1094.75   33.90   18.80    0.00    1.15    2.50
 1095.00   26.40   20.80    3.40    1.01    0.00
 1095.25   23.60   21.50    0.00    0.79    3.50
 1095.50   27.30   20.90    3.00    1.47    7.00
 1095.75   33.90   19.50    1.40    4.15    3.50
 1096.00   26.40   21.50    3.20    1.01    0.00
 1096.25   22.10   20.60    0.00    1.24    3.00
 1096.50   28.50   22.10    2.50    1.88    6.00
 1096.75   34.30   19.60    2.30    1.41    5.00
 1097.00   26.80   22.00    3.40    1.01    4.00
 1097.25   24.60   22.70    0.00    1.71    3.50
 1097.50   29.50   21.90    2.90    1.45    3.00
 1097.75   35.90   17.20    3.90    1.08    5.00
 1098.00   27.30   19.40    2.60    1.01    1.00
 1098.25   23.30   20.40    1.80    1.62    3.50
 1098.50   29.00   21.00    4.60    1.50    6.00
 1098.75   36.00   16.60    5.60    1.66    5.00
 1099.00   27.20   20.50    0.00    0.99    0.00
 1099.25   23.50   21.00    0.00    1.27    1.50
 1099.50   29.50   21.60    4.50    1.50    3.00
 1099.75   33.00   20.40    4.00    1.62    9.00
 1100.00   27.40   21.40    2.40    1.01    3.00
 1100.25   23.90   22.20    0.00    1.13    4.50
 1100.50   30.30   22.40    3.30    1.52    6.00
 1100.75   37.40   18.40    4.20    1.33    6.00
 1101.00   28.30   21.90    3.30    0.96    6.00
 1101.25   25.90   23.00    1.70    0.93    7.50
 1101.50   29.00   22.30    1.80    1.10    9.00
 1101.75   36.60   20.10    3.60    1.08    6.00
 1102.00   25.20   22.20    2.50    0.80   10.00
 1102.25   24.30   22.70    0.00    3.11    9.00
 1102.50   28.70   22.50    3.30    1.22    8.00
 1102.75   33.50   17.80    3.90    1.06    9.00
 1103.00   27.20   20.10    0.00    0.63   10.00
 1103.25   23.90   20.60    0.00    2.81    7.50
 1103.50   28.50   20.50    0.20    1.15    5.00
 1103.75   34.50   18.60    1.70    1.12    5.00
 1104.00   22.90   21.40    0.10    3.30   10.00
 1104.25   22.30   21.10    0.00    1.69    9.50
 1104.50   26.10   22.60    0.00    4.29    9.00
 1104.75   31.60   20.70    0.00    1.48    8.00
 1105.00   27.10   21.60    0.00    0.26    3.00
 1105.25   24.40   22.20    0.00    0.59    6.00
 1105.50   27.20   21.10    0.00    1.85    9.00
 1105.75   28.30   21.00    0.00    0.07   10.00
 1106.00   25.00   22.30    0.00    0.98   10.00
 1106.25   24.20   22.30    0.00    2.46    9.50
 1106.50   28.00   20.00    0.70    1.59    9.00
 1106.75   32.90   18.50    1.80    1.83    9.00
 1107.00   26.70   22.00    2.20    1.03    2.00
 1107.25   22.90   20.40    0.00    1.66    3.50
 1107.50   28.50   21.30    0.30    1.61    5.00
 1107.75   35.70   17.10    1.60    4.14    7.00
 1108.00   27.40   21.20    4.00    1.01    3.00
 1108.25   23.80   21.80    0.00    4.19    4.50
 1108.50   29.30   21.50    1.40    1.61    6.00
 1108.75   29.00   21.80    3.80    0.93    9.00
 1109.00   25.40   21.80    2.00    1.01    3.00
 1109.25   23.90   22.40    0.00    1.12    6.50
 1109.50   26.60   22.70    0.00    0.49   10.00
 1109.75   27.50   22.30    3.80    0.72   10.00
 1110.00   26.10   22.60    0.60    0.17   10.00
 1110.25   24.30   22.60    0.00    1.08    8.50
 1110.50   28.70   21.20    2.60    0.44    7.00
 1110.75   23.80   20.90    2.70    0.89    9.00
 1111.00   24.30   21.50    0.00    1.03   10.00
 1111.25   21.80   19.10    0.80    4.73    7.50
 1111.50   27.50   20.90    0.00    4.83    5.00
 1111.75   25.60   21.10    1.00    1.59   10.00
 1112.00   24.20   21.40    0.00    0.61   10.00
 1112.25   23.20   21.00    0.00    1.10    8.50
 1112.50   27.30   22.50    0.00    1.54    7.00
 1112.75   25.70   20.50    4.80    2.04   10.00
 1113.00   23.20   21.30    0.00    5.29   10.00
 1113.25   22.70   21.10    0.00    4.26    7.50
 1113.50   27.50   24.10    0.00    1.26    5.00
 1113.75   30.20   25.00    0.90    5.24    7.00
 1114.00   23.40   22.60    0.00    2.98   10.00
 1114.25   23.10   26.60    0.00    4.08   10.00
 1114.50   21.60   26.60    5.50    1.94   10.00
 1114.75   26.80   26.60    0.00    2.06   10.00
 1115.00   24.60   26.60    0.00    0.72   10.00
 1115.25   23.60   26.60    0.00    1.83    9.00
 1115.50   27.70   26.60    0.00    1.47    8.00
 1115.75   26.10   26.60    0.00    0.31    9.00
 1116.00   24.40   26.60    0.00    0.68    7.00
 1116.25   22.50   26.60    0.00    1.20    7.00
 1116.50   28.00   26.60    0.00    1.50    7.00
 1116.75   32.90   26.60    3.00    1.64    7.00
 1117.00   25.40   26.60    0.00    1.03    8.00
 1117.25   23.60   26.60    0.00    3.02    7.00
 1117.50   28.50   26.60    0.00    2.32    6.00
 1117.75   33.20   30.60    3.30    1.82    4.00
 1118.00   25.10   21.00    1.70    0.99    3.00
 1118.25   22.80   21.00    0.00    1.85    4.00
 1118.50   27.80   22.30    0.10    1.38    5.00
 1118.75   33.70   17.40    1.90    1.75    4.00
 1119.00   25.70   20.40    1.10    1.01    0.00
 1119.25   22.40   20.80    0.00    1.80    1.50
 1119.50   27.70   21.10    0.00    0.87    3.00
 1119.75   33.40   17.80    3.10    1.13    4.00
 1120.00   26.80   22.50    0.50    1.03    1.00
 1120.25   24.10   22.60    0.00    1.08    5.00
 1120.50   27.40   22.20    0.00    1.03    9.00
 1120.75   33.40   19.90    2.90    1.10    8.00
 1121.00   24.60   22.00    0.00    0.91    7.00
 1121.25   23.10   21.80    0.00    1.57    5.50
 1121.50   28.30   23.00    0.00    2.39    4.00
 1121.75   31.40   21.60    5.60    0.98    5.00
 1122.00   26.30   22.00    0.10    1.01    1.00
 1122.25   22.60   20.90    0.00    4.08    5.50
 1122.50   25.30   21.80    0.00    4.17   10.00
 1122.75   30.20   21.00    2.70    0.05   10.00
 1123.00   25.50   22.30    2.10    0.65   10.00
 1123.25   24.30   22.20    0.00    1.24    8.50
 1123.50   27.80   22.10    0.00    1.75    7.00
 1123.75   30.00   20.30    2.90    1.05   10.00
 1124.00   24.10   21.60    0.00    0.17    7.00
 1124.25   23.60   21.40    0.00    0.89    7.00
 1124.50   27.60   22.70    1.70    1.59    7.00
 1124.75   34.60   18.20    4.00    1.26    4.00
 1125.00   27.10   21.50    4.30    1.03    3.00
 1125.25   23.10   21.70    0.00    2.41    3.00
 1125.50   29.20   21.80    0.00    2.60    3.00
 1125.75   35.90   18.10    0.40    1.88    4.00
 1126.00   27.20   21.40    0.00    0.99    5.00
 1126.25   24.50   21.90    0.00    1.01    6.00
 1126.50   29.80   23.30    0.00    1.54    7.00
 1126.75   34.90   18.60    0.00    0.30    7.00
 1127.00   23.90   22.00    0.00    0.99    5.00
 1127.25   23.00   21.20    0.00    1.01    5.00
 1127.50   27.20   23.00    0.00    3.74    5.00
 1127.75   24.10   22.30    0.00    1.12   10.00
 1128.00   26.10   22.50    0.00    0.99   10.00
 1128.25   23.10   21.00    0.00    3.53    9.50
 1128.50   27.10   24.00    0.00    3.53    9.00
 1128.75   25.90   24.20    0.00    5.97   10.00
 1129.00   24.70   23.60    0.00    0.59   10.00
 1129.25   24.40   24.40    0.00    0.30    9.50
 1129.50   27.20   27.20    0.00    0.98    9.00
 1129.75   30.40   24.80    0.00    0.59    9.00
 1130.00   26.00   22.10    0.00    0.28    8.00
 1130.25   24.90   22.50    0.00    0.99    8.50
 1130.50   28.40   23.10    2.50    1.82    9.00
 1130.75   31.60   22.70    1.50    4.17    9.00
 1131.00   24.50   22.70    0.00    1.13   10.00
 1131.25   22.90   21.40    0.00    3.42    8.00
 1131.50   28.00   23.80    0.00    0.68    6.00
 1131.75   29.80   23.50    5.10    0.98    9.00
 1132.00   24.30   23.50    0.00    0.87   10.00
 1132.25   24.20   24.70    0.00    1.61    9.00
 1132.50   27.70   24.70    0.00    0.31    8.00
 1132.75   28.30   24.70    0.80    0.84    8.00
 1133.00   25.80   24.70    0.00    0.51    9.00
 1133.25   23.90   24.70    0.00    2.34    9.00
 1133.50   27.20   24.70    0.00    5.32    9.00
 1133.75   25.50   24.70    0.00    0.40   10.00
 1134.00   24.60   24.70    0.00    4.31   10.00
 1134.25   23.90   24.70    0.00    0.89    9.00
 1134.50   25.30   24.70    0.00    0.96    8.00
 1134.75   25.00   24.70    0.00    6.27   10.00
 1135.00   24.60   24.70    0.00    0.07   10.00
 1135.25   24.10   24.70    0.00    3.39    7.50
 1135.50   28.60   24.70    0.00    2.20    5.00
 1135.75   33.00   24.70    1.50    1.10    7.00
 1136.00   26.20   25.90    0.00    0.26    7.00
 1136.25   23.40   22.70    0.00    1.64    5.50
 1136.50   28.10   27.30    0.00    1.34    4.00
 1136.75   33.30   21.60    0.20    1.57    5.00
 1137.00   27.00   22.90    0.10    1.01    5.00
 1137.25   23.20   20.40    0.00    1.24    5.00
 1137.50   28.60   22.40    0.00    1.50    5.00
 1137.75   34.00   19.00    2.40    1.62    3.00
 1138.00   26.90   21.60    0.00    1.01    3.00
 1138.25   23.30   21.30    0.00    5.99    5.00
 1138.50   28.60   22.30    0.00    2.50    7.00
 1138.75   33.60   20.60    1.10    1.38    5.00
 1139.00   27.30   22.40    1.00    0.66    2.00
 1139.25   25.10   23.10    0.00    0.66    6.00
 1139.50   28.10   23.60    0.00    0.99   10.00
 1139.75   34.30   22.30    3.00    1.22    3.00
 1140.00   27.40   21.70    2.80    0.30   10.00
 1140.25   25.60   23.10    1.50    0.63    9.50
 1140.50   27.70   24.00    1.80    0.94    9.00
 1140.75   26.50   23.70    0.60    0.77    9.00
 1141.00   24.40   22.80    0.00    6.23   10.00
 1141.25   23.80   22.00    0.00    4.12    7.50
 1141.50   26.10   21.80    0.00    4.33    5.00
 1141.75   30.70   22.40    0.20    1.17    5.00
 1142.00   26.20   22.50    0.00    0.98    5.00
 1142.25   24.40   22.60    0.00    0.31    5.50
 1142.50   27.90   22.20    0.00    0.75    6.00
 1142.75   33.40   21.80    0.00    5.43    8.00
 1143.00   26.10   23.30    0.00    0.56   10.00
 1143.25   25.40   23.70    0.00    1.36   10.00
 1143.50   24.40   23.50    0.00    0.96   10.00
 1143.75   27.10   25.60    0.00    0.33   10.00
 1144.00   24.90   24.00    0.00    0.94   10.00
 1144.25   24.00   24.00    0.00    4.90    9.50
 1144.50   25.90   25.90    0.00    4.12    9.00
 1144.75   26.50   27.55    0.20    0.99   10.00
 1145.00   25.10   27.55    0.00    1.43   10.00
 1145.25   24.00   27.55    0.00    4.21    9.50
 1145.50   27.40   27.55    0.00    3.54    9.00
 1145.75   27.10   27.55    0.40    6.16    9.00
 1146.00   26.00   27.55    0.00    1.03   10.00
 1146.25   24.10   27.55    0.00    3.44    9.50
 1146.50   28.20   27.55    0.00    3.79    9.00
 1146.75   26.70   27.55    0.10    0.33    7.00
 1147.00   24.00   27.55    0.00    2.69   10.00
 1147.25   23.80   27.55    0.00    3.28    8.50
 1147.50   28.20   27.55    0.00    2.36    7.00
 1147.75   33.00   27.55    0.00    6.11    5.00
 1148.00   25.40   27.55    0.00    1.01   10.00
 1148.25   24.00   27.55    0.00    4.03    8.00
 1148.50   27.90   27.55    0.00    0.37    6.00
 1148.75   30.40   27.55    3.50    0.65    7.00
 1149.00   24.60   27.55    0.00    2.41   10.00
 1149.25   25.00   27.55    0.00    0.99   10.00
 1149.50   25.90   27.55    0.00    0.45   10.00
 1149.75   27.60   27.55    0.10    0.54   10.00
 1150.00   23.80   27.55    0.00    1.43   10.00
 1150.25   22.90   27.55    0.00    3.68    8.00
 1150.50   28.10   27.55    0.00    2.86    6.00
 1150.75   26.00   27.55    0.00    0.87   10.00
 1151.00   24.30   27.55    0.00    0.98   10.00
 1151.25   23.20   27.55    0.00    1.75   10.00
 1151.50   25.80   27.55    0.00    1.75   10.00
 1151.75   28.60   27.55    0.00    5.50   10.00
 1152.00   24.70   27.55    0.00    0.75    7.00
 1152.25   22.50   27.55    0.00    1.36    6.50
 1152.50   27.80   27.55    0.00    4.03    6.00
 1152.75   31.80   27.55    0.00    3.16    8.00
 1153.00   23.70   27.55    0.00    3.54   10.00
 1153.25   22.90   27.55    0.00    3.53    7.50
 1153.50   27.50   27.55    0.00    3.72    5.00
 1153.75   26.60   27.55    0.00    0.86    9.00
 1154.00   25.20   27.55    0.00    4.49   10.00
 1154.25   23.10   27.55    0.00    2.43    9.50
 1154.50   27.10   27.55    0.00    3.00    9.00
 1154.75   23.20   27.55    0.00    0.84    9.00
 1155.00   23.40   27.55    0.00    1.08    6.00
 1155.25   23.20   27.55    0.00    2.37    5.50
 1155.50   26.70   27.55    0.00    3.74    5.00
 1155.75   24.40   27.55    0.50    0.70   10.00
 1156.00   23.50   27.55    0.00    1.05   10.00
 1156.25   23.00   27.55    0.00    3.14    8.50
 1156.50   27.80   27.55    0.00    1.71    7.00
 1156.75   31.80   27.55    0.00    1.61    9.00
 1157.00   25.00   27.55    0.00    0.96   10.00
 1157.25   23.30   27.55    0.00    3.98    8.50
 1157.50   28.60   27.55    0.00    2.67    7.00
 1157.75   31.40   29.20    0.00    0.05    7.00
 1158.00   23.40   30.10    0.90    0.31   10.00
 1158.25   23.20   30.10    0.00    4.03    9.50
 1158.50   26.40   30.10    0.00    5.11    9.00
 1158.75   30.50   30.10    0.00    0.49    7.00
 1159.00   25.30   30.10    0.00    0.63   10.00
 1159.25   24.20   30.10    0.00    1.76    7.50
 1159.50   26.10   30.10    0.00    0.66    5.00
 1159.75   27.50   30.10    0.30    0.84    5.00
 1160.00   25.40   30.10    0.00    0.99   10.00
 1160.25   23.20   30.10    0.00    3.53    9.50
 1160.50   27.60   30.10    0.00    3.39    9.00
 1160.75   31.10   31.00    2.50    1.52    8.00
 1161.00   24.80   32.10    0.00    0.73    9.00
 1161.25   23.40   32.10    0.00    2.79    9.00
 1161.50   25.80   32.10    0.00    2.44    9.00
 1161.75   25.80   32.10    0.00    5.59   10.00
 1162.00   23.20   32.10    0.00    4.61   10.00
 1162.25   22.80   32.10    0.00    4.54    9.50
 1162.50   25.60   32.10    0.00    0.93    9.00
 1162.75   29.20   32.10    0.50    0.37    8.00
 1163.00   23.90   32.10    0.00    0.99    9.00
 1163.25   22.60   32.10    0.00    2.15    9.00
 1163.50   27.10   32.10    0.00    3.80    9.00
 1163.75   26.50   32.10    0.00    0.40    9.00
 1164.00   23.60   32.10    0.00    1.15   10.00
 1164.25   23.70   32.10    0.00    3.87   10.00
 1164.50   26.70   32.10    0.00    0.93   10.00
 1164.75   26.50   32.10    0.10    5.67    9.00
 1165.00   24.70   32.10    0.00    1.34   10.00
 1165.25   23.40   32.10    0.00    1.99    7.50
 1165.50   27.10   32.10    0.00    3.87    5.00
 1165.75   26.70   32.10    0.00    0.26    9.00
 1166.00   24.70   32.10    0.00    6.25    5.00
 1166.25   22.40   32.10    0.00    1.03    6.50
 1166.50   27.30   32.10    0.00    4.57    8.00
 1166.75   33.30   33.20    0.00    3.46    8.00
 1167.00   25.20   31.20    0.00    0.89   10.00
 1167.25   24.10   31.20    0.00    2.16    8.00
 1167.50   27.70   31.20    0.90    1.47    6.00
 1167.75   29.50   29.20    0.00    1.40    7.00
 1168.00   25.00   25.00    0.00    0.96   10.00
 1168.25   22.00   23.10    0.00    4.42   10.00
 1168.50   23.90   23.10    0.70    2.02   10.00
 1168.75   26.10   23.10    0.00    6.25   10.00
 1169.00   23.90   23.10    0.00    0.44    6.00
 1169.25   23.40   23.10    0.00    4.61    5.50
 1169.50   25.60   23.10    0.00    3.98    5.00
 1169.75   31.60   23.10    0.00    3.68    5.00
 1170.00   23.70   23.10    0.00    1.68   10.00
 1170.25   22.20   23.10    0.00    3.32    8.50
 1170.50   27.00   23.10    0.00    1.59    7.00
 1170.75   25.50   23.10    3.70    0.98    9.00
 1171.00   24.10   23.10    2.30    1.33   10.00
 1171.25   22.30   23.10    0.00    2.83    9.50
 1171.50   24.20   23.10    0.00    3.63    9.00
 1171.75   30.10   23.10    0.00    1.78    9.00
 1172.00   24.10   23.10    0.00    0.73   10.00
 1172.25   22.40   23.10    0.00    4.36    9.00
 1172.50   26.30   23.10    0.00    3.56    8.00
 1172.75   28.90   23.10    0.00    0.63    4.00
 1173.00   24.20   23.10    0.20    0.51   10.00
 1173.25   23.30   23.10    0.00    2.97    7.50
 1173.50   27.90   23.10    0.00    3.98    5.00
 1173.75   25.30   23.10    0.50    0.79   10.00
 1174.00   23.70   23.10    0.00    3.93   10.00
 1174.25   22.70   23.10    0.00    1.27    9.00
 1174.50   27.00   23.10    0.00    1.90    8.00
 1174.75   25.70   23.10    2.40    0.61    9.00
 1175.00   23.90   23.10    0.00    2.55    9.00
 1175.25   23.60   23.10    0.00    4.12    7.00
 1175.50   26.70   23.10    0.00    0.94    5.00
 1175.75   32.00   23.10    0.00    0.93    9.00
 1176.00   25.20   23.10    0.00    0.91   10.00
 1176.25   24.00   23.10    0.00    3.79    9.00
 1176.50   28.00   23.10    0.00    0.58    8.00
 1176.75   27.50   23.10    0.00    0.87    9.00
 1177.00   24.20   23.10    0.00    1.76    9.00
 1177.25   23.80   23.10    0.00    0.77    7.50
 1177.50   26.60   23.10    0.00    1.26    6.00
 1177.75   29.40   23.10    5.00    0.23    9.00
 1178.00   24.90   23.10    0.00    1.78   10.00
 1178.25   23.70   23.10    0.00    1.26    7.50
 1178.50   27.10   23.10    0.20    3.89    5.00
 1178.75   29.40   23.10    6.50    0.86    6.00
 1179.00   24.30   23.10    0.00    1.19   10.00
 1179.25   23.60   23.10    0.00    1.47   10.00
 1179.50   26.40   23.10    0.00    1.75   10.00
 1179.75   30.10   23.10    0.00    1.55    9.00
 1180.00   23.90   23.10    0.00    1.01   10.00
 1180.25   23.50   23.10    0.00    0.58    9.50
 1180.50   26.30   23.10    0.00    1.03    9.00
 1180.75   28.30   23.10    0.00    6.14    9.00
 1181.00   24.60   23.10    0.00    0.96    8.00
 1181.25   23.50   23.10    0.00    3.33    8.00
 1181.50   26.70   23.10    0.00    3.80    8.00
 1181.75   31.20   23.10    0.00    1.54    8.00
 1182.00   24.10   23.10    0.00    0.70    7.00
 1182.25   23.60   23.10    0.00    3.65    7.00
 1182.50   27.40   23.10    0.00    2.86    7.00
 1182.75   24.10   23.10    3.40    1.03   10.00
 1183.00   24.10   23.10    0.00    5.64    8.00
 1183.25   23.10   23.10    0.00    2.65    8.50
 1183.50   26.80   23.10    0.00    1.38    9.00
 1183.75   26.80   23.10    0.00    5.62    9.00
 1184.00   23.90   23.10    0.00    1.03   10.00
 1184.25   23.40   23.10    0.00    3.56    8.50
 1184.50   27.10   23.10    0.00    3.51    7.00
 1184.75   25.30   23.10    0.00    0.70    9.00
 1185.00   25.00   23.10    0.00    0.23   10.00
 1185.25   23.40   23.10    0.00    5.43    8.50
 1185.50   28.40   23.10    0.00    1.87    7.00
 1185.75   30.40   23.10    0.00    0.05    8.00
 1186.00   24.70   23.10    0.00    0.49   10.00
 1186.25   23.90   23.10    0.00    3.63    9.50
 1186.50   26.90   23.10    0.00    4.94    9.00
 1186.75   31.10   23.10    0.10    6.23    7.00
 1187.00   22.80   22.13    0.00    4.66   10.00
 1187.25   22.90   22.13    0.00    2.08    8.50
 1187.50   25.20   22.13    0.00    3.63    7.00
 1187.75   29.30   22.13    0.30    0.33    8.00
 1188.00   24.00   22.13    0.00    4.26   10.00
 1188.25   23.40   22.13    0.00    3.53    8.00
 1188.50   27.10   22.13    0.00    3.74    6.00
 1188.75   31.70   22.13    0.00    0.33    6.00
 1189.00   25.70   22.13    0.00    0.99   10.00
 1189.25   24.90   22.13    0.00    1.12    8.50
 1189.50   27.40   22.13    0.00    2.60    7.00
 1189.75   25.30   22.13    0.00    0.66   10.00
 1190.00   24.60   22.13    0.00    0.63   10.00
 1190.25   24.00   22.13    0.00    1.31    9.50
 1190.50   26.60   22.13    0.00    1.03    9.00
 1190.75   27.20   22.13    0.00    0.49   10.00
 1191.00   24.70   22.13    0.00    0.35   10.00
 1191.25   24.00   22.13    0.00    3.44   10.00
 1191.50   26.30   22.13    0.00    2.09   10.00
 1191.75   30.10   22.13    0.00    4.56    9.00
 1192.00   24.40   22.13    0.00    1.08    5.00
 1192.25   23.50   22.13    0.00    1.73    4.50
 1192.50   28.30   22.13    0.00    4.00    4.00
 1192.75   25.00   22.13    3.30    0.96   10.00
 1193.00   23.70   22.13    0.00    0.33   10.00
 1193.25   23.60   22.13    0.00    1.66    9.00
 1193.50   28.00   22.13    0.00    3.04    8.00
 1193.75   31.20   22.13    0.00    1.80    6.00
 1194.00   25.90   22.13    0.00    0.82    5.00
 1194.25   24.10   22.13    0.00    2.23    6.00
 1194.50   28.40   22.13    0.00    2.36    7.00
 1194.75   26.70   22.13    2.40    0.49    9.00
 1195.00   24.60   22.13    0.00    1.22    8.00
 1195.25   23.20   22.13    0.00    1.85    8.50
 1195.50   26.40   22.13    0.00    5.25    9.00
 1195.75   27.10   22.13    2.20    0.44    9.00
 1196.00   24.80   22.13    0.00    0.49    5.00
 1196.25   23.00   22.13    0.00    3.87    6.00
 1196.50   27.40   22.13    0.00    0.98    7.00
 1196.75   32.30   22.13    0.00    3.58    5.00
 1197.00   26.20   22.13    0.00    0.58    9.00
 1197.25   24.50   22.13    0.00    3.74    7.50
 1197.50   29.30   22.13    0.00    5.52    6.00
 1197.75   25.00   22.13    1.50    1.40   10.00
 1198.00   24.80   22.13    0.00    0.77    7.00
 1198.25   22.60   22.13    0.00    3.23    7.50
 1198.50   27.50   22.13    0.00    1.90    8.00
 1198.75   29.60   22.13    0.00    1.26    6.00
 1199.00   24.30   22.13    0.00    1.10   10.00
 1199.25   23.80   22.13    0.00    2.36    8.00
 1199.50   28.10   22.13    0.00    1.41    6.00
 1199.75   28.20   22.13    0.00    4.49    9.00
 1200.00   24.50   22.13    0.00    1.22    6.00
 1200.25   24.10   22.13    0.00    3.65    8.00
 1200.50   26.10   22.13    0.00    4.73   10.00
 1200.75   23.70   22.13    0.30    1.71   10.00
 1201.00   24.00   22.13    0.00    0.96   10.00
 1201.25   23.40   22.13    0.00    3.37    8.50
 1201.50   25.30   22.13    0.00    4.01    7.00
 1201.75   23.00   22.13    4.30    2.41   10.00
 1202.00   23.00   22.13    0.00    3.74   10.00
 1202.25   22.90   22.13    0.00    4.03    9.00
 1202.50   27.70   22.13    0.00    3.54    8.00
 1202.75   29.50   22.13    0.00    5.10    8.00
 1203.00   23.70   22.13    0.00    5.97    9.00
 1203.25   22.40   22.13    0.00    1.75    9.00
 1203.50   26.10   22.13    0.00    3.46    9.00
 1203.75   30.50   22.13    0.00    4.00   10.00
 1204.00   24.70   22.13    0.00    0.56   10.00
 1204.25   23.70   22.13    0.00    2.69    9.00
 1204.50   27.40   22.13    0.00    4.22    8.00
 1204.75   26.50   22.13    3.60    0.37   10.00
 1205.00   23.60   22.13    0.00    1.27    9.00
 1205.25   23.60   22.13    0.00    1.76    7.50
 1205.50   27.90   22.13    0.00    1.24    6.00
 1205.75   25.60   22.13    0.00    0.44   10.00
 1206.00   24.20   22.13    0.00    4.42   10.00
 1206.25   23.70   22.13    0.00    3.11    7.50
 1206.50   29.10   22.13    0.00    2.41    5.00
 1206.75   28.50   22.13    1.10    0.65    5.00
 1207.00   25.30   22.13    0.00    4.28   10.00
 1207.25   24.50   22.13    0.00    2.48    7.50
 1207.50   27.80   22.13    0.00    2.04    5.00
 1207.75   31.40   22.13    0.00    0.14    5.00
 1208.00   26.20   22.13    0.00    0.54    7.00
 1208.25   24.30   22.13    0.00    1.08    8.00
 1208.50   28.70   22.13    0.00    1.97    9.00
 1208.75   31.00   22.13    2.10    1.17    8.00
 1209.00   25.20   22.13    0.00    1.03    3.00
 1209.25   23.20   22.13    0.00    2.78    4.50
 1209.50   28.60   22.13    0.20    1.34    6.00
 1209.75   29.20   22.13    1.10    0.77    6.00
 1210.00   24.30   22.13    0.00    1.15    5.00
 1210.25   22.80   22.13    0.00    3.60    6.50
 1210.50   28.50   22.13    0.00    2.36    8.00
 1210.75   31.00   22.13    1.20    1.97    8.00
 1211.00   25.20   22.13    0.00    0.19    8.00
 1211.25   23.80   22.13    0.00    1.59    7.50
 1211.50   26.50   22.13    0.60    1.71    7.00
 1211.75   30.40   22.13    2.80    1.41    5.00
 1212.00   25.10   22.13    0.00    3.82    7.00
 1212.25   24.20   22.13    0.00    3.33    8.50
 1212.50   26.20   22.13    0.00    1.24   10.00
 1212.75   28.40   22.13    0.10    1.80    9.00
 1213.00   25.10   22.13    0.00    0.94   10.00
 1213.25   23.80   22.13    0.00    1.01    9.00
 1213.50   28.20   22.13    0.00    3.61    8.00
 1213.75   29.80   22.13    0.20    1.10    8.00
 1214.00   25.20   22.13    0.00    3.84   10.00
 1214.25   23.40   22.13    0.00    4.01    9.50
 1214.50   26.20   22.13    0.00    3.42    9.00
 1214.75   24.70   22.13    0.00    5.79   10.00
 1215.00   23.90   22.13    0.00    3.28    7.00
 1215.25   22.30   22.13    0.00    2.79    6.00
 1215.50   25.00   22.13    0.00    4.07    5.00
 1215.75   25.60   22.13    2.00    1.71   10.00
 1216.00   24.10   22.13    0.00    5.27   10.00
 1216.25   23.70   22.13    0.00    3.32    9.50
 1216.50   27.40   22.13    0.00    0.09    9.00
 1216.75   26.50   22.13    0.00    1.01    9.00
 1217.00   24.70   22.24    0.00    1.69    9.00
 1217.25   24.00   22.24    0.00    3.79    9.00
 1217.50   27.20   22.24    0.00    3.23    9.00
 1217.75   25.00   22.24    0.00    0.58   10.00
 1218.00   23.90   22.24    0.00    3.35   10.00
 1218.25   22.80   22.24    0.00    3.91    9.00
 1218.50   27.70   22.24    0.00    1.45    8.00
 1218.75   29.30   22.24    0.00    1.12    5.00
 1219.00   24.50   22.24    0.00    1.40    2.00
 1219.25   22.60   22.24    0.00    0.98    4.50
 1219.50   27.60   22.24    0.00    1.85    7.00
 1219.75   31.20   22.24    0.00    1.47    3.00
 1220.00   24.10   22.24    0.00    1.59    3.00
 1220.25   21.40   22.24    0.00    2.06    2.00
 1220.50   28.00   22.24    0.00    4.43    1.00
 1220.75   31.20   22.24    0.30    1.52    4.00
 1221.00   23.30   22.24    0.00    1.69    1.00
 1221.25   22.90   22.24    0.00    4.19    2.00
 1221.50   27.90   22.24    0.00    4.14    3.00
 1221.75   30.20   22.24    0.40    1.12    6.00
 1222.00   24.80   22.24    0.00    0.37    3.00
 1222.25   23.70   22.24    0.00    1.20    3.50
 1222.50   28.30   22.24    0.50    1.50    4.00
 1222.75   29.90   22.24    0.00    1.34    8.00
 1223.00   23.10   22.24    0.00    1.27    0.00
 1223.25   22.30   22.24    0.00    4.31    2.00
 1223.50   28.20   22.24    0.00    0.56    4.00
 1223.75   28.20   22.24    0.00    0.87   10.00
 1224.00   24.30   22.24    0.00    0.47    5.00
 1224.25   23.60   22.24    0.00    0.09    7.00
 1224.50   27.30   22.24    0.00    1.45    9.00
 1224.75   30.50   29.70    0.00    3.47    9.00
 1225.00   24.10   22.24    0.00    3.44   10.00
 1225.25   23.10   22.24    0.00    3.39    9.50
 1225.50   27.70   22.24    0.00    2.51    9.00
 1225.75   28.30   22.24    0.00    0.93   10.00
 1226.00   24.80   22.24    0.00    0.99    7.00
 1226.25   23.70   22.24    0.00    3.00    7.00
 1226.50   28.70   22.24    0.00    2.48    7.00
 1226.75   31.50   22.24    0.20    1.64    6.00
 1227.00   25.20   22.24    0.00    0.79    7.00
 1227.25   23.20   22.24    0.00    4.92    7.00
 1227.50   28.60   22.24    0.00    2.04    7.00
 1227.75   29.60   22.24    0.40    1.24    9.00
 1228.00   24.30   22.24    0.00    0.31    7.00
 1228.25   23.40   22.24    0.00    3.19    7.50
 1228.50   28.20   22.24    0.00    3.28    8.00
 1228.75   31.10   22.24    0.10    0.77    9.00
 1229.00   25.30   22.24    0.00    0.56    6.00
 1229.25   23.00   22.24    0.00    1.36    5.00
 1229.50   29.10   22.24    0.00    1.85    4.00
 1229.75   32.00   22.24    0.70    3.61    3.00
 1230.00   24.70   22.24    0.00    0.49   10.00
 1230.25   22.90   22.24    0.00    3.63    8.00
 1230.50   26.60   22.24    0.20    4.47    6.00
 1230.75   28.00   22.24    0.10    2.86   10.00
 1231.00   24.80   22.24    0.00    5.86    7.00
 1231.25   23.90   22.24    0.00    3.72    7.00
 1231.50   27.60   22.24    0.10    1.19    7.00
 1231.75   28.20   22.24    1.40    0.86    6.00
 1232.00   24.40   22.24    0.00    0.51    3.00
 1232.25   23.00   22.24    0.00    2.69    5.00
 1232.50   27.50   22.24    0.00    3.47    7.00
 1232.75   32.00   22.24    0.00    4.73    7.00
 1233.00   25.70   22.24    0.00    1.03    8.00
 1233.25   24.20   22.24    0.00    0.63    7.50
 1233.50   28.20   22.24    0.00    3.70    7.00
 1233.75   31.10   22.24    0.00    1.50    5.00
 1234.00   24.30   22.24    0.00    0.82    9.00
 1234.25   24.50   22.24    0.00    2.76    8.50
 1234.50   27.70   22.24    0.00    1.62    8.00
 1234.75   31.20   22.24    1.10    1.90    5.00
 1235.00   24.50   22.24    0.00    0.99   10.00
 1235.25   23.60   22.24    0.00    2.08    7.50
 1235.50   27.90   22.24    0.00    1.85    5.00
 1235.75   31.40   22.24    0.00    2.13    7.00
 1236.00   25.30   22.24    0.00    1.01   10.00
 1236.25   23.60   22.24    0.00    1.01   10.00
 1236.50   25.30   22.24    0.00    2.86   10.00
 1236.75   29.60   22.24    2.60    1.15    6.00
 1237.00   24.70   22.24    0.00    1.10   10.00
 1237.25   24.50   22.24    0.00    2.67    8.50
 1237.50   28.90   22.24    0.10    2.93    7.00
 1237.75   31.30   22.24    0.00    3.47    3.00
 1238.00   24.30   22.24    0.00    0.66   10.00
 1238.25   24.30   22.24    0.20    1.92    9.50
 1238.50   24.90   22.24    0.00    0.63    9.00
 1238.75   29.90   22.24    0.00    0.63    7.00
 1239.00   24.40   22.24    0.00    0.58    2.00
 1239.25   22.20   22.24    0.00    2.84    3.50
 1239.50   26.10   22.24    0.00    4.08    5.00
 1239.75   32.90   22.24    0.00    2.55    4.00
 1240.00   24.30   22.24    0.00    0.56    4.00
 1240.25   23.30   22.24    0.00    2.83    6.00
 1240.50   27.90   22.24    0.00    1.50    8.00
 1240.75   25.40   22.24    4.70    0.72   10.00
 1241.00   23.70   22.24    0.00    0.96    2.00
 1241.25   22.90   22.24    0.00    3.61    4.00
 1241.50   28.20   22.24    0.00    3.84    6.00
 1241.75   31.60   22.24    0.00    1.64    4.00
 1242.00   25.50   22.24    0.00    0.52    0.00
 1242.25   22.90   22.24    0.00    1.43    4.00
 1242.50   27.70   22.24    0.00    4.28    8.00
 1242.75   31.80   22.24    0.00    1.62    3.00
 1243.00   24.90   22.24    0.00    0.47    4.00
 1243.25   23.70   22.24    0.00    3.89    4.50
 1243.50   28.60   22.24    0.00    1.43    5.00
 1243.75   31.30   22.24    0.00    1.55    4.00
 1244.00   25.00   22.24    0.00    0.56    3.00
 1244.25   22.80   22.24    0.00    2.55    4.00
 1244.50   28.00   22.24    0.00    1.73    5.00
 1244.75   30.60   22.24    0.00    1.10    4.00
 1245.00   23.80   22.24    0.00    0.93    2.00
 1245.25   22.60   22.24    0.00    2.84    2.50
 1245.50   28.40   22.24    0.00    2.22    3.00
 1245.75   31.10   22.24    0.00    1.40    5.00
 1246.00   24.10   22.24    0.00    0.56    6.00
 1246.25   22.50   22.24    0.00    3.11    7.50
 1246.50   26.80   22.24    0.00    3.42    9.00
 1246.75   29.20   22.24    3.90    1.34    6.00
 1247.00   23.90   22.24    0.00    0.65    2.00
 1247.25   23.00   22.24    0.00    2.74    5.50
 1247.50   25.80   22.24    0.00    3.87    9.00
 1247.75   30.40   22.24    0.00    3.84    6.00
 1248.00   25.10   20.45    0.00    0.49    4.00
 1248.25   22.40   20.45    0.00    1.31    4.00
 1248.50   28.20   20.45    0.00    2.76    4.00
 1248.75   31.90   20.45    0.00    1.61    3.00
 1249.00   24.60   20.45    0.00    0.30    3.00
 1249.25   21.00   20.45    0.00    2.84    3.00
 1249.50   26.80   20.45    0.00    3.60    3.00
 1249.75   32.70   20.45    0.00    2.43    5.00
 1250.00   25.20   20.45    0.00    1.03    3.00
 1250.25   22.50   20.45    0.00    1.61    5.00
 1250.50   27.90   20.45    0.20    2.22    7.00
 1250.75   31.60   20.45    0.00    4.14    2.00
 1251.00   24.90   20.45    1.70    1.08    1.00
 1251.25   22.30   20.45    0.00    1.76    4.50
 1251.50   27.10   20.45    3.20    1.87    8.00
 1251.75   32.80   20.45    0.00    5.31    3.00
 1252.00   25.20   20.45    1.40    0.38    0.00
 1252.25   22.50   20.45    0.00    1.34    4.00
 1252.50   26.80   20.45    0.00    3.61    8.00
 1252.75   33.10   20.45    0.00    2.78    2.00
 1253.00   25.30   20.45    0.90    1.01    0.00
 1253.25   21.90   20.45    0.00    1.08    2.00
 1253.50   28.00   20.45    0.00    2.13    4.00
 1253.75   32.80   20.45    0.00    4.33    1.00
 1254.00   25.00   20.45    0.00    0.45    0.00
 1254.25   21.40   20.45    0.00    1.26    1.00
 1254.50   27.50   20.45    0.00    3.67    2.00
 1254.75   31.90   20.45    0.00    1.34    6.00
 1255.00   24.70   20.45    0.00    6.09    2.00
 1255.25   22.80   20.45    0.00    2.81    4.00
 1255.50   27.50   20.45    0.00    3.74    6.00
 1255.75   30.90   20.45    0.00    3.39    8.00
 1256.00   24.70   20.45    0.00    0.56    1.00
 1256.25   21.90   20.45    0.00    2.25    2.00
 1256.50   28.10   20.45    0.00    3.33    3.00
 1256.75   30.70   20.45    0.00    4.14    8.00
 1257.00   23.30   20.45    0.00    0.14    6.00
 1257.25   22.70   20.45    0.00    3.21    5.00
 1257.50   27.70   20.45    0.00    1.62    4.00
 1257.75   30.50   20.45    0.00    4.00    9.00
 1258.00   25.60   20.45    0.00    0.98    5.00
 1258.25   24.10   20.45    0.00    1.29    6.50
 1258.50   27.30   20.45    0.00    0.98    8.00
 1258.75   32.60   20.45    0.00    2.04    7.00
 1259.00   26.00   20.45    0.00    0.38    9.00
 1259.25   24.20   20.45    1.90    0.77    9.50
 1259.50   24.00   20.45    0.00    0.42   10.00
 1259.75   27.20   20.45    0.00    0.73   10.00
 1260.00   24.30   20.45    0.00    0.77    7.00
 1260.25   23.70   20.45    0.00    0.17    7.50
 1260.50   27.40   20.45    0.00    1.54    8.00
 1260.75   30.70   20.45    0.00    3.70    9.00
 1261.00   24.30   20.45    0.00    5.85   10.00
 1261.25   22.90   20.45    0.00    5.01    9.00
 1261.50   26.20   20.45    0.00    1.75    8.00
 1261.75   27.70   20.45    0.10    0.79   10.00
 1262.00   23.60   20.45    0.00    0.45   10.00
 1262.25   23.40   20.45    0.00    1.01    6.50
 1262.50   28.00   20.45    0.00    1.62    3.00
 1262.75   32.10   20.45    4.00    1.08    3.00
 1263.00   24.10   20.45    0.00    0.40    3.00
 1263.25   23.60   20.45    0.00    2.46    4.00
 1263.50   28.10   20.45    0.00    1.62    5.00
 1263.75   30.30   20.45    0.00    2.60    4.00
 1264.00   25.20   20.45    0.00    1.50    7.00
 1264.25   24.10   20.45    0.00    1.22    8.00
 1264.50   26.20   20.45    0.00    1.06    9.00
 1264.75   30.10   20.45    0.00    2.32    9.00
 1265.00   25.40   20.45    0.00    0.86    9.00
 1265.25   23.70   20.45    0.00    2.84    7.00
 1265.50   28.40   20.45    0.00    1.94    5.00
 1265.75   32.30   20.45    1.70    1.83    4.00
 1266.00   24.60   20.45    0.00    0.44    3.00
 1266.25   22.80   20.45    0.00    0.98    4.00
 1266.50   27.40   20.45    0.00    3.28    5.00
 1266.75   33.10   20.45    0.00    4.68    6.00
 1267.00   25.70   20.45    0.00    0.75    5.00
 1267.25   23.00   20.45    0.00    2.95    5.00
 1267.50   27.20   20.45    0.00    4.17    4.00
 1267.75   33.50   20.45    1.20    2.44    3.00
 1268.00   24.60   20.45    0.00    0.93    3.00
 1268.25   22.40   20.45    0.00    4.14    2.50
 1268.50   28.00   20.45    0.00    2.15    2.00
 1268.75   34.00   20.45    0.20    1.71    1.00
 1269.00   24.30   20.45    0.00    0.59    0.00
 1269.25   21.60   20.45    0.00    4.15    1.50
 1269.50   26.50   20.45    0.00    4.43    3.00
 1269.75   33.10   32.40    0.00    2.86    8.00
 1270.00   25.70   24.70    0.00    0.40    9.00
 1270.25   22.90   26.20    0.00    0.40    6.00
 1270.50   27.70   27.70    0.00    3.18    3.00
 1270.75   32.30   30.70    0.00    2.86    8.00
 1271.00   25.20   31.15    0.00    0.54    2.00
 1271.25   21.70   31.15    0.00    1.61    2.50
 1271.50   27.20   31.15    0.00    3.68    3.00
 1271.75   32.70   31.60    1.00    1.12    5.00
 1272.00   24.70   31.15    0.00    0.54    3.00
 1272.25   21.70   31.15    0.00    1.78    3.50
 1272.50   26.90   31.15    0.00    3.23    4.00
 1272.75   33.00   30.70    0.00    1.80    5.00
 1273.00   24.10   28.70    1.50    1.03    0.00
 1273.25   20.40   28.70    0.00    2.55    2.00
 1273.50   26.70   26.70    1.50    3.35    4.00
 1273.75   34.50   31.60    3.20    1.45    3.00
 1274.00   24.60   20.10    0.00    1.03    3.00
 1274.25   21.10   19.10    0.00    1.27    5.50
 1274.50   28.40   22.00    0.00    2.22    8.00
 1274.75   32.60   19.40    2.70    1.57    7.00
 1275.00   24.40   21.80    0.00    0.47    0.00
 1275.25   21.80   20.60    0.00    1.94    1.50
 1275.50   29.10   23.30    4.50    1.68    3.00
 1275.75   32.50   24.50    1.70    2.86    4.00
 1276.00   24.50   21.00    0.00    0.79    3.00
 1276.25   20.90   19.60    0.00    1.68    2.00
 1276.50   27.20   22.50    0.00    2.84    1.00
 1276.75   33.60   24.10    3.70    1.59    6.00
 1277.00   26.80   21.80    0.00    2.29    6.00
 1277.25   22.40   21.00    0.00    1.06    3.50
 1277.50   28.40   20.90    0.00    2.32    1.00
 1277.75   34.90   18.60    2.20    1.78    1.00
 1278.00   25.90   21.60    0.00    1.03    0.00
 1278.25   24.70   21.70    0.00    1.41    3.00
 1278.50   27.80   23.00    0.00    2.91    6.00
 1278.75   33.90   22.20    2.60    1.85    6.00
 1279.00   25.80   21.40    0.30    0.38    6.00
 1279.25   22.20   20.20    0.00    3.33    7.00
 1279.50   27.10   20.90    0.00    3.35    8.00
 1279.75   34.50   20.20    2.70    1.26    4.00
 1280.00   25.40   20.80    1.40    0.42    0.00
 1280.25   23.70   21.30    0.00    1.62    4.50
 1280.50   27.80   21.80    0.00    2.67    9.00
 1280.75   27.90   22.50    0.00    0.26    6.00
 1281.00   23.20   20.70    0.00    0.86    3.00
 1281.25   20.20   18.60    0.00    1.29    4.00
 1281.50   27.10   22.00    0.00    3.05    5.00
 1281.75   34.30   23.00    2.80    1.83    2.50
 1282.00   25.70   21.20    0.00    0.44    0.00
 1282.25   21.50   19.90    0.00    2.60    4.00
 1282.50   28.50   23.30    0.00    1.97    8.00
 1282.75   34.80   22.80    0.60    2.09    4.00
 1283.00   25.60   22.30    0.20    0.49    0.00
 1283.25   22.40   21.00    0.00    1.15    3.50
 1283.50   29.20   23.30    0.00    1.47    7.00
 1283.75   34.60   22.70    0.00    1.31    4.00
 1284.00   25.60   21.80    0.30    0.42    1.00
 1284.25   23.10   21.00    0.00    1.20    5.50
 1284.50   25.90   21.80    0.00    3.35   10.00
 1284.75   34.00   24.40    0.00    0.19    5.00
 1285.00   25.40   21.40    2.00    0.31    0.00
 1285.25   23.30   20.80    0.00    0.63    3.50
 1285.50   28.30   23.20    0.00    1.94    7.00
 1285.75   34.80   23.20    1.60    1.47    7.00
 1286.00   23.60   21.60    0.00    2.64    7.00
 1286.25   23.60   21.20    0.00    1.94    7.00
 1286.50   25.40   21.40    0.00    3.37    7.00
 1286.75   33.90   22.60    1.50    1.68    4.50
 1287.00   25.60   20.20    0.00    0.40    2.00
 1287.25   21.40   18.70    0.00    1.66    5.00
 1287.50   28.40   22.80    0.00    1.66    8.00
 1287.75   34.60   21.70    0.50    0.87    7.50
 1288.00   25.80   21.20    0.00    0.44    7.00
 1288.25   24.20   21.50    0.00    1.03    7.50
 1288.50   28.10   22.60    0.00    3.00    8.00
 1288.75   28.60   22.90    0.00    4.19    8.50
 1289.00   24.80   21.80    0.00    1.01    9.00
 1289.25   23.30   21.70    0.00    1.76    8.00
 1289.50   27.30   22.40    0.00    2.11    7.00
 1289.75   34.10   22.60    2.60    1.47    4.50
 1290.00   25.40   20.40    0.20    0.52    2.00
 1290.25   22.30   19.90    0.00    2.60    4.00
 1290.50   28.60   22.30    0.10    1.76    6.00
 1290.75   33.20   20.90    1.50    1.76    5.50
 1291.00   25.50   21.50    0.00    0.54    5.00
 1291.25   21.20   18.80    0.00    1.83    6.50
 1291.50   26.90   21.90    0.00    2.76    8.00
 1291.75   32.80   20.40    0.10    2.25    8.00
 1292.00   26.00   20.70    0.00    1.03    8.00
 1292.25   22.50   20.60    0.00    1.26    6.00
 1292.50   28.50   22.20    0.00    1.99    4.00
 1292.75   33.80   20.90    0.20    2.55    2.50
 1293.00   26.00   21.40    0.00    0.59    1.00
 1293.25   22.80   20.80    0.00    1.01    4.50
 1293.50   27.20   21.60    0.00    1.33    8.00
 1293.75   32.90   21.00    0.00    1.48    7.00
 1294.00   26.00   20.60    0.00    1.03    6.00
 1294.25   21.90   19.90    0.00    1.15    7.00
 1294.50   27.00   22.40    0.00    2.69    8.00
 1294.75   34.10   22.00    0.00    2.41    8.50
 1295.00   26.50   21.70    0.70    0.42    9.00
 1295.25   23.60   20.80    0.00    0.59    7.00
 1295.50   28.80   22.70    0.00    2.64    5.00
 1295.75   34.20   22.00    0.10    1.78    6.00
 1296.00   26.80   20.70    0.60    0.45    7.00
 1296.25   20.80   18.50    0.00    2.06    4.00
 1296.50   28.70   19.70    0.70    2.04    1.00
 1296.75   35.90   16.50    3.70    1.55    3.50
 1297.00   27.00   20.30    0.40    1.03    6.00
 1297.25   24.90   20.50    0.00    1.52    8.00
 1297.50   27.20   20.90    0.00    2.04   10.00
 1297.75   32.00   19.70    2.50    1.15   10.00
 1298.00   24.70   20.50    0.00    0.54   10.00
 1298.25   23.30   19.50    0.00    3.70    8.00
 1298.50   27.10   21.00    0.00    2.11    6.00
 1298.75   32.40   18.50    0.00    2.16    6.50
 1299.00   25.90   19.50    0.00    6.28    7.00
 1299.25   22.70   20.00    0.00    2.78    7.00
 1299.50   26.60   20.80    0.00    2.95    7.00
 1299.75   33.00   19.20    0.10    2.64    7.50
 1300.00   27.30   17.70    0.00    2.16    8.00
 1300.25   22.90   20.40    0.00    1.03    8.50
 1300.50   26.00   20.40    0.30    2.48    9.00
 1300.75   29.90   19.10    0.00    1.29    4.50
 1301.00   23.90   18.00    0.00    2.46    0.00
 1301.25   19.70   16.70    0.00    1.20    3.50
 1301.50   27.10   20.80    0.00    1.99    7.00
 1301.75   34.70   18.90    0.20    2.22    5.00
 1302.00   26.60   20.30    0.00    0.49    3.00
 1302.25   21.20   17.80    0.00    6.02    5.00
 1302.50   28.20   20.20    0.30    2.34    7.00
 1302.75   34.70   19.00    0.10    2.74    7.00
 1303.00   26.90   19.40    0.00    0.80    7.00
 1303.25   22.10   19.90    0.00    0.79    6.50
 1303.50   27.50   19.90    0.00    2.27    6.00
 1303.75   33.10   17.20    0.40    1.88    4.50
 1304.00   26.70   20.10    0.00    0.47    3.00
 1304.25   22.40   19.00    0.00    1.22    5.00
 1304.50   29.50   20.00    0.20    2.01    7.00
 1304.75   33.50   17.50    1.30    1.29    4.00
 1305.00   25.80   19.40    0.00    0.40    1.00
 1305.25   22.90   19.30    0.00    1.15    4.50
 1305.50   28.30   20.00    0.90    1.73    8.00
 1305.75   34.80   18.80    0.00    2.90    4.50
 1306.00   26.70   20.70    0.00    0.38    1.00
 1306.25   22.80   19.90    0.00    1.52    4.00
 1306.50   28.60   21.00    0.00    3.30    7.00
 1306.75   34.20   16.70    3.70    2.48    3.50
 1307.00   26.20   19.80    1.90    0.35    0.00
 1307.25   21.50   18.50    0.00    1.26    1.00
 1307.50   28.70   17.50    0.00    3.05    2.00
 1307.75   35.70   15.90    0.00    2.23    1.50
 1308.00   25.30   18.70    0.00    0.49    1.00
 1308.25   20.70   17.10    0.00    1.29    2.50
 1308.50   27.50   20.00    0.00    2.44    4.00
 1308.75   34.90   18.40    0.00    1.69    3.50
 1309.00   26.00   20.10    0.80    0.51    3.00
 1309.25   21.70   18.30    0.00    2.37    5.00
 1309.50   28.30   20.80    0.00    2.46    7.00
 1309.75   35.60   16.20    3.20    1.59    6.00
 1310.00   26.30   19.30    0.70    0.37    0.00
 1310.25   22.90   19.40    0.00    1.48    2.50
 1310.50   30.10   20.60    1.50    1.43    5.00
 1310.75   35.70   17.00    0.40    1.41    5.00
 1311.00   26.10   18.10    0.00    0.52    3.00
 1311.25   23.10   18.90    0.00    2.71    6.50
 1311.50   27.20   19.30    0.10    1.73   10.00
 1311.75   34.70   18.80    0.00    2.91    1.00
 1312.00   25.70   18.60    2.60    0.87    3.00
 1312.25   22.70   19.10    0.00    3.61    3.00
 1312.50   28.10   19.40    0.00    2.04    3.00
 1312.75   34.60   16.70    0.00    1.95    7.00
 1313.00   26.80   19.10    0.00    0.61    0.00
 1313.25   23.80   18.00    0.00    0.91    4.00
 1313.50   30.40   19.30    0.20    1.85    8.00
 1313.75   34.70   15.90    0.60    2.02    7.00
 1314.00   26.90   19.90    0.20    0.59    8.00
 1314.25   23.70   18.40    0.00    1.27    7.50
 1314.50   27.70   16.80    4.40    1.66    7.00
 1314.75   30.70   17.40    1.50    1.71   10.00
 1315.00   22.70   19.20    0.00    5.60   10.00
 1315.25   19.90   17.30    0.00    4.61    7.50
 1315.50   27.60   18.50    0.00    2.37    5.00
 1315.75   31.70   16.80    0.00    2.51    8.00
 1316.00   25.30   17.00    1.30    0.24    0.00
 1316.25   21.50   17.50    0.00    4.49    0.50
 1316.50   27.70   17.80    0.10    3.30    1.00
 1316.75   36.50   16.70    1.00    4.00    3.00
 1317.00   26.70   18.50    0.00    0.49    3.00
 1317.25   22.70   17.50    0.00    1.71    5.00
 1317.50   27.60   18.90    1.80    2.64    7.00
 1317.75   35.30   15.90    0.50    1.97    5.00
 1318.00   25.80   17.50    0.30    0.65    0.00
 1318.25   19.80   16.10    0.00    2.78    0.00
 1318.50   28.20   15.40    0.20    2.09    0.00
 1318.75   35.80   13.50    0.10    6.18    1.00
 1319.00   25.70   16.50    0.40    0.44    0.00
 1319.25   19.60   14.30    0.00    2.55    4.00
 1319.50   27.50   17.90    0.00    1.94    8.00
 1319.75   35.30   14.90    0.70    1.45    6.00
 1320.00   26.60   18.00    0.70    0.51    0.00
 1320.25   22.20   18.00    0.00    0.82    0.50
 1320.50   28.20   17.90    0.00    1.88    1.00
 1320.75   36.70   15.60    1.80    2.81    3.00
 1321.00   26.10   18.40    2.40    0.47    0.00
 1321.25   22.20   18.10    0.00    3.72    2.50
 1321.50   29.20   18.10    0.00    2.39    5.00
 1321.75   36.70   14.30    0.10    1.43    5.00
 1322.00   26.80   15.20    1.90    0.47    3.00
 1322.25   22.70   17.80    0.00    0.37    6.50
 1322.50   27.10   18.60    0.00    0.84   10.00
 1322.75   35.10   15.50    4.10    1.57    7.00
 1323.00   26.20   17.50    3.00    0.52    0.00
 1323.25   22.00   17.00    0.00    1.68    4.00
 1323.50   29.30   17.50    2.70    2.15    8.00
 1323.75   36.90   15.00    1.60    1.64    5.00
 1324.00   27.00   17.20    0.00    0.44    0.00
 1324.25   23.30   17.10    0.00    1.22    1.50
 1324.50   28.90   16.10    0.40    2.29    3.00
 1324.75   35.10   13.00    1.90    1.78    3.00
 1325.00   28.10   11.00    0.00    2.25    0.00
 1325.25   22.40   16.40    0.00    0.38    2.00
 1325.50   30.20   16.70    3.20    1.59    4.00
 1325.75   34.80   12.40    1.10    1.36    4.00
 1326.00   26.00   15.40    0.00    0.31    0.00
 1326.25   21.20   15.70    0.00    0.96    0.50
 1326.50   29.80   14.00    0.20    1.66    1.00
 1326.75   34.80   11.20    0.00    1.87    3.00
 1327.00   26.90   15.20    0.00    0.45    0.00
 1327.25   22.80   15.90    0.00    3.32    2.00
 1327.50   29.10   16.30    0.10    2.22    4.00
 1327.75   36.50   13.30    0.40    0.94    6.00
 1328.00   26.50   15.40    0.00    0.28    0.00
 1328.25   21.80   16.50    0.00    2.81    4.50
 1328.50   27.90   17.10    0.00    2.98    9.00
 1328.75   36.00   14.30    0.00    2.78    4.00
 1329.00   25.70   15.80    0.80    0.99    0.00
 1329.25   22.60   17.10    0.00    4.63    2.50
 1329.50   29.70   15.60    0.20    1.48    5.00
 1329.75   36.60   11.10    0.70    1.31    1.00
 1330.00   24.90   16.30    0.60    0.93    0.00
 1330.25   21.70   16.80    0.00    4.40    1.50
 1330.50   28.70   16.30    0.00    2.13    3.00
 1330.75   36.50   14.70    0.00    0.70    3.00
 1331.00   25.50   16.50    1.60    0.91    0.00
 1331.25   22.40   16.40    0.00    1.54    3.00
 1331.50   29.20   17.20    0.00    1.97    6.00
 1331.75   36.30   13.50    0.00    2.39    6.00
 1332.00   26.40   17.60    2.50    0.09    3.00
 1332.25   22.60   17.20    0.00    0.87    2.50
 1332.50   29.60   15.40    1.30    1.94    2.00
 1332.75   34.60   11.60    1.80    1.78    3.00
 1333.00   26.30   14.80    1.40    0.54    0.00
 1333.25   22.20   14.50    0.00    1.69    2.50
 1333.50   29.80   16.40    2.30    2.06    5.00
 1333.75   35.10   13.20    1.60    1.52    5.00
 1334.00   26.10   16.40    0.00    0.52    0.00
 1334.25   22.90   16.00    0.00    1.75    1.50
 1334.50   29.40   13.50    1.40    2.01    3.00
 1334.75   34.80   10.10    2.40    1.48    3.00
 1335.00   26.30   14.50    0.00    0.51    0.00
 1335.25   22.00   16.00    0.00    0.96    2.00
 1335.50   29.90   14.30    2.80    2.15    4.00
 1335.75   35.20   12.60    0.00    2.36    6.00
 1336.00   26.60   16.20    0.30    0.56    1.00
 1336.25   22.50   16.10    0.00    1.90    2.50
 1336.50   28.30   14.60    0.30    1.92    4.00
 1336.75   35.60   12.10    0.00    1.71    1.00
 1337.00   27.00   15.00    0.40    0.38    0.00
 1337.25   23.00   16.60    0.00    1.61    1.50
 1337.50   29.10   15.20    0.70    2.15    3.00
 1337.75   36.10   10.40    0.20    2.41    4.00
 1338.00   26.60   13.90    2.60    0.40    1.00
 1338.25   22.50   16.60    0.00    1.31    2.00
 1338.50   29.20   14.90    0.00    2.11    3.00
 1338.75   36.30   10.50    0.10    1.66    3.00
 1339.00   26.30   15.10    1.70    0.49    0.00
 1339.25   23.60   17.30    0.00    0.35    0.50
 1339.50   28.90   14.90    0.40    1.43    1.00
 1339.75   34.70   12.60    0.50    1.85    3.00
 1340.00   26.40   15.40    0.90    0.44    0.00
 1340.25   22.60   15.50    0.00    1.26    2.00
 1340.50   30.00   15.60    1.00    1.61    4.00
 1340.75   34.80   12.40    0.90    1.73    4.00
 1341.00   26.30   16.60    0.90    0.47    0.00
 1341.25   22.60   16.30    0.00    1.10    4.00
 1341.50   29.10   17.60    1.40    1.71    8.00
 1341.75   36.60   14.10    0.00    2.62    4.00
 1342.00   26.20   18.00    2.40    0.45    0.00
 1342.25   23.10   16.30    0.00    2.48    3.00
 1342.50   28.50   15.40    0.00    1.69    6.00
 1342.75   35.10   13.80    3.80    1.31    4.00
 1343.00   25.90   15.30    0.00    0.51    0.00
 1343.25   22.40   15.30    0.00    1.95    4.50
 1343.50   27.50   16.40    0.00    2.84    9.00
 1343.75   35.00   13.50    1.40    1.34    4.00
 1344.00   26.50   16.80    1.30    0.52    0.00
 1344.25   23.10   16.30    0.00    1.47    2.50
 1344.50   28.80   17.60    0.00    2.34    5.00
 1344.75   35.10   12.70    0.00    1.90    4.00
 1345.00   26.20   16.00    4.10    0.49    0.00
 1345.25   23.40   17.70    0.00    0.79    4.50
 1345.50   28.00   16.60    0.00    1.36    9.00
 1345.75   36.00   13.70    2.80    1.13    5.00
 1346.00   25.80   16.80    3.30    0.49    0.00
 1346.25   22.30   16.80    0.00    2.32    3.00
 1346.50   28.00   16.20    0.10    2.64    6.00
 1346.75   35.10   12.00    0.00    1.73    5.00
 1347.00   26.50   16.10    0.20    0.47    1.00
 1347.25   25.10   17.40    0.00    2.37    5.00
 1347.50   29.50   15.40    3.30    2.08    9.00
 1347.75   35.20   13.30    1.80    1.87    5.00
 1348.00   27.20   15.90    0.10    0.94    0.00
 1348.25   21.90   15.00    0.00    0.98    1.50
 1348.50   30.40   14.10    5.10    1.83    3.00
 1348.75   35.10   12.30    0.00    1.50    3.00
 1349.00   26.60   13.30    3.10    0.52    0.00
 1349.25   23.40   16.60    0.00    0.52    2.50
 1349.50   29.20   15.00    3.30    1.52    5.00
 1349.75   35.40   10.20    1.70    1.68    2.00
 1350.00   26.10   15.40    1.90    0.40    0.00
 1350.25   21.80   15.60    0.00    1.26    2.00
 1350.50   29.60   14.80    1.90    1.33    4.00
 1350.75   36.70    9.40    2.20    1.57    1.00
 1351.00   25.60   16.60    1.70    0.56    0.00
 1351.25   22.80   16.40    0.00    3.05    4.50
 1351.50   28.60   16.80    0.00    1.85    9.00
 1351.75   36.60   13.00    2.90    1.80    4.00
 1352.00   26.40   17.70    1.60    1.01    0.00
 1352.25   24.30   17.70    0.00    1.13    1.50
 1352.50   30.10   14.70    3.90    1.55    3.00
 1352.75   36.90   10.20    0.80    1.78    1.00
 1353.00   26.80   14.10    4.30    0.52    0.00
 1353.25   22.90   16.50    0.00    0.61    4.00
 1353.50   28.30   16.20    3.80    1.61    8.00
 1353.75   35.00   13.00    1.50    1.82    4.00
 1354.00   26.80   14.40    3.00    0.44    0.00
 1354.25   24.10   17.70    0.00    1.99    1.50
 1354.50   30.90   15.40    4.50    1.80    3.00
 1354.75   36.50   13.60    1.10    2.51    4.00
 1355.00   26.50   17.00    2.80    0.94    3.00
 1355.25   25.40   17.30    0.00    6.23    3.50
 1355.50   30.70   14.40    4.50    1.83    4.00
 1355.75   35.40   12.10    0.00    1.10    5.00
 1356.00   26.00   16.40    4.30    0.47    0.00
 1356.25   22.60   16.70    0.00    1.41    2.00
 1356.50   30.40   14.10    2.10    1.97    4.00
 1356.75   36.00   11.80    3.40    2.15    3.00
 1357.00   26.00   15.60    3.20    0.40    3.00
 1357.25   21.90   15.40    0.00    3.02    5.00
 1357.50   29.00   15.40    4.30    1.80    7.00
 1357.75   34.90   11.80    3.20    0.99    5.00
 1358.00   26.40   14.80    2.50    0.56    0.00
 1358.25   22.40   16.10    0.00    1.40    2.00
 1358.50   29.50   15.00    3.80    1.76    4.00
 1358.75   37.80   11.40    1.90    0.87    3.00
 1359.00   26.50   15.30    3.90    0.51    0.00
 1359.25   23.10   16.90    0.00    1.97    1.50
 1359.50   30.50   14.40    4.40    1.78    3.00
 1359.75   37.50   12.00    3.40    1.48    1.00
 1360.00   26.00   13.10    3.40    0.56    0.00
 1360.25   20.80   13.60    0.00    0.79    3.00
 1360.50   30.00   16.30    1.00    2.65    6.00
 1360.75   36.60   11.30    2.90    1.36    2.00
 1361.00   25.90   17.60    4.10    0.45    0.00
 1361.25   24.30   17.40    0.00    0.51    4.00
 1361.50   29.00   16.70    3.80    1.73    8.00
 1361.75   36.20   14.80    2.00    1.01    4.00
 1362.00   25.70   16.80    2.20    0.45    0.00
 1362.25   22.40   16.80    0.00    1.20    2.00
 1362.50   30.30   15.40    0.20    1.80    4.00
 1362.75   38.30   12.00    0.00    1.62    4.00
 1363.00   26.20   17.40    1.60    0.33    0.00
 1363.25   25.60   18.30    0.00    0.45    4.50
 1363.50   29.10   16.50    0.30    1.52    9.00
 1363.75   33.70   15.70    0.00    3.82    7.00
 1364.00   27.20   15.70    2.00    0.35    0.00
 1364.25   23.30   17.00    0.00    0.87    1.50
 1364.50   28.60   16.20    0.00    3.11    3.00
 1364.75   36.60   13.00    0.30    1.64    4.00
 1365.00   26.50   16.50    3.60    0.45    5.00
 1365.25   24.10   17.40    0.00    1.12    5.00
 1365.50   30.20   14.60    1.40    2.32    5.00
 1365.75   37.20   13.00    0.30    1.54    5.00
 1366.00   26.30   16.10    3.40    0.37    0.00
 1366.25   23.20   16.20    0.00    1.54    2.50
 1366.50   30.10   16.20    1.30    1.92    5.00
 1366.75   36.50   13.50    3.40    1.38    5.00
 1367.00   26.20   16.30    2.30    1.05    0.00
 1367.25   22.20   16.70    0.00    1.17    1.50
 1367.50   29.40   16.70    0.00    0.99    3.00
 1367.75   35.90   14.10    0.30    6.21    3.00
 1368.00   25.90   16.80    3.10    0.52    0.00
 1368.25   23.00   17.50    0.00    0.77    2.50
 1368.50   29.90   16.60    2.20    1.41    5.00
 1368.75   37.00   13.30    1.40    1.69    1.00
 1369.00   25.90   17.10    3.40    0.77    0.00
 1369.25   22.80   17.00    0.00    1.26    5.00
 1369.50   27.20   16.90    0.00    2.36   10.00
 1369.75   34.60   14.50    0.00    1.62    5.00
 1370.00   26.00   16.30    2.70    0.45    0.00
 1370.25   22.50   16.00    0.00    0.89    2.50
 1370.50   28.90   15.20    1.50    1.68    5.00
 1370.75   36.10   12.50    1.80    1.15    5.00
 1371.00   26.30   13.80    3.50    0.44    0.00
 1371.25   22.70   17.10    0.00    0.63    4.50
 1371.50   28.20   15.50    3.60    1.57    9.00
 1371.75   33.60   13.50    1.40    1.38    5.00
 1372.00   26.10   13.60    1.60    0.44    0.00
 1372.25   21.40   15.70    0.00    2.84    1.50
 1372.50   29.30   14.10    3.30    1.61    3.00
 1372.75   37.30   11.50    1.90    1.92    3.00
 1373.00   26.70   16.00    3.90    0.49    0.00
 1373.25   24.60   17.40    0.00    0.24    4.00
 1373.50   29.40   17.40    2.80    1.68    8.00
 1373.75   36.00   13.60    1.30    2.62    5.00
 1374.00   26.50   16.70    4.50    0.49    0.00
 1374.25   25.60   17.40    0.00    0.30    2.50
 1374.50   30.20   14.90    3.50    1.62    5.00
 1374.75   36.40   10.90    0.40    1.33    3.00
 1375.00   25.70   15.70    3.70    0.07    0.00
 1375.25   22.70   16.30    0.00    0.49    4.50
 1375.50   28.90   15.90    0.00    1.22    9.00
 1375.75   34.20   13.40    3.20    0.65    5.00
 1376.00   26.00   15.70    2.80    0.51    0.00
 1376.25   23.40   17.20    0.00    0.30    4.50
 1376.50   28.50   16.30    1.00    1.48    9.00
 1376.75   35.30   15.10    0.00    1.68    5.00
 1377.00   25.70   15.70    0.30    0.58    0.00
 1377.25   22.10   15.80    0.00    1.29    3.00
 1377.50   30.20   14.90    3.10    1.22    6.00
 1377.75   37.30   12.90    0.70    0.63    4.00
 1378.00   26.10   15.00    2.30    0.61    0.00
 1378.25   22.50   16.20    0.00    1.33    1.50
 1378.50   30.20   13.30    4.40    1.55    3.00
 1378.75   36.00   10.40    4.60    1.61    3.00
 1379.00   26.30   14.20    4.10    0.45    0.00
 1379.25   22.70   15.50    0.00    0.82    1.50
 1379.50   30.80   13.60    3.50    2.08    3.00
 1379.75   37.10   11.10    3.30    1.57    5.00
 1380.00   26.50   16.80    3.90    0.47    0.00
 1380.25   23.80   17.40    0.00    0.35    4.00
 1380.50   29.80   16.40    0.30    1.83    8.00
 1380.75   37.10   12.80    1.90    2.04    5.00
 1381.00   26.60   17.60    1.40    0.45    0.00
 1381.25   24.50   16.10    0.00    1.52    1.50
 1381.50   32.00   13.90    3.40    2.08    3.00
 1381.75   38.00   10.30    3.70    1.47    1.00
 1382.00   26.10   17.30    3.30    0.42    0.00
 1382.25   22.60   16.30    0.00    2.90    0.50
 1382.50   31.00   12.40    1.90    1.68    1.00
 1382.75   37.50    9.60    4.60    1.73    1.00
 1383.00   26.00   16.50    3.10    0.52    0.00
 1383.25   23.80   16.90    0.00    1.45    4.00
 1383.50   30.20   16.10    4.50    1.55    8.00
 1383.75   35.30   12.90    0.60    1.47    5.00
 1384.00   26.90   15.70    3.80    0.49    0.00
 1384.25   23.40   16.90    0.00    1.13    3.50
 1384.50   29.00   16.50    3.70    1.38    7.00
 1384.75   37.10   14.40    0.00    1.85    3.00
 1385.00   26.40   17.20    3.40    0.42    0.00
 1385.25   25.00   17.60    0.00    0.30    4.00
 1385.50   29.80   16.20    0.70    1.68    8.00
 1385.75   36.20   13.20    3.30    1.38    5.00
 1386.00   26.00   16.90    4.20    0.56    0.00
 1386.25   23.10   16.40    0.00    2.34    2.50
 1386.50   29.90   14.60    0.80    1.29    5.00
 1386.75   37.20   12.10    1.40    1.54    3.00
 1387.00   27.00   15.50    3.00    0.58    0.00
 1387.25   23.60   17.10    0.00    1.20    4.00
 1387.50   29.90   15.20    4.00    1.73    8.00
 1387.75   36.70   12.90    3.00    1.24    7.00
 1388.00   26.80   15.70    4.30    0.44    0.00
 1388.25   23.80   17.30    0.00    0.30    4.50
 1388.50   29.00   16.30    3.60    1.64    9.00
 1388.75   35.30   14.10    1.60    1.76    6.00
 1389.00   26.50   17.70    4.90    0.40    0.00
 1389.25   24.90   18.70    0.00    0.44    4.50
 1389.50   28.70   17.70    0.90    1.76    9.00
 1389.75   34.50   14.90    0.00    0.51    4.00
 1390.00   26.10   17.10    0.90    0.31    0.00
 1390.25   24.20   18.00    0.00    0.84    4.50
 1390.50   28.80   17.20    0.20    1.03    9.00
 1390.75   36.30   14.60    0.00    0.93    5.00
 1391.00   25.90   16.80    3.50    0.54    0.00
 1391.25   23.30   17.40    0.00    0.96    4.00
 1391.50   29.00   16.10    0.00    0.73    8.00
 1391.75   37.30   13.30    0.00    1.15    5.00
 1392.00   26.30   17.30    2.80    0.51    0.00
 1392.25   23.30   18.00    0.00    6.13    2.00
 1392.50   29.00   16.10    0.00    1.33    4.00
 1392.75   37.10   13.10    2.30    0.16    4.00
 1393.00   26.60   18.00    4.90    0.35    0.00
 1393.25   23.90   18.10    0.00    1.03    4.00
 1393.50   28.50   17.60    0.00    1.55    8.00
 1393.75   36.20   13.90    1.40    0.70    5.00
 1394.00   26.50   17.00    3.60    0.42    0.00
 1394.25   23.50   17.70    0.00    0.16    1.50
 1394.50   30.70   16.00    1.60    1.36    3.00
 1394.75   38.40    9.80    3.70    2.04    1.00
 1395.00   26.80   15.80    3.50    0.47    0.00
 1395.25   23.10   16.50    0.00    0.38    3.50
 1395.50   30.30   16.90    1.80    2.18    7.00
 1395.75   37.40   12.70    3.40    1.76    1.00
 1396.00   26.90   16.10    3.10    0.33    0.00
 1396.25   24.30   17.70    0.00    0.47    3.50
 1396.50   30.60   15.90    3.40    1.59    7.00
 1396.75   37.50   12.60    2.30    1.68    7.00
 1397.00   27.20   16.70    3.50    0.37    0.00
 1397.25   22.90   16.90    0.00    1.13    2.00
 1397.50   30.80   14.80    0.80    1.80    4.00
 1397.75   37.40   10.10    2.10    2.58    2.00
 1398.00   26.10   17.20    3.40    0.45    0.00
 1398.25   25.00   15.40    0.00    1.34    1.50
 1398.50   30.80   11.70    4.10    1.66    3.00
 1398.75   37.40    7.20    1.20    1.38    1.00
 1399.00   26.50   11.60    0.40    0.56    0.00
 1399.25   21.80   14.00    0.00    1.69    1.50
 1399.50   30.20   14.40    3.90    1.64    3.00
 1399.75   37.20    9.50    1.40    1.75    2.00
 1400.00   26.10   14.70    4.20    0.54    0.00
 1400.25   22.20   16.10    0.00    1.08    0.50
 1400.50   29.00   15.20    2.70    2.08    1.00
 1400.75   37.80    9.90    0.00    1.78    1.00
 1401.00   26.00   16.80    2.80    0.33    0.00
 1401.25   22.60   16.30    0.00    1.29    3.50
 1401.50   29.70   14.90    1.10    1.97    7.00
 1401.75   37.00   12.10    0.00    1.75    4.00
 1402.00   26.70   16.20    1.20    0.28    0.00
 1402.25   24.10   17.80    0.00    0.61    4.50
 1402.50   29.10   17.80    0.00    2.62    9.00
 1402.75   36.90   14.40    0.00    5.31    5.00
 1403.00   26.20   17.90    1.70    0.49    2.00
 1403.25   25.50   18.00    0.00    0.87    5.50
 1403.50   29.30   16.60    0.00    1.62    9.00
 1403.75   36.30   14.40    1.70    1.03    6.00
 1404.00   26.50   17.70    4.20    0.56    2.00
 1404.25   25.50   18.30    0.00    0.35    4.50
 1404.50   30.00   17.00    3.50    1.22    7.00
 1404.75   35.60   13.80    2.20    1.17    5.00
 1405.00   27.10   17.00    2.90    0.49    0.00
 1405.25   23.90   18.00    0.00    0.21    3.50
 1405.50   30.10   17.30    0.20    1.88    7.00
 1405.75   38.60   13.50    4.20    1.66    3.00
 1406.00   26.70   17.00    4.50    0.49    0.00
 1406.25   23.50   17.20    0.00    2.02    3.00
 1406.50   30.40   15.80    3.60    1.94    6.00
 1406.75   37.00   11.90    0.40    1.26    3.00
 1407.00   26.80   16.50    3.70    0.45    0.00
 1407.25   23.30   17.10    0.00    1.80    2.50
 1407.50   30.90   15.80    3.80    1.55    5.00
 1407.75   37.90   12.80    3.20    1.08    3.00
 1408.00   27.20   15.90    3.90    0.49    0.00
 1408.25   24.40   16.90    0.00    1.94    2.50
 1408.50   31.10   15.70    2.80    1.69    5.00
 1408.75   38.30   11.30    2.90    1.27    3.00
 1409.00   27.40   15.10    3.80    0.47    0.00
 1409.25   24.10   17.10    0.00    0.80    2.50
 1409.50   30.40   15.70    1.00    1.78    5.00
 1409.75   37.40   13.20    4.70    1.31    5.00
 1410.00   27.40   16.00    3.30    0.42    0.00
 1410.25   23.60   16.50    0.00    0.99    2.50
 1410.50   29.60   15.50    4.40    1.71    5.00
 1410.75   36.80   12.80    2.00    1.36    4.00
 1411.00   27.50   15.30    2.30    0.45    0.00
 1411.25   23.30   16.80    0.00    2.06    3.00
 1411.50   30.70   16.00    1.10    2.01    6.00
 1411.75   38.20   11.60    2.80    1.75    4.00
 1412.00   27.40   16.10    3.40    0.35    0.00
 1412.25   24.50   17.50    0.00    0.30    1.50
 1412.50   31.20   15.40    3.20    1.68    3.00
 1412.75   39.60   12.00    0.30    1.41    3.00
 1413.00   27.00   15.70    2.60    0.40    0.00
 1413.25   24.20   17.40    0.00    0.24    4.00
 1413.50   29.80   16.40    0.00    2.50    8.00
 1413.75   36.90   13.10    2.70    0.80    5.00
 1414.00   26.60   16.10    3.90    0.49    1.00
 1414.25   23.90   17.60    0.00    0.12    4.00
 1414.50   28.90   16.50    0.00    1.99    7.00
 1414.75   36.40   12.90    1.00    1.12    3.00
 1415.00   27.50   14.20    0.80    0.56    0.00
 1415.25   24.10   17.90    0.00    0.70    4.00
 1415.50   28.70   15.80    3.70    1.29    8.00
 1415.75   36.00   13.10    0.00    2.16    5.00
 1416.00   26.70   17.00    3.20    0.52    0.00
 1416.25   24.80   18.50    0.00    0.47    4.00
 1416.50   29.70   17.10    2.30    1.43    8.00
 1416.75   36.30   14.70    1.30    1.05    6.00
 1417.00   26.60   17.50    5.00    0.54    0.00
 1417.25   24.80   18.60    0.00    0.70    3.00
 1417.50   30.80   17.40    1.80    1.45    6.00
 1417.75   37.00   14.70    1.10    0.30    5.00
 1418.00   27.10   16.60    3.60    0.51    0.00
 1418.25   23.90   18.10    0.00    0.54    3.50
 1418.50   30.80   17.50    2.30    1.94    7.00
 1418.75   37.70   14.00    0.20    0.12    5.00
 1419.00   27.70   17.50    1.70    0.45    0.00
 1419.25   25.40   18.70    0.00    6.23    3.50
 1419.50   30.70   17.40    0.20    1.26    7.00
 1419.75   36.50   14.00    3.90    1.34    5.00
 1420.00   27.00   16.30    3.50    0.56    0.00
 1420.25   23.50   17.50    0.00    1.76    2.50
 1420.50   29.20   17.20    0.00    3.14    5.00
 1420.75   36.00   15.50    0.40    0.10    6.00
 1421.00   27.10   16.30    1.20    0.37    0.00
 1421.25   25.00   18.30    0.00    0.35    4.50
 1421.50   29.40   17.30    1.10    1.48    9.00
 1421.75   36.40   13.80    0.60    2.11    5.00
 1422.00   26.80   15.70    4.90    0.51    0.00
 1422.25   24.30   18.00    0.00    0.68    5.00
 1422.50   27.80   17.20    0.00    1.75   10.00
 1422.75   35.00   13.50    0.00    0.58    6.00
 1423.00   26.90   17.30    2.20    0.47    0.00
 1423.25   24.00   18.10    0.00    1.64    2.50
 1423.50   30.70   17.80    2.20    1.69    5.00
 1423.75   35.90   14.50    0.00    1.24    6.00
 1424.00   27.50   17.90    2.80    0.35    0.00
 1424.25   25.50   19.20    0.30    0.44    2.50
 1424.50   31.20   18.20    0.10    1.82    5.00
 1424.75   39.10   16.40    0.00    3.79    4.00
 1425.00   27.10   18.10    4.50    0.99    0.00
 1425.25   24.70   18.80    0.00    0.63    4.00
 1425.50   30.10   17.10    1.60    1.27    8.00
 1425.75   37.50   15.50    3.30    6.27    5.00
 1426.00   27.00   18.20    5.40    1.01    0.00
 1426.25   25.20   19.10    0.00    1.06    2.50
 1426.50   30.30   17.60    0.20    1.03    5.00
 1426.75   35.70   14.90    3.80    1.82    4.00
 1427.00   27.20   18.20    4.30    0.54    0.00
 1427.25   24.50   18.60    0.00    1.76    3.50
 1427.50   29.20   17.50    2.10    0.37    7.00
 1427.75   35.70   15.80    2.80    0.73    5.00
 1428.00   27.20   16.10    2.90    0.52    0.00
 1428.25   23.10   17.10    0.00    2.29    2.00
 1428.50   30.70   16.70    3.50    1.19    4.00
 1428.75   36.40   13.10    3.20    1.36    5.00
 1429.00   27.30   16.90    3.40    0.49    0.00
 1429.25   23.90   17.90    0.00    5.79    3.00
 1429.50   29.20   16.60    1.70    1.10    6.00
 1429.75   37.30   12.60    1.00    1.43    5.00
 1430.00   27.50   16.40    3.80    0.51    0.00
 1430.25   24.10   17.50    0.00    0.56    3.50
 1430.50   29.80   15.70    3.80    1.29    7.00
 1430.75   37.90   12.90    3.00    0.91    7.00
 1431.00   27.40   17.10    4.10    0.54    0.00
 1431.25   23.50   17.70    0.00    0.03    2.00
 1431.50   29.80   16.70    0.00    1.36    4.00
 1431.75   37.00   14.10    3.10    0.68    2.00
 1432.00   27.70   16.60    3.40    0.52    0.00
 1432.25   23.10   17.50    0.00    0.65    2.00
 1432.50   30.40   17.30    0.10    1.40    4.00
 1432.75   37.60   13.20    2.10    0.72    2.00
 1433.00   27.40   17.40    3.80    0.51    0.00
 1433.25   24.90   18.80    0.00    0.52    4.50
 1433.50   28.60   17.20    0.00    0.30    9.00
 1433.75   37.00   14.30    0.00    1.71    4.50
 1434.00   27.20   18.10    3.90    0.99    0.00
 1434.25   25.00   18.80    0.00    0.98    3.50
 1434.50   30.80   16.70    3.70    1.38    7.00
 1434.75   37.10   13.70    1.10    1.19    3.50
 1435.00   27.20   16.70    3.70    0.54    0.00
 1435.25   25.40   18.70    0.00    0.28    4.50
 1435.50   29.70   16.80    0.00    1.40    9.00
 1435.75   37.50   12.80    0.10    2.83    4.50
 1436.00   27.00   17.90    3.70    0.52    0.00
 1436.25   25.20   18.90    2.60    0.33    2.50
 1436.50   29.30   16.80    0.00    0.93    5.00
 1436.75   36.80   13.10    2.60    0.99    2.50
 1437.00   26.80   18.00    5.30    0.51    0.00
 1437.25   24.00   18.50    0.00    0.68    2.00
 1437.50   28.70   16.70    0.30    0.91    4.00
 1437.75   36.50   13.70    1.20    1.12    4.50
 1438.00   27.00   17.80    5.40    0.44    5.00
 1438.25   24.40   18.50    0.00    0.93    4.50
 1438.50   29.90   16.40    3.40    0.52    4.00
 1438.75   36.10   15.00    1.30    0.52    3.50
 1439.00   27.20   16.90    4.20    0.49    3.00
 1439.25   25.90   18.80    0.00    0.45    6.00
 1439.50   29.00   17.40    0.00    1.94    9.00
 1439.75   34.90   14.80    3.80    0.65    5.00
 1440.00   27.10   17.40    4.70    0.56    1.00
 1440.25   23.70   18.20    0.00    1.57    3.00
 1440.50   30.00   16.90    2.10    0.59    5.00
 1440.75   34.90   12.90    2.50    0.59    3.00
 1441.00   26.90   18.30    5.30    0.52    1.00
 1441.25   24.90   18.60    0.00    0.47    3.00
 1441.50   29.90   17.70    1.60    1.27    5.00
 1441.75   36.00   14.80    2.10    0.07    4.00
 1442.00   27.20   18.60    4.30    0.42    3.00
 1442.25   24.80   19.20    0.00    0.52    5.50
 1442.50   30.00   18.40    0.00    1.03    8.00
 1442.75   36.10   16.10    2.80    0.80    6.50
 1443.00   27.40   18.60    1.80    0.49    5.00
 1443.25   24.60   18.90    0.00    6.27    7.00
 1443.50   30.80   18.80    0.30    1.45    9.00
 1443.75   35.70   15.20    0.70    1.19    6.00
 1444.00   27.30   18.40    0.70    0.54    3.00
 1444.25   25.40   18.50    0.00    1.54    5.50
 1444.50   29.10   17.40    0.00    1.88    8.00
 1444.75   37.90   14.70    0.60    2.48    6.00
 1445.00   27.60   17.10    1.20    0.49    4.00
 1445.25   24.60   18.00    0.00    1.78    4.50
 1445.50   31.00   17.00    3.30    1.43    5.00
 1445.75   35.90   13.20    0.00    1.59    2.50
 1446.00   27.40   18.40    4.50    0.52    0.00
 1446.25   24.00   17.90    0.00    2.81    3.50
 1446.50   29.70   17.50    2.10    2.23    7.00
 1446.75   36.00   13.30    3.10    0.84    3.50
 1447.00   27.20   15.80    2.10    0.42    0.00
 1447.25   24.20   18.00    0.00    0.72    3.50
 1447.50   30.30   16.40    0.80    1.19    7.00
 1447.75   36.20   13.10    0.50    1.34    3.50
 1448.00   27.50   17.50    2.10    0.45    0.00
 1448.25   24.50   18.70    0.00    0.82    3.50
 1448.50   29.50   18.30    0.00    1.01    7.00
 1448.75   35.80   14.10    3.30    1.24    6.00
 1449.00   27.70   16.50    5.00    0.51    5.00
 1449.25   24.50   18.30    0.00    1.33    5.00
 1449.50   30.10   17.30    1.30    1.24    5.00
 1449.75   33.40   16.10    0.00    0.94    2.50
 1450.00   28.00   18.20    0.50    0.49    0.00
 1450.25   23.70   18.00    0.00    2.84    2.00
 1450.50   30.50   15.60    1.30    1.92    4.00
 1450.75   36.30   13.30    5.30    1.12    2.00
 1451.00   29.00   15.70    1.70    0.33    0.00
 1451.25   24.60   17.00    0.00    0.99    2.00
 1451.50   31.70   15.50    5.00    1.82    4.00
 1451.75   37.10   12.70    4.30    1.75    2.00
 1452.00   28.50   17.60    4.00    0.51    0.00
 1452.25   24.30   17.40    0.00    1.03    0.50
 1452.50   31.10   14.90    1.40    1.17    1.00
 1452.75   38.30   10.40    2.40    1.29    0.50
 1453.00   28.00   15.90    3.80    0.45    0.00
 1453.25   23.80   16.90    0.00    1.52    1.50
 1453.50   29.80   16.00    3.30    1.82    3.00
 1453.75   36.70   10.90    3.50    1.03    1.50
 1454.00   27.80   16.90    3.50    0.47    0.00
 1454.25   26.40   18.80    0.00    0.17    2.50
 1454.50   29.80   18.40    2.20    1.20    5.00
 1454.75   34.20   16.30    4.00    0.79    2.50
 1455.00   27.90   18.10    3.60    0.65    0.00
 1455.25   25.70   18.80    0.00    0.52    4.50
 1455.50   29.50   17.90    2.00    1.38    9.00
 1455.75   37.90   13.40    4.10    1.68    4.50
 1456.00   28.00   16.40    3.20    0.51    0.00
 1456.25   23.90   16.90    0.00    1.45    2.50
 1456.50   30.50   16.00    2.60    1.80    5.00
 1456.75   36.10   12.70    2.50    1.24    2.50
 1457.00   28.30   15.60    2.50    0.40    0.00
 1457.25   25.20   18.30    0.00    0.26    2.50
 1457.50   30.20   15.70    0.00    1.36    5.00
 1457.75   36.40   13.30    0.00    1.66    2.50
 1458.00   27.60   16.60    4.10    0.49    0.00
 1458.25   23.90   18.10    0.00    1.41    5.00
 1458.50   29.00   17.40    2.70    1.73   10.00
 1458.75   36.40   13.90    1.90    1.17    5.00
 1459.00   27.70   16.80    3.20    0.65    0.00
 1459.25   25.00   18.90    0.00    0.49    3.50
 1459.50   30.00   18.00    1.10    1.54    7.00
 1459.75   35.70   14.20    0.00    1.27    3.50
 1460.00   27.60   17.80    3.30    0.49    0.00
 1460.25   26.00   19.50    0.00    0.52    5.00
 1460.50   28.70   19.60    0.00    0.10   10.00
 1460.75   31.70   17.60    5.40    0.17   10.00
 1461.00   23.70   19.70    0.00    0.21   10.00
 1461.25   23.90   19.80    0.00    3.49   10.00
 1461.50   26.10   21.20    0.00    4.08   10.00
 1461.75   28.40   19.70    3.60    0.70   10.00
 1462.00   25.50   21.10    0.00    0.49   10.00
 1462.25   24.80   21.20    0.00    3.33    7.50
 1462.50   28.80   21.60    0.00    0.70    5.00
 1462.75   30.90   19.60    0.00    0.84    9.00
 1463.00   27.70   19.20    3.80    0.59    3.00
 1463.25   25.30   20.40    0.00    0.42    6.00
 1463.50   29.00   21.40    0.10    1.26    9.00
 1463.75   26.50   22.10    0.00    0.75   10.00
 1464.00   26.80   21.30    0.00    0.65    8.00
 1464.25   25.10   21.40    0.00    0.52    7.50
 1464.50   28.90   21.70    0.00    1.17    7.00
 1464.75   32.90   20.50    4.40    6.23    7.00
 1465.00   27.20   20.60    1.20    0.35    5.00
 1465.25   25.00   21.60    0.00    0.73    7.00
 1465.50   28.30   21.80    0.00    2.58    9.00
 1465.75   33.50   19.30    2.90    0.45    8.00
 1466.00   27.70   20.00    0.70    0.02    5.00
 1466.25   24.90   20.70    0.00    4.12    7.00
 1466.50   28.10   20.10    1.70    1.26    9.00
 1466.75   31.30   17.80    0.70    4.47    9.00
 1467.00   26.40   19.60    0.90    0.40    0.00
 1467.25   24.80   19.80    0.00    0.72    4.00
 1467.50   28.20   20.10    0.00    0.52    8.00
 1467.75   33.80   17.70    2.80    0.82    8.00
 1468.00   27.20   19.60    1.10    0.47   10.00
 1468.25   25.10   20.50    0.00    0.98    9.50
 1468.50   27.40   22.40    0.00    0.05    9.00
 1468.75   32.70   18.40    4.20    0.31    4.00
 1469.00   24.80   21.30    0.00    0.70   10.00
 1469.25   24.40   21.30    0.00    2.97    8.50
 1469.50   28.10   21.90    0.00    3.49    7.00
 1469.75   25.30   20.70    3.30    0.49   10.00
 1470.00   26.60   20.90    0.00    1.75   10.00
 1470.25   22.10   19.00    0.00    2.18    9.00
 1470.50   25.60   21.30    0.00    4.29    8.00
 1470.75   32.90   18.10    0.00    1.75    8.00
 1471.00   23.90   20.60    0.00    4.17   10.00
 1471.25   23.60   20.70    0.00    2.58    9.50
 1471.50   26.10   23.10    0.00    0.63    9.00
 1471.75   28.00   21.80    2.40    6.20    9.00
 1472.00   24.50   22.70    0.00    3.39   10.00
 1472.25   24.00   23.10    0.00    0.73    9.00
 1472.50   27.30   26.50    0.00    0.82    8.00
 1472.75   31.10   26.90    3.00    1.29    8.00
 1473.00   26.00   23.80    0.00    0.31    3.00
 1473.25   24.10   23.90    0.00    0.99    5.50
 1473.50   28.10   25.40    0.20    1.82    8.00
 1473.75   33.80   22.50    1.70    1.27    5.00
 1474.00   27.10   22.00    3.40    0.56    5.00
 1474.25   25.00   22.60    0.00    0.31    5.00
 1474.50   28.30   23.00    0.00    0.93    5.00
 1474.75   34.10   21.10    0.10    0.33    4.00
 1475.00   26.60   21.50    2.50    0.52    3.00
 1475.25   25.20   21.70    0.00    1.10    6.00
 1475.50   28.50   23.00    0.00    1.34    9.00
 1475.75   24.40   21.00    0.00    4.85    9.00
 1476.00   25.70   22.10    0.00    0.35    8.00
 1476.25   24.60   21.60    0.00    1.29    8.00
 1476.50   27.70   23.70    0.00    1.33    8.00
 1476.75   27.60   24.30    0.00    0.14    9.00
 1477.00   25.90   22.60    0.00    0.51    5.00
 1477.25   23.30   21.70    0.00    2.08    6.00
 1477.50   28.70   24.30    0.10    2.04    7.00
 1477.75   27.20   22.10    2.30    0.93    8.00
 1478.00   26.20   22.70    0.00    0.58    3.00
 1478.25   24.30   22.00    0.00    1.52    5.00
 1478.50   27.70   23.40    0.00    0.80    7.00
 1478.75   23.80   22.40    0.00    3.51   10.00
 1479.00   24.30   23.20    0.00    1.75   10.00
 1479.25   23.90   23.20    0.00    3.60    9.50
 1479.50   26.20   26.20    0.00    4.19    9.00
 1479.75   33.80   28.00    0.00    1.76    7.00
 1480.00   26.40   24.50    0.00    1.01    0.00
 1480.25   25.30   24.40    0.00    1.01    2.50
 1480.50   28.90   26.40    0.60    1.43    5.00
 1480.75   31.60   24.60    0.00    0.63    7.00
 1481.00   26.60   23.10    2.20    0.99    3.00
 1481.25   24.60   23.10    0.00    5.83    5.50
 1481.50   27.80   24.30    0.00    1.38    8.00
 1481.75   32.60   25.00    0.30    0.42    7.00
 1482.00   27.30   22.20    2.40    0.61   10.00
 1482.25   25.20   22.60    0.00    1.12    7.50
 1482.50   28.30   23.90    0.00    0.59    5.00
 1482.75   33.10   22.70    1.50    0.47    5.00
 1483.00   26.60   22.80    0.80    0.30    5.00
 1483.25   24.90   22.90    0.00    0.73    7.00
 1483.50   27.20   23.90    0.00    5.11    9.00
 1483.75   30.70   24.20    2.50    6.27    7.00
 1484.00   27.00   23.30    0.00    0.54    9.00
 1484.25   25.40   23.20    0.00    1.31    9.00
 1484.50   28.50   23.60    0.00    1.73    9.00
 1484.75   30.30   26.10    0.10    5.43    9.00
 1485.00   27.10   23.80    0.00    0.31    5.00
 1485.25   24.60   22.60    0.00    2.04    6.50
 1485.50   28.00   23.90    0.00    1.73    8.00
 1485.75   33.90   23.70    1.80    0.35    7.00
 1486.00   26.80   21.40    0.00    0.37   10.00
 1486.25   23.60   21.00    0.00    1.27    7.50
 1486.50   28.90   23.20    0.70    1.06    5.00
 1486.75   34.60   22.80    2.80    0.65    6.00
 1487.00   28.70   21.70    3.40    1.03    9.00
 1487.25   25.20   21.70    0.00    0.65    8.50
 1487.50   28.50   22.40    0.80    1.73    8.00
 1487.75   24.40   21.30    0.00    0.47   10.00
 1488.00   24.60   21.30    0.00    5.86   10.00
 1488.25   24.20   21.70    0.00    3.25    7.00
 1488.50   28.20   24.00    0.00    1.43    4.00
 1488.75   33.00   24.50    3.30    0.44    6.00
 1489.00   23.90   21.50    0.50    0.79   10.00
 1489.25   23.00   21.30    0.00    4.07   10.00
 1489.50   23.60   22.00    0.00    3.09   10.00
 1489.75   27.40   23.70    0.00    0.59   10.00
 1490.00   25.40   23.30    0.00    3.28    8.00
 1490.25   24.40   23.10    0.00    0.84    7.00
 1490.50   28.00   24.10    0.00    3.46    6.00
 1490.75   32.20   26.30    0.00    5.90    5.00
 1491.00   27.20   24.30    0.00    1.03    3.00
 1491.25   24.50   23.50    0.00    0.21    6.50
 1491.50   28.20   23.80    0.00    5.06   10.00
 1491.75   25.90   24.70    0.40    1.64   10.00
 1492.00   25.00   24.00    0.00    1.03   10.00
 1492.25   24.80   24.20    0.00    1.27   10.00
 1492.50   25.40   24.20    1.60    1.01   10.00
 1492.75   24.40   24.20    0.00    0.17   10.00
 1493.00   23.50   23.50    0.00    5.72   10.00
 1493.25   23.20   23.20    0.00    2.36    7.50
 1493.50   26.70   26.30    0.00    3.12    7.50
 1493.75   30.00   26.20    0.00    4.52    7.50
 1494.00   25.70   23.00    1.60    2.11    5.00
 1494.25   24.30   24.30    0.00    1.64    5.00
 1494.50   26.80   26.60    0.00    2.60    5.00
 1494.75   30.60   28.20    4.10    0.73    5.00
 1495.00   26.30   24.10    0.00    0.58    5.00
 1495.25   23.50   25.30    0.00    5.53    5.00
 1495.50   28.90   26.50    0.00    1.15    5.00
 1495.75   31.90   25.50    2.90    0.94    5.00
 1496.00   25.80   23.80    0.00    1.01    5.00
 1496.25   25.00   23.70    0.00    1.88    5.00
 1496.50   28.00   26.00    0.00    3.04    5.00
 1496.75   28.80   26.10    1.40    0.16    5.00
 1497.00   23.70   23.60    0.00    2.51   10.00
 1497.25   22.90   23.70    0.00    0.98   10.00
 1497.50   25.30   23.70    0.00    3.67   10.00
 1497.75   24.20   23.80    0.00    0.86   10.00
 1498.00   23.50   23.50    0.00    0.98   10.00
 1498.25   22.50   25.35    0.00    2.55   10.00
 1498.50   27.50   27.20    0.00    2.97   10.00
 1498.75   27.00   26.50    0.70    5.88   10.00
 1499.00   23.60   23.60    0.00    3.19    5.00
 1499.25   23.10   26.00    0.00    0.98    7.50
 1499.50   26.30   26.00    0.00    3.02    7.50
 1499.75   30.50   28.40    0.20    4.00    7.50
 1500.00   25.40   29.25    0.00    0.42    7.50
 1500.25   24.20   29.25    0.00    1.85    7.50
 1500.50   27.70   29.25    0.00    1.05    7.50
 1500.75   30.80   30.10    0.00    5.43    7.50
 1501.00   26.20   30.65    0.00    0.94   10.00
 1501.25   23.30   30.65    0.00    1.34   10.00
 1501.50   27.70   30.65    0.00    3.56   10.00
 1501.75   31.30   31.20    0.00    4.17   10.00
 1502.00   23.00   22.27    0.00    1.88   10.00
 1502.25   23.30   22.27    0.00    3.42    5.00
 1502.50   27.40   22.27    0.00    4.54    5.00
 1502.75   28.50   22.27    2.50    0.09    5.00
 1503.00   25.10   22.27    0.00    0.63    5.00
 1503.25   24.10   22.27    0.00    1.57    5.00
 1503.50   27.40   22.27    0.00    5.90    5.00
 1503.75   31.00   22.27    1.20    0.96    5.00
 1504.00   26.30   22.27    0.00    0.98    5.00
 1504.25   24.50   22.27    0.00    1.19    5.00
 1504.50   28.00   22.27    0.00    1.40    5.00
 1504.75   32.20   22.27    0.00    0.73    5.00
 1505.00   26.40   22.27    0.70    0.37    0.00
 1505.25   24.40   22.27    0.00    0.63    5.00
 1505.50   28.20   22.27    0.00    4.69    5.00
 1505.75   23.80   22.27    0.00    0.30   10.00
 1506.00   23.30   22.27    0.00    4.40   10.00
 1506.25   23.30   22.27    0.00    4.08    7.50
 1506.50   27.50   22.27    0.00    2.72    5.00
 1506.75   31.20   22.27    0.40    1.01    5.00
 1507.00   26.40   22.27    0.00    0.33    5.00
 1507.25   25.60   22.27    0.00    2.16    7.50
 1507.50   28.30   22.27    0.00    1.26    7.50
 1507.75   24.40   22.27    0.00    1.01   10.00
 1508.00   23.70   22.27    0.00    4.01   10.00
 1508.25   22.40   22.27    0.00    3.54   10.00
 1508.50   28.40   22.27    0.00    4.68   10.00
 1508.75   23.40   22.27    1.30    1.66   10.00
 1509.00   23.90   22.27    0.00    0.54   10.00
 1509.25   22.70   22.27    0.00    2.06    7.50
 1509.50   26.20   22.27    0.00    2.78    7.50
 1509.75   27.50   22.27    0.00    6.27    7.50
 1510.00   24.50   22.27    0.00    6.27    7.50
 1510.25   23.20   22.27    0.00    3.12    7.50
 1510.50   27.60   22.27    0.00    2.46    5.00
 1510.75   23.00   22.27    0.00    1.40   10.00
 1511.00   23.60   22.27    0.00    2.11   10.00
 1511.25   23.10   22.27    0.00    3.09   10.00
 1511.50   27.40   22.27    0.00    2.91   10.00
 1511.75   27.60   22.27    0.00    4.63   10.00
 1512.00   24.30   22.27    0.00    4.17   10.00
 1512.25   23.70   22.27    0.00    1.62   10.00
 1512.50   25.90   22.27    0.00    0.84   10.00
 1512.75   30.50   22.27    3.00    1.68   10.00
 1513.00   25.30   22.27    0.00    0.91   10.00
 1513.25   23.50   22.27    0.00    4.78   10.00
 1513.50   26.90   22.27    0.00    3.12   10.00
 1513.75   30.90   22.27    0.00    1.26   10.00
 1514.00   24.60   22.27    0.00    2.30   10.00
 1514.25   24.30   22.27    0.00    3.19   10.00
 1514.50   26.20   22.27    0.00    0.42   10.00
 1514.75   24.90   22.27    3.60    0.38   10.00
 1515.00   24.00   22.27    0.00    1.03    7.50
 1515.25   23.30   22.27    0.00    3.33    7.50
 1515.50   27.00   22.27    0.00    4.07    7.50
 1515.75   32.10   22.27    0.40    1.43    7.50
 1516.00   26.90   22.27    0.00    0.58    7.50
 1516.25   25.00   22.27    0.00    0.79    7.50
 1516.50   27.80   22.27    0.00    0.96    7.50
 1516.75   25.40   22.27    0.00    2.76    7.50
 1517.00   25.60   22.27    0.00    1.03    5.00
 1517.25   24.70   22.27    0.00    1.26    7.50
 1517.50   28.10   22.27    0.00    4.33    7.50
 1517.75   26.50   22.27    0.00    0.51   10.00
 1518.00   25.00   22.27    0.00    4.24    7.50
 1518.25   23.70   22.27    0.00    1.78    7.50
 1518.50   28.50   22.27    0.00    5.76    7.50
 1518.75   32.70   22.27    0.00    0.54    5.00
 1519.00   26.30   22.27    1.30    0.77    7.50
 1519.25   25.20   22.27    0.00    4.22    7.50
 1519.50   28.50   22.27    0.00    1.95    7.50
 1519.75   31.70   22.27    2.40    0.33   10.00
 1520.00   25.80   22.27    0.50    0.99   10.00
 1520.25   24.60   22.27    0.00    3.96   10.00
 1520.50   27.30   22.27    0.00    5.45   10.00
 1520.75   29.20   22.27    0.00    0.38    7.50
 1521.00   25.10   22.27    0.00    0.94    5.00
 1521.25   23.90   22.27    0.00    3.65    7.50
 1521.50   27.20   22.27    0.00    4.28    7.50
 1521.75   32.70   22.27    0.30    6.20    7.50
 1522.00   24.70   23.10    0.00    3.89   10.00
 1522.25   24.20   23.10    0.00    3.21   10.00
 1522.50   27.30   23.10    0.00    4.28   10.00
 1522.75   32.00   23.10    0.00    0.05   10.00
 1523.00   24.10   23.10    0.00    0.16   10.00
 1523.25   23.90   23.10    0.00    3.84   10.00
 1523.50   26.90   23.10    0.00    0.44   10.00
 1523.75   27.40   23.10    1.30    1.01   10.00
 1524.00   25.00   23.10    0.00    3.46   10.00
 1524.25   23.60   23.10    0.00    4.03    7.50
 1524.50   26.90   23.10    0.00    4.14    5.00
 1524.75   27.40   23.10    3.00    0.37   10.00
 1525.00   25.40   23.10    0.00    2.34   10.00
 1525.25   24.50   23.10    0.00    2.98   10.00
 1525.50   28.60   23.10    0.00    3.14   10.00
 1525.75   29.90   23.10    1.70    0.52   10.00
 1526.00   24.40   23.10    0.00    1.17   10.00
 1526.25   23.90   23.10    0.00    1.90    7.50
 1526.50   26.50   23.10    0.00    2.39    7.50
 1526.75   31.60   23.10    0.00    5.79    5.00
 1527.00   25.20   23.10    0.00    3.40   10.00
 1527.25   23.80   23.10    0.00    2.84   10.00
 1527.50   28.30   23.10    0.00    3.96   10.00
 1527.75   31.20   23.10    4.30    0.96   10.00
 1528.00   25.30   23.10    0.00    1.20   10.00
 1528.25   25.00   23.10    0.00    4.17   10.00
 1528.50   27.00   23.10    0.00    4.35   10.00
 1528.75   24.70   23.10    0.00    4.21   10.00
 1529.00   23.50   23.10    0.00    3.58   10.00
 1529.25   23.40   23.10    0.00    4.14   10.00
 1529.50   27.20   23.10    0.00    4.35   10.00
 1529.75   30.10   23.10    1.10    0.75   10.00
 1530.00   26.10   23.10    0.00    1.05   10.00
 1530.25   24.90   23.10    0.00    1.13    7.50
 1530.50   28.00   23.10    0.00    2.29    5.00
 1530.75   24.40   23.10    5.60    0.42    7.50
 1531.00   26.20   23.10    0.00    0.16   10.00
 1531.25   24.60   23.10    0.00    3.26   10.00
 1531.50   28.00   23.10    0.00    3.21   10.00
 1531.75   28.80   23.10    2.20    0.54   10.00
 1532.00   23.40   23.10    0.00    1.06   10.00
 1532.25   22.60   23.10    0.00    3.37   10.00
 1532.50   28.60   23.10    0.00    3.18   10.00
 1532.75   31.00   23.10    0.00    5.95   10.00
 1533.00   25.40   23.10    0.00    1.10   10.00
 1533.25   23.90   23.10    0.00    4.26   10.00
 1533.50   28.90   23.10    0.00    2.93   10.00
 1533.75   32.90   23.10    0.00    2.32   10.00
 1534.00   22.80   23.10    0.00    4.56   10.00
 1534.25   23.40   23.10    0.00    2.48   10.00
 1534.50   27.80   23.10    0.00    1.19   10.00
 1534.75   25.90   23.10    0.00    0.26   10.00
 1535.00   24.10   23.10    0.00    3.37   10.00
 1535.25   23.20   23.10    0.00    3.94   10.00
 1535.50   27.30   23.10    0.00    2.57   10.00
 1535.75   23.90   23.10    1.80    0.80   10.00
 1536.00   24.20   23.10    0.00    4.14   10.00
 1536.25   23.90   23.10    0.00    3.84   10.00
 1536.50   25.80   23.10    0.00    3.30   10.00
 1536.75   28.80   23.10    0.00    0.07   10.00
 1537.00   25.40   23.10    0.10    0.86   10.00
 1537.25   24.50   23.10    0.00    2.90   10.00
 1537.50   23.30   23.10    0.00    2.43   10.00
 1537.75   26.30   23.10    0.00    3.89   10.00
 1538.00   23.30   23.10    0.00    3.07   10.00
 1538.25   22.80   23.10    0.00    3.77    7.50
 1538.50   25.20   23.10    0.00    3.82    7.50
 1538.75   29.40   23.10    0.00    0.73    7.50
 1539.00   25.70   23.10    0.00    0.61    7.50
 1539.25   24.00   23.10    0.00    2.02    7.50
 1539.50   28.70   23.10    0.00    4.21    7.50
 1539.75   32.80   23.10    0.00    0.45    7.50
 1540.00   25.60   23.10    0.00    2.37    7.50
 1540.25   23.90   23.10    0.00    2.34    7.50
 1540.50   29.60   23.10    0.00    0.65    7.50
 1540.75   28.40   23.10    3.00    0.37    5.00
 1541.00   25.00   23.10    0.00    0.87    7.50
 1541.25   24.30   23.10    0.00    0.33    7.50
 1541.50   28.10   23.10    0.00    0.61    7.50
 1541.75   24.90   23.10    0.10    2.44   10.00
 1542.00   24.20   23.10    0.00    1.99   10.00
 1542.25   23.60   23.10    0.00    3.93   10.00
 1542.50   26.90   23.10    0.00    4.15   10.00
 1542.75   30.10   23.10    0.00    0.89   10.00
 1543.00   24.60   23.10    0.00    4.36   10.00
 1543.25   24.20   23.10    0.00    2.15    7.69
 1543.50   26.80   23.10    0.00    3.37    7.69
 1543.75   31.60   23.10    0.00    1.80    7.69
 1544.00   26.00   23.10    0.00    0.77    7.69
 1544.25   24.40   23.10    0.00    1.05    7.69
 1544.50   28.20   23.10    0.00    0.65    7.69
 1544.75   32.80   23.10    0.00    0.77    7.69
 1545.00   25.70   23.10    0.00    0.73    7.69
 1545.25   24.40   23.10    0.00    3.44    7.69
 1545.50   28.90   23.10    0.00    0.45    7.69
 1545.75   32.70   23.10    0.00    1.27    7.69
 1546.00   25.60   23.10    0.00    0.89    7.69
 1546.25   25.10   23.10    0.00    4.00    7.69
 1546.50   26.60   23.10    0.00    3.63    7.69
 1546.75   27.10   23.10    0.50    1.83    7.69
 1547.00   23.70   23.10    0.00    3.39    7.69
 1547.25   22.40   23.10    0.00    3.79    7.69
 1547.50   26.30   23.10    0.00    2.97    7.69
 1547.75   22.90   23.10    1.10    3.33    7.69
 1548.00   24.60   23.10    0.00    1.01    7.69
 1548.25   23.50   23.10    0.00    2.13    7.69
 1548.50   28.90   23.10    0.00    2.48    7.69
 1548.75   23.90   23.10    1.50    0.45    7.69
 1549.00   24.40   23.10    0.00    5.85    7.69
 1549.25   23.40   23.10    0.00    3.12    7.69
 1549.50   27.60   23.10    0.00    3.42    7.69
 1549.75   32.40   23.10    0.00    1.57    7.69
 1550.00   25.50   23.10    0.00    1.15    7.69
 1550.25   24.00   23.10    0.00    1.95    7.69
 1550.50   28.50   23.10    0.00    4.47    7.69
 1550.75   32.20   23.10    0.00    1.87    7.69
 1551.00   25.70   23.10    0.00    4.54    7.69
 1551.25   23.50   23.10    0.00    3.37    7.69
 1551.50   28.20   23.10    0.00    1.27    7.69
 1551.75   30.00   23.10    1.70    0.73    7.69
 1552.00   24.20   23.10    0.00    4.68    7.69
 1552.25   24.30   23.10    0.00    2.48    7.69
 1552.50   28.10   23.10    0.00    4.17    7.69
 1552.75   30.80   23.10    0.00    3.44    7.69
 1553.00   23.50   22.13    0.00    3.68    7.19
 1553.25   23.40   22.13    0.00    3.98    7.19
 1553.50   26.20   22.13    0.00    3.74    7.19
 1553.75   29.70   22.13    0.00    0.65    7.19
 1554.00   25.60   22.13    0.00    1.01    7.19
 1554.25   24.20   22.13    0.00    2.65    7.19
 1554.50   30.00   22.13    0.00    1.78    7.19
 1554.75   27.30   22.13    0.00    0.72    7.19
 1555.00   25.00   22.13    0.00    5.41    7.19
 1555.25   23.60   22.13    0.00    3.53    7.19
 1555.50   28.70   22.13    0.00    3.37    7.19
 1555.75   30.20   22.13    0.30    1.10    7.19
 1556.00   23.70   22.13    0.00    3.98    7.19
 1556.25   23.10   22.13    0.00    3.04    7.19
 1556.50   26.00   22.13    0.00    3.42    7.19
 1556.75   29.40   22.13    0.00    0.54    7.19
 1557.00   25.20   22.13    0.00    4.31    7.19
 1557.25   24.30   22.13    0.00    3.51    7.19
 1557.50   29.10   22.13    0.00    2.30    7.19
 1557.75   27.00   22.13    0.00    4.90    7.19
 1558.00   25.30   22.13    0.00    0.94    7.19
 1558.25   23.90   22.13    0.00    3.14    7.19
 1558.50   28.90   22.13    0.40    1.48    7.19
 1558.75   25.00   22.13    0.00    2.02    7.19
 1559.00   24.70   22.13    0.00    3.60    7.19
 1559.25   22.80   22.13    0.00    4.12    7.19
 1559.50   28.60   22.13    0.00    5.17    7.19
 1559.75   27.20   22.13    0.00    5.27    7.19
 1560.00   25.40   22.13    0.00    1.01    7.19
 1560.25   24.20   22.13    0.00    3.63    7.19
 1560.50   28.40   22.13    0.00    3.70    7.19
 1560.75   32.10   22.13    0.20    0.94    7.19
 1561.00   26.40   22.13    0.00    2.04    7.19
 1561.25   24.80   22.13    0.00    1.76    7.19
 1561.50   29.20   22.13    0.00    2.01    7.19
 1561.75   30.70   22.13    2.50    5.99    7.19
 1562.00   26.10   22.13    0.00    1.52    7.19
 1562.25   24.20   22.13    0.00    3.96    7.19
 1562.50   26.90   22.13    0.10    4.19    7.19
 1562.75   30.10   22.13    0.00    0.23    7.19
 1563.00   24.70   22.13    0.00    1.27    7.19
 1563.25   24.10   22.13    0.00    3.12    7.19
 1563.50   27.70   22.13    0.00    5.74    7.19
 1563.75   27.70   22.13    0.00    0.63    7.19
 1564.00   24.90   22.13    0.00    1.27    7.19
 1564.25   23.70   22.13    0.00    2.84    7.19
 1564.50   28.60   22.13    0.00    3.84    7.19
 1564.75   28.60   22.13    0.00    0.38    7.19
 1565.00   24.60   22.13    0.00    0.75    7.19
 1565.25   23.80   22.13    0.00    3.05    7.19
 1565.50   28.90   22.13    0.00    2.78    7.19
 1565.75   30.80   22.13    0.00    5.17    7.19
 1566.00   24.20   22.13    0.00    4.47    7.19
 1566.25   23.70   22.13    0.00    4.14    7.19
 1566.50   29.10   22.13    0.00    3.26    7.19
 1566.75   32.30   22.13    0.00    5.15    7.19
 1567.00   25.10   22.13    0.00    1.24    7.19
 1567.25   23.40   22.13    0.00    2.86    7.19
 1567.50   28.30   22.13    0.00    5.18    7.19
 1567.75   25.90   22.13    0.40    0.52    7.19
 1568.00   24.50   22.13    0.00    0.99    7.19
 1568.25   23.30   22.13    0.00    4.10    7.19
 1568.50   27.80   22.13    0.00    3.11    7.19
 1568.75   28.50   22.13    2.70    1.95    7.19
 1569.00   25.40   22.13    0.00    1.01    7.19
 1569.25   25.00   22.13    0.00    2.25    7.19
 1569.50   27.10   22.13    0.00    1.75    7.19
 1569.75   29.20   22.13    0.00    0.51    7.19
 1570.00   24.90   22.13    0.00    0.61    7.19
 1570.25   23.70   22.13    0.00    0.59    7.19
 1570.50   28.70   22.13    1.00    0.21    7.19
 1570.75   24.40   22.13    0.00    1.34    7.19
 1571.00   23.60   22.13    0.00    2.20    7.19
 1571.25   22.30   22.13    0.00    4.31    7.19
 1571.50   26.60   22.13    0.00    4.01    7.19
 1571.75   32.00   22.13    0.00    0.66    7.19
 1572.00   24.30   22.13    0.00    1.01    7.19
 1572.25   22.60   22.13    0.00    4.28    7.19
 1572.50   28.40   22.13    0.00    3.91    7.19
 1572.75   32.40   22.13    0.00    0.35    7.19
 1573.00   25.30   22.13    0.00    0.61    7.19
 1573.25   24.10   22.13    0.00    4.99    7.19
 1573.50   27.30   22.13    0.00    2.43    7.19
 1573.75   28.40   22.13    0.00    1.08    7.19
 1574.00   23.80   22.13    0.00    4.07    7.19
 1574.25   23.30   22.13    0.00    4.14    7.19
 1574.50   26.50   22.13    0.00    4.10    7.19
 1574.75   30.30   22.13    0.00    4.14    7.19
 1575.00   23.10   22.13    0.00    3.86    7.19
 1575.25   22.70   22.13    0.00    1.24    7.19
 1575.50   25.70   22.13    0.00    4.21    7.19
 1575.75   31.00   22.13    0.00    1.82    7.19
 1576.00   24.70   22.13    0.00    0.94    7.19
 1576.25   23.40   22.13    0.00    3.47    7.19
 1576.50   26.70   22.13    0.00    3.02    7.19
 1576.75   28.40   22.13    0.00    1.82    7.19
 1577.00   24.20   22.13    0.00    1.06    7.19
 1577.25   22.90   22.13    0.00    3.30    7.19
 1577.50   27.10   22.13    0.00    0.91    7.19
 1577.75   31.80   22.13    0.00    2.98    7.19
 1578.00   24.00   22.13    0.00    1.59    7.19
 1578.25   23.40   22.13    0.00    4.35    7.19
 1578.50   27.20   22.13    0.00    3.18    7.19
 1578.75   32.50   22.13    0.00    4.14    7.19
 1579.00   23.90   22.13    2.50    1.40    7.19
 1579.25   22.70   22.13    0.00    4.26    7.19
 1579.50   26.10   22.13    1.20    3.09    7.19
 1579.75   25.00   22.13    2.00    5.32    7.19
 1580.00   23.60   22.13    0.00    3.87    7.19
 1580.25   23.50   22.13    0.00    3.60    7.19
 1580.50   26.40   22.13    0.00    4.15    7.19
 1580.75   30.80   22.13    0.00    0.93    7.19
 1581.00   25.00   22.13    0.00    0.66    7.19
 1581.25   22.80   22.13    0.00    4.50    7.19
 1581.50   26.10   22.13    0.00    3.39    7.19
 1581.75   31.50   22.13    0.60    1.80    7.19
 1582.00   25.30   22.13    0.00    1.19    7.19
 1582.25   24.30   22.13    0.00    1.82    7.19
 1582.50   27.30   22.13    0.00    3.96    7.19
 1582.75   24.60   22.13    1.20    6.25    7.19
 1583.00   24.30   22.24    0.00    4.12    5.85
 1583.25   23.60   22.24    0.00    4.10    5.85
 1583.50   27.40   22.24    0.00    3.98    5.85
 1583.75   30.80   22.24    0.00    1.17    5.85
 1584.00   26.00   22.24    0.00    1.33    5.85
 1584.25   24.10   22.24    0.00    6.04    5.85
 1584.50   29.00   22.24    0.00    1.52    5.85
 1584.75   32.00   22.24    2.60    2.16    5.85
 1585.00   25.30   22.24    0.00    0.99    5.85
 1585.25   23.30   22.24    0.00    4.42    5.85
 1585.50   28.90   22.24    0.00    3.51    5.85
 1585.75   31.80   22.24    0.00    1.13    5.85
 1586.00   25.90   22.24    0.00    0.98    5.85
 1586.25   23.90   22.24    0.00    1.05    5.85
 1586.50   29.80   22.24    0.00    3.51    5.85
 1586.75   31.10   22.24    3.10    1.36    5.85
 1587.00   25.00   22.24    0.00    1.68    5.85
 1587.25   22.90   22.24    0.00    4.87    5.85
 1587.50   28.30   22.24    0.00    2.64    5.85
 1587.75   31.00   22.24    1.40    1.95    5.85
 1588.00   24.60   22.24    0.00    1.88    5.85
 1588.25   23.50   22.24    0.00    3.25    5.85
 1588.50   28.30   22.24    0.00    2.90    5.85
 1588.75   31.30   22.24    2.70    1.85    5.85
 1589.00   24.00   22.24    0.00    0.73    5.85
 1589.25   22.80   22.24    0.00    4.21    5.85
 1589.50   28.20   22.24    0.00    1.92    5.85
 1589.75   30.60   22.24    0.00    1.69    5.85
 1590.00   24.10   22.24    0.00    1.24    5.85
 1590.25   23.30   22.24    0.00    4.19    5.85
 1590.50   28.60   22.24    0.00    0.89    5.85
 1590.75   32.10   22.24    0.00    3.84    5.85
 1591.00   25.20   22.24    0.00    5.81    5.85
 1591.25   24.30   22.24    0.00    3.04    5.85
 1591.50   28.90   22.24    0.00    2.06    5.85
 1591.75   32.20   22.24    0.00    3.12    5.85
 1592.00   25.40   22.24    0.00    0.52    5.85
 1592.25   23.70   22.24    0.00    1.55    5.85
 1592.50   26.10   22.24    0.00    1.54    5.85
 1592.75   30.70   22.24    2.60    1.78    5.85
 1593.00   24.60   22.24    0.00    3.70    5.85
 1593.25   23.90   22.24    0.00    3.05    5.85
 1593.50   28.00   22.24    0.00    3.19    5.85
 1593.75   32.00   22.24    0.00    1.68    5.85
 1594.00   24.50   22.24    0.00    0.98    5.85
 1594.25   22.00   22.24    0.00    2.16    5.85
 1594.50   28.00   22.24    0.00    2.90    5.85
 1594.75   31.40   22.24    1.50    1.57    5.85
 1595.00   24.70   22.24    0.00    0.51    5.85
 1595.25   21.50   22.24    0.00    1.27    5.85
 1595.50   27.50   22.24    0.00    4.01    5.85
 1595.75   32.70   22.24    1.00    0.96    5.85
 1596.00   25.40   22.24    0.90    0.94    5.85
 1596.25   22.50   22.24    0.00    0.91    5.85
 1596.50   29.20   22.24    0.90    3.04    5.85
 1596.75   30.30   22.24    0.00    1.03    5.85
 1597.00   25.70   22.24    0.00    0.98    5.85
 1597.25   24.20   22.24    0.00    3.58    5.85
 1597.50   27.90   22.24    0.00    0.79    5.85
 1597.75   30.30   22.24    1.30    1.50    5.85
 1598.00   25.00   22.24    1.10    0.72    5.85
 1598.25   23.70   22.24    0.00    2.98    5.85
 1598.50   27.20   22.24    2.10    1.92    5.85
 1598.75   27.60   22.24    0.00    1.27    5.85
 1599.00   24.10   22.24    0.00    0.94    5.85
 1599.25   22.80   22.24    0.00    2.65    5.85
 1599.50   27.50   22.24    0.00    4.49    5.85
 1599.75   31.00   22.24    2.00    1.33    5.85
 1600.00   25.40   22.24    0.00    0.30    5.85
 1600.25   22.10   22.24    0.00    2.02    5.85
 1600.50   28.60   22.24    0.00    1.75    5.85
 1600.75   32.60   22.24    0.40    1.50    5.85
 1601.00   25.70   22.24    1.60    0.99    5.85
 1601.25   22.80   22.24    0.00    1.48    5.85
 1601.50   27.90   22.24    0.00    3.47    5.85
 1601.75   32.20   22.24    0.00    1.47    5.85
 1602.00   25.50   22.24    0.00    0.72    5.85
 1602.25   23.80   22.24    0.00    1.69    5.85
 1602.50   28.60   22.24    0.00    3.05    5.85
 1602.75   33.30   22.24    0.00    2.58    5.85
 1603.00   25.70   22.24    0.00    1.01    5.85
 1603.25   24.30   22.24    0.00    3.47    5.85
 1603.50   27.90   22.24    0.00    1.94    5.85
 1603.75   32.50   22.24    0.30    2.29    5.85
 1604.00   25.40   22.24    0.40    0.44    5.85
 1604.25   24.30   22.24    0.00    1.92    5.85
 1604.50   26.70   22.24    0.00    4.15    5.85
 1604.75   31.20   22.24    2.40    1.78    5.85
 1605.00   24.50   22.24    0.00    1.01    5.85
 1605.25   24.30   22.24    0.00    0.93    5.85
 1605.50   27.00   22.24    0.00    1.90    5.85
 1605.75   30.30   22.24    1.00    1.40    5.85
 1606.00   25.00   22.24    0.00    0.44    5.85
 1606.25   23.50   22.24    0.00    3.70    5.85
 1606.50   27.00   22.24    0.00    3.53    5.85
 1606.75   32.70   22.24    0.10    2.37    5.85
 1607.00   25.20   22.24    0.00    0.86    5.85
 1607.25   23.10   22.24    0.00    4.35    5.85
 1607.50   28.50   22.24    0.00    2.11    5.85
 1607.75   32.60   22.24    0.00    1.54    5.85
 1608.00   24.70   22.24    0.00    1.01    5.85
 1608.25   23.10   22.24    0.00    1.83    5.85
 1608.50   29.10   22.24    0.00    2.65    5.85
 1608.75   32.30   22.24    0.00    1.87    5.85
 1609.00   24.40   22.24    0.00    0.99    5.85
 1609.25   22.00   22.24    0.00    1.94    5.85
 1609.50   28.60   22.24    0.00    3.44    5.85
 1609.75   32.50   22.24    0.00    1.22    5.85
 1610.00   24.70   22.24    0.00    0.63    5.85
 1610.25   22.00   22.24    0.00    1.27    5.85
 1610.50   28.00   22.24    0.00    0.21    5.85
 1610.75   32.20   22.24    0.00    3.84    5.85
 1611.00   25.60   22.24    0.00    1.24    5.85
 1611.25   23.10   22.24    0.00    4.03    5.85
 1611.50   26.70   22.24    0.00    3.72    5.85
 1611.75   30.90   22.24    0.80    2.69    5.85
 1612.00   24.40   22.24    0.00    3.35    5.85
 1612.25   22.90   22.24    0.00    4.08    5.85
 1612.50   26.70   22.24    2.20    3.58    5.85
 1612.75   30.90   22.24    0.00    2.65    5.85
 1613.00   24.50   22.24    0.00    4.10    5.85
 1613.25   23.50   22.24    0.00    4.73    5.85
 1613.50   24.30   22.24    0.00    2.06    5.85
 1613.75   27.40   22.24    2.70    4.15    5.85
 1614.00   23.40   20.45    0.00    2.01    4.44
 1614.25   21.80   20.45    0.00    2.83    4.44
 1614.50   28.50   20.45    0.00    1.54    4.44
 1614.75   27.70   20.45    2.00    5.93    4.44
 1615.00   24.60   20.45    0.00    0.99    4.44
 1615.25   22.30   20.45    0.00    2.06    4.44
 1615.50   28.30   20.45    1.40    1.83    4.44
 1615.75   34.00   20.45    0.00    1.54    4.44
 1616.00   25.70   20.45    0.00    0.45    4.44
 1616.25   22.20   20.45    0.00    1.68    4.44
 1616.50   28.60   20.45    0.10    1.97    4.44
 1616.75   33.80   20.45    0.00    1.55    4.44
 1617.00   24.60   20.45    0.90    1.05    4.44
 1617.25   21.60   20.45    0.00    2.15    4.44
 1617.50   28.70   20.45    3.20    1.66    4.44
 1617.75   34.00   20.45    1.10    1.95    4.44
 1618.00   25.60   20.45    0.00    0.61    4.44
 1618.25   22.60   20.45    0.00    1.03    4.44
 1618.50   26.40   20.45    0.00    1.90    4.44
 1618.75   32.60   20.45    2.60    1.15    4.44
 1619.00   25.50   20.45    0.00    1.95    4.44
 1619.25   23.40   20.45    0.00    5.50    4.44
 1619.50   28.40   20.45    0.90    3.63    4.44
 1619.75   33.00   20.45    0.50    1.20    4.44
 1620.00   24.30   20.45    0.00    1.45    4.44
 1620.25   24.60   20.45    0.00    1.27    4.44
 1620.50   29.30   20.45    0.00    1.22    4.44
 1620.75   24.20   20.45    0.60    0.51    4.44
 1621.00   23.00   20.45    0.00    4.22    4.44
 1621.25   21.60   20.45    0.00    4.12    4.44
 1621.50   27.50   20.45    0.00    3.09    4.44
 1621.75   30.20   20.45    0.30    1.62    4.44
 1622.00   24.80   20.45    0.00    3.07    4.44
 1622.25   22.40   20.45    0.00    2.55    4.44
 1622.50   27.30   20.45    0.00    2.72    4.44
 1622.75   31.90   20.45    1.30    0.63    4.44
 1623.00   23.90   20.45    0.00    1.76    4.44
 1623.25   21.70   20.45    0.00    2.30    4.44
 1623.50   28.60   20.45    0.00    1.87    4.44
 1623.75   32.20   20.45    2.10    2.46    4.44
 1624.00   23.40   20.45    0.00    0.23    4.44
 1624.25   21.80   20.45    0.00    3.86    4.44
 1624.50   26.60   20.45    0.00    4.14    4.44
 1624.75   31.70   20.45    2.80    1.87    4.44
 1625.00   23.70   20.45    0.00    1.15    4.44
 1625.25   22.60   20.45    0.00    0.30    4.44
 1625.50   28.00   20.45    2.20    2.34    4.44
 1625.75   31.70   20.45    3.10    1.34    4.44
 1626.00   25.50   20.45    0.00    0.99    4.44
 1626.25   23.70   20.45    0.00    1.03    4.44
 1626.50   26.50   20.45    0.00    2.25    4.44
 1626.75   30.60   20.45    0.00    2.81    4.44
 1627.00   25.10   20.45    0.00    3.63    4.44
 1627.25   23.20   20.45    0.00    3.05    4.44
 1627.50   28.00   20.45    2.10    3.14    4.44
 1627.75   32.40   20.45    3.20    2.81    4.44
 1628.00   25.00   20.45    0.00    0.93    4.44
 1628.25   22.20   20.45    0.60    3.75    4.44
 1628.50   27.20   20.45    0.10    3.42    4.44
 1628.75   32.40   20.45    0.00    1.85    4.44
 1629.00   27.00   20.45    0.00    1.71    4.44
 1629.25   21.30   20.45    0.00    5.57    4.44
 1629.50   28.30   20.45    0.00    2.57    4.44
 1629.75   32.70   20.45    1.00    2.69    4.44
 1630.00   24.10   20.45    0.00    1.54    4.44
 1630.25   23.20   20.45    0.00    4.12    4.44
 1630.50   27.80   20.45    1.20    2.20    4.44
 1630.75   31.40   20.45    2.90    2.27    4.44
 1631.00   25.50   20.45    0.00    1.05    4.44
 1631.25   23.60   20.45    0.00    0.66    4.44
 1631.50   26.30   20.45    0.00    2.39    4.44
 1631.75   33.50   20.45    2.10    2.02    4.44
 1632.00   25.30   20.45    0.00    1.92    4.44
 1632.25   21.60   20.45    0.00    4.10    4.44
 1632.50   27.70   20.45    2.00    1.57    4.44
 1632.75   33.70   20.45    0.10    2.60    4.44
 1633.00   24.20   20.45    0.00    1.47    4.44
 1633.25   22.70   20.45    0.00    4.22    4.44
 1633.50   28.20   20.45    0.00    2.76    4.44
 1633.75   32.70   20.45    2.10    2.43    4.44
 1634.00   26.30   20.45    0.00    2.02    4.44
 1634.25   22.20   20.45    0.00    4.10    4.44
 1634.50   27.20   20.45    0.00    2.83    4.44
 1634.75   32.70   20.45    2.40    1.92    4.44
 1635.00   24.30   20.45    0.60    1.59    4.44
 1635.25   22.30   20.45    0.00    2.51    4.44
 1635.50   27.50   20.45    0.90    2.48    4.44
 1635.75   32.10   20.45    1.60    1.99    4.44
 1636.00   26.70   20.45    2.20    1.82    4.44
 1636.25   22.60   20.45    0.00    4.35    4.44
 1636.50   28.40   20.45    0.00    3.39    4.44
 1636.75   33.10   20.45    3.10    1.48    4.44
 1637.00   25.00   20.45    1.60    0.58    4.44
 1637.25   21.40   20.45    0.00    1.76    4.44
 1637.50   27.60   20.45    0.00    3.26    4.44
 1637.75   33.40   20.45    2.20    2.90    4.44
 1638.00   25.80   20.45    0.00    6.25    4.44
 1638.25   22.10   20.45    0.90    0.93    4.44
 1638.50   28.20   20.45    0.60    6.00    4.44
 1638.75   32.80   20.45    0.00    1.38    4.44
 1639.00   26.10   20.45    1.40    0.52    4.44
 1639.25   23.40   20.45    0.30    0.86    4.44
 1639.50   27.20   20.45    0.70    3.09    4.44
 1639.75   32.00   20.45    0.00    6.28    4.44
 1640.00   25.30   20.45    0.80    0.19    4.44
 1640.25   21.30   20.45    0.00    2.76    4.44
 1640.50   27.30   20.45    1.40    3.05    4.44
 1640.75   30.80   20.45    0.00    3.89    4.44
 1641.00   25.30   20.45    1.60    0.49    4.44
 1641.25   21.00   20.45    0.00    1.12    4.44
 1641.50   28.60   20.45    0.20    1.68    4.44
 1641.75   34.20   20.45    1.90    3.19    4.44
 1642.00   26.20   20.45    1.90    0.47    4.44
 1642.25   21.40   20.45    0.00    1.76    4.44
 1642.50   28.10   20.45    0.80    2.71    4.44
 1642.75   32.20   20.45    1.20    2.22    4.44
 1643.00   25.50   20.45    3.00    0.93    4.44
 1643.25   23.70   20.45    0.00    3.32    4.44
 1643.50   26.20   20.45    0.00    1.59    4.44
 1643.75   32.10   20.45    1.40    2.76    4.44
 1644.00   26.10   19.37    1.50    0.24    4.51
 1644.25   22.60   19.37    0.00    1.33    4.51
 1644.50   28.80   19.37    1.60    1.80    4.51
 1644.75   34.30   19.37    1.10    3.60    4.51
 1645.00   25.90   19.37    3.10    0.37    4.51
 1645.25   23.80   19.37    0.00    1.57    4.51
 1645.50   28.70   19.37    2.70    1.85    4.51
 1645.75   34.00   19.37    2.10    2.08    4.51
 1646.00   26.20   19.37    3.20    0.33    4.51
 1646.25   23.30   19.37    0.00    1.66    4.51
 1646.50   27.60   19.37    0.00    2.83    4.51
 1646.75   35.50   19.37    2.00    1.87    4.51
 1647.00   25.20   19.37    1.50    0.59    4.51
 1647.25   22.60   19.37    0.00    2.71    4.51
 1647.50   28.30   19.37    0.00    1.01    4.51
 1647.75   32.10   19.37    2.30    2.02    4.51
 1648.00   24.80   19.37    0.00    0.16    4.51
 1648.25   20.20   19.37    0.00    1.27    4.51
 1648.50   28.30   19.37    1.80    2.18    4.51
 1648.75   33.60   19.37    3.90    1.57    4.51
 1649.00   26.40   19.37    1.70    0.52    4.51
 1649.25   21.70   19.37    0.00    3.70    4.51
 1649.50   24.20   19.37    2.20    3.47    4.51
 1649.75   23.90   19.37    2.50    0.70    4.51
 1650.00   21.20   19.37    0.00    2.46    4.51
 1650.25   21.20   19.37    0.00    4.73    4.51
 1650.50   24.60   19.37    0.00    3.35    4.51
 1650.75   29.80   19.37    1.50    2.58    4.51
 1651.00   23.90   19.37    0.00    1.05    4.51
 1651.25   21.40   19.37    0.00    4.15    4.51
 1651.50   27.90   19.37    2.50    1.95    4.51
 1651.75   31.40   19.37    2.70    2.48    4.51
 1652.00   25.40   19.37    0.70    1.01    4.51
 1652.25   21.60   19.37    0.00    1.90    4.51
 1652.50   27.50   19.37    0.00    3.28    4.51
 1652.75   31.50   19.37    1.40    2.53    4.51
 1653.00   25.30   19.37    2.30    0.65    4.51
 1653.25   22.30   19.37    0.00    5.01    4.51
 1653.50   27.20   19.37    0.00    1.20    4.51
 1653.75   33.20   19.37    2.50    1.34    4.51
 1654.00   25.80   19.37    0.00    0.58    4.51
 1654.25   21.70   19.37    0.00    1.24    4.51
 1654.50   26.20   19.37    1.10    3.35    4.51
 1654.75   32.90   19.37    3.10    2.65    4.51
 1655.00   26.30   19.37    0.80    2.08    4.51
 1655.25   23.50   19.37    0.00    2.25    4.51
 1655.50   27.80   19.37    0.00    3.09    4.51
 1655.75   34.20   19.37    0.00    2.23    4.51
 1656.00   23.80   19.37    0.00    0.51    4.51
 1656.25   22.00   19.37    0.00    1.64    4.51
 1656.50   27.90   19.37    0.00    1.92    4.51
 1656.75   33.10   19.37    1.80    2.58    4.51
 1657.00   24.30   19.37    0.00    0.61    4.51
 1657.25   21.00   19.37    0.00    1.80    4.51
 1657.50   27.60   19.37    0.00    3.18    4.51
 1657.75   34.90   19.37    0.00    1.57    4.51
 1658.00   26.00   19.37    0.00    0.42    4.51
 1658.25   21.20   19.37    0.00    3.87    4.51
 1658.50   27.80   19.37    0.00    1.90    4.51
 1658.75   34.50   19.37    0.40    2.95    4.51
 1659.00   26.40   19.37    2.90    0.38    4.51
 1659.25   22.20   19.37    0.00    1.64    4.51
 1659.50   26.80   19.37    0.00    2.55    4.51
 1659.75   33.50   19.37    2.60    3.12    4.51
 1660.00   25.60   19.37    1.70    0.42    4.51
 1660.25   21.50   19.37    0.00    2.18    4.51
 1660.50   25.00   19.37    3.20    2.46    4.51
 1660.75   32.70   19.37    0.00    2.37    4.51
 1661.00   24.10   19.37    0.00    0.40    4.51
 1661.25   21.30   19.37    0.00    2.91    4.51
 1661.50   26.60   19.37    3.00    3.33    4.51
 1661.75   32.10   19.37    4.20    1.85    4.51
 1662.00   25.70   19.37    0.00    1.20    4.51
 1662.25   22.40   19.37    0.00    3.42    4.51
 1662.50   28.00   19.37    1.10    2.41    4.51
 1662.75   34.00   19.37    2.20    1.68    4.51
 1663.00   25.70   19.37    0.00    0.49    4.51
 1663.25   21.20   19.37    0.00    1.78    4.51
 1663.50   26.40   19.37    2.30    3.14    4.51
 1663.75   31.40   19.37    3.60    1.59    4.51
 1664.00   25.10   19.37    4.00    1.66    4.51
 1664.25   23.00   19.37    0.00    1.76    4.51
 1664.50   25.40   19.37    0.60    3.63    4.51
 1664.75   31.60   19.37    2.20    3.18    4.51
 1665.00   25.50   19.37    0.00    1.78    4.51
 1665.25   21.10   19.37    0.00    1.10    4.51
 1665.50   27.70   19.37    3.70    2.01    4.51
 1665.75   34.50   34.40    1.60    1.59    4.51
 1666.00   24.70   24.10    0.00    0.23    4.51
 1666.25   22.70   26.45    0.00    0.98    4.51
 1666.50   27.60   26.45    2.50    3.72    4.51
 1666.75   32.50   28.80    3.90    1.82    4.51
 1667.00   27.10   26.70    0.00    1.48    4.51
 1667.25   24.00   28.05    0.00    0.58    4.51
 1667.50   27.60   28.05    1.40    2.20    4.51
 1667.75   34.80   29.40    3.50    1.29    4.51
 1668.00   26.00   25.00    0.00    0.47    4.51
 1668.25   21.10   25.30    0.00    2.69    4.51
 1668.50   27.60   25.30    0.00    2.48    4.51
 1668.75   35.30   25.60    0.00    2.29    4.51
 1669.00   27.00   25.20    0.00    0.91    4.51
 1669.25   22.30   26.30    0.00    2.23    4.51
 1669.50   28.40   27.40    2.80    2.41    4.51
 1669.75   33.60   23.70    3.60    2.11    4.51
 1670.00   23.90   17.50    0.00    3.58    4.51
 1670.25   20.50   21.05    0.00    5.10    4.51
 1670.50   28.50   24.60    3.70    2.02    4.51
 1670.75   33.20   21.20    2.60    1.61    4.51
 1671.00   24.30   20.30    0.00    0.38    4.51
 1671.25   20.90   23.10    0.00    0.98    4.51
 1671.50   28.00   25.90    3.80    1.83    4.51
 1671.75   34.10   20.50    1.60    2.02    4.51
 1672.00   26.30   22.50    0.00    0.42    4.51
 1672.25   21.20   24.55    0.00    1.85    4.51
 1672.50   27.80   26.60    0.90    2.50    4.51
 1672.75   35.70   20.60    1.00    2.43    4.51
 1673.00   27.00   23.50    3.60    0.31    4.51
 1673.25   24.20   25.35    0.00    0.98    4.51
 1673.50   26.30   25.35    0.90    2.98    4.51
 1673.75   33.20   27.20    2.80    2.58    4.51
 1674.00   25.90   21.40    1.20    1.52    4.51
 1674.25   22.40   22.20    0.00    1.69    4.51
 1674.50   27.70   23.00    4.10    2.76    4.51
 1674.75   35.00   19.00    2.60    2.76    4.51
 1675.00   26.10   22.00    0.60    0.30    3.28
 1675.25   21.00   23.10    0.00    0.07    3.28
 1675.50   27.00   24.20    2.00    2.30    3.28
 1675.75   34.50   20.10    3.30    1.31    3.28
 1676.00   26.40   22.30    0.00    0.45    3.28
 1676.25   21.80   23.60    0.00    2.71    3.28
 1676.50   26.70   24.90    1.80    3.82    3.28
 1676.75   34.40   21.50    2.30    2.01    3.28
 1677.00   26.70   24.80    3.00    0.47    3.28
 1677.25   22.40   25.00    0.00    1.33    3.28
 1677.50   28.70   25.20    3.70    2.84    3.28
 1677.75   34.90   23.80    0.00    2.69    3.28
 1678.00   24.90   21.60    0.00    0.26    3.28
 1678.25   22.50   22.50    0.00    2.02    3.28
 1678.50   28.30   23.40    1.30    2.62    3.28
 1678.75   34.50   19.00    2.00    2.27    3.28
 1679.00   26.00   22.60    0.00    0.16    3.28
 1679.25   22.40   21.70    0.00    1.82    3.28
 1679.50   27.70   19.50    2.10    2.90    3.28
 1679.75   35.20   14.30    1.70    2.76    3.28
 1680.00   26.50   20.30    1.30    0.37    3.28
 1680.25   20.90   20.05    0.00    4.08    3.28
 1680.50   27.70   19.80    3.20    2.67    3.28
 1680.75   34.80   17.40    4.40    1.38    3.28
 1681.00   26.30   21.40    0.00    0.51    3.28
 1681.25   21.60   21.60    0.00    1.64    3.28
 1681.50   27.90   18.70    3.20    3.02    3.28
 1681.75   34.70   14.20    3.20    1.26    3.28
 1682.00   26.40   21.50    2.20    0.49    3.28
 1682.25   21.70   21.60    0.00    0.72    3.28
 1682.50   28.80   19.90    1.90    2.90    3.28
 1682.75   35.70   13.50    3.00    1.71    3.28
 1683.00   26.70   19.80    3.00    0.59    3.28
 1683.25   21.70   20.70    0.00    3.04    3.28
 1683.50   27.80   21.60    0.60    3.00    3.28
 1683.75   34.50   16.90    3.00    1.85    3.28
 1684.00   27.30   20.90    0.00    0.52    3.28
 1684.25   23.00   22.25    0.00    1.43    3.28
 1684.50   26.70   23.60    0.00    2.43    3.28
 1684.75   35.60   18.20    1.40    2.72    3.28
 1685.00   25.90   22.90    3.80    0.58    3.28
 1685.25   22.30   22.35    0.00    1.24    3.28
 1685.50   28.60   21.80    1.70    1.61    3.28
 1685.75   34.50   16.50    1.50    1.83    3.28
 1686.00   26.10   21.90    2.20    0.54    3.28
 1686.25   21.30   22.10    0.00    1.75    3.28
 1686.50   28.80   22.30    3.70    1.97    3.28
 1686.75   36.20   16.80    2.90    2.71    3.28
 1687.00   25.80   21.20    0.10    0.49    3.28
 1687.25   21.30   21.45    0.00    3.28    3.28
 1687.50   28.90   21.70    3.30    1.76    3.28
 1687.75   36.00   16.10    1.80    1.95    3.28
 1688.00   26.40   21.40    0.10    0.44    3.28
 1688.25   21.60   21.60    0.00    1.45    3.28
 1688.50   28.40   20.90    0.50    1.73    3.28
 1688.75   36.00   17.00    3.10    1.55    3.28
 1689.00   25.70   21.90    1.40    0.54    3.28
 1689.25   21.50   21.30    0.00    1.34    3.28
 1689.50   28.30   20.70    4.40    1.38    3.28
 1689.75   34.60   16.50    2.30    2.01    3.28
 1690.00   26.20   19.50    0.40    0.56    3.28
 1690.25   22.70   21.60    0.00    0.89    3.28
 1690.50   29.00   20.60    3.30    1.76    3.28
 1690.75   35.80   14.50    3.20    1.85    3.28
 1691.00   26.80   19.40    2.20    0.58    3.28
 1691.25   22.50   20.10    0.00    0.80    3.28
 1691.50   29.20   17.50    6.40    1.75    3.28
 1691.75   36.10   14.20    4.40    1.50    3.28
 1692.00   26.90   21.40    3.40    0.40    3.28
 1692.25   22.20   21.90    0.00    1.64    3.28
 1692.50   29.10   19.80    3.60    1.73    3.28
 1692.75   35.90   15.50    2.90    0.73    3.28
 1693.00   26.40   19.80    1.60    0.52    3.28
 1693.25   22.20   21.70    0.00    1.45    3.28
 1693.50   27.70   22.10    1.00    1.78    3.28
 1693.75   35.30   15.60    0.50    1.52    3.28
 1694.00   26.70   20.70    2.20    0.47    3.28
 1694.25   22.00   21.00    0.00    1.10    3.28
 1694.50   28.40   21.40    3.30    1.85    3.28
 1694.75   35.70   15.70    1.20    1.27    3.28
 1695.00   26.50   20.70    3.60    0.38    3.28
 1695.25   23.40   22.45    0.00    0.26    3.28
 1695.50   28.30   24.20    0.00    4.36    3.28
 1695.75   36.30   19.40    0.00    1.17    3.28
 1696.00   26.30   23.70    3.40    0.82    3.28
 1696.25   24.80   24.70    0.00    0.30    3.28
 1696.50   28.50   24.30    0.00    1.08    3.28
 1696.75   35.50   20.00    0.00    4.99    3.28
 1697.00   24.30   24.30    1.60    6.28    3.28
 1697.25   24.20   24.20    0.00    0.99    3.28
 1697.50   27.00   23.90    0.00    1.75    3.28
 1697.75   34.30   19.00    0.00    3.84    3.28
 1698.00   25.50   21.50    3.00    0.44    3.28
 1698.25   23.90   23.30    0.00    0.96    3.28
 1698.50   28.90   21.40    0.90    1.50    3.28
 1698.75   36.50   14.60    2.30    2.71    3.28
 1699.00   25.30   21.00    3.70    0.38    3.28
 1699.25   23.50   23.10    0.30    0.47    3.28
 1699.50   27.90   21.60    1.70    0.93    3.28
 1699.75   36.30   16.70    2.20    3.25    3.28
 1700.00   25.60   22.20    5.30    0.56    3.28
 1700.25   23.40   22.80    0.00    0.93    3.28
 1700.50   28.30   22.80    3.20    1.29    3.28
 1700.75   36.50   17.60    0.90    2.08    3.28
 1701.00   26.80   22.70    3.50    0.21    3.28
 1701.25   23.80   23.80    0.00    0.56    3.28
 1701.50   29.60   22.00    0.90    1.47    3.28
 1701.75   37.20   18.90    0.00    0.66    3.28
 1702.00   26.10   21.30    3.10    0.40    3.28
 1702.25   23.40   22.50    0.00    1.26    3.28
 1702.50   28.10   19.60    2.20    2.06    3.28
 1702.75   35.60   13.70    4.00    1.88    3.28
 1703.00   26.30   21.80    3.20    0.49    3.28
 1703.25   22.60   21.60    0.00    1.01    3.28
 1703.50   28.90   20.80    2.70    1.85    3.28
 1703.75   36.10   15.30    5.10    1.57    3.28
 1704.00   26.90   21.00    2.50    0.58    3.28
 1704.25   23.40   21.30    0.00    2.18    3.28
 1704.50   29.10   18.70    2.30    1.41    3.28
 1704.75   36.60   14.70    4.10    1.85    3.28
 1705.00   26.60   20.30    1.70    0.52    3.28
 1705.25   21.90   20.60    0.00    0.98    3.28
 1705.50   28.90   19.10    3.70    2.08    3.28
 1705.75   37.10   10.80    4.00    1.68    3.28
 1706.00   27.20   20.90    3.40    0.56    2.96
 1706.25   22.70   21.90    0.00    2.16    2.96
 1706.50   29.70   18.90    1.30    2.58    2.96
 1706.75   36.60   14.90    1.70    0.86    2.96
 1707.00   26.70   20.90    2.50    0.44    2.96
 1707.25   23.50   21.60    0.00    1.90    2.96
 1707.50   28.00   21.90    0.00    3.05    2.96
 1707.75   33.80   16.00    0.30    2.15    2.96
 1708.00   26.30   21.00    0.30    0.42    2.96
 1708.25   22.00   21.00    0.00    1.45    2.96
 1708.50   29.30   20.60    2.20    1.88    2.96
 1708.75   36.80   13.20    0.80    1.82    2.96
 1709.00   26.30   18.60    1.30    0.44    2.96
 1709.25   21.60   20.50    0.00    1.76    2.96
 1709.50   29.00   21.20    1.80    1.55    2.96
 1709.75   34.70   14.90    1.90    2.69    2.96
 1710.00   26.50   21.60    2.80    0.31    2.96
 1710.25   22.60   21.80    0.00    1.22    2.96
 1710.50   29.50   19.50    2.80    2.04    2.96
 1710.75   37.00   15.00    3.60    1.26    2.96
 1711.00   26.70   19.10    3.10    0.49    2.96
 1711.25   22.50   20.90    0.00    1.31    2.96
 1711.50   29.60   16.10    3.50    2.18    2.96
 1711.75   36.30   11.90    1.40    2.16    2.96
 1712.00   26.50   19.50    3.70    0.42    2.96
 1712.25   21.40   20.50    0.00    1.41    2.96
 1712.50   28.90   19.80    2.50    1.66    2.96
 1712.75   36.20   14.80    1.00    3.42    2.96
 1713.00   26.50   19.60    3.60    0.42    2.96
 1713.25   23.20   22.30    0.00    1.26    2.96
 1713.50   28.70   19.60    4.70    1.62    2.96
 1713.75   37.30   13.50    2.80    1.66    2.96
 1714.00   26.70   19.70    2.00    0.49    2.96
 1714.25   22.40   21.50    0.00    1.76    2.96
 1714.50   28.30   20.00    2.00    2.27    2.96
 1714.75   36.10   13.60    3.70    1.08    2.96
 1715.00   27.30   18.70    2.80    0.44    2.96
 1715.25   22.90   22.30    0.00    3.14    2.96
 1715.50   30.10   20.00    2.30    1.57    2.96
 1715.75   35.20   16.50    2.70    1.48    2.96
 1716.00   27.50   18.60    0.00    0.44    2.96
 1716.25   25.20   21.80    3.10    1.41    2.96
 1716.50   27.70   20.20    2.10    1.99    2.96
 1716.75   35.50   15.10    3.10    2.02    2.96
 1717.00   26.60   19.50    3.50    0.49    2.96
 1717.25   23.70   22.80    0.00    4.28    2.96
 1717.50   27.60   20.50    2.00    1.85    2.96
 1717.75   35.70   16.90    0.20    0.91    2.96
 1718.00   26.50   20.50    0.00    0.61    2.96
 1718.25   22.30   21.10    0.00    2.27    2.96
 1718.50   29.80   16.80    4.20    2.15    2.96
 1718.75   36.10   13.00    3.30    1.17    2.96
 1719.00   26.50   20.40    3.30    0.47    2.96
 1719.25   20.00   17.30    0.00    1.90    2.96
 1719.50   29.70   18.20    3.20    1.52    2.96
 1719.75   35.80   11.50    3.10    1.31    2.96
 1720.00   26.70   19.80    2.60    0.44    2.96
 1720.25   22.10   20.30    0.00    2.84    2.96
 1720.50   29.30   17.60    3.20    2.15    2.96
 1720.75   36.10   13.30    3.70    1.66    2.96
 1721.00   26.90   18.50    1.40    0.47    2.96
 1721.25   22.20   19.90    0.00    0.66    2.96
 1721.50   28.60   19.20    3.10    2.34    2.96
 1721.75   36.90   13.80    2.20    2.48    2.96
 1722.00   26.60   22.10    3.50    0.44    2.96
 1722.25   23.70   22.30    0.00    0.31    2.96
 1722.50   29.50   20.10    3.80    1.66    2.96
 1722.75   36.60   15.20    0.60    0.65    2.96
 1723.00   26.90   19.60    1.90    0.40    2.96
 1723.25   22.90   22.00    0.00    1.38    2.96
 1723.50   29.50   19.80    0.50    1.62    2.96
 1723.75   37.10   14.00    0.10    1.03    2.96
 1724.00   25.90   21.70    4.00    0.38    2.96
 1724.25   24.90   22.90    0.00    0.56    2.96
 1724.50   28.40   20.90    2.30    1.55    2.96
 1724.75   36.00   17.40    0.00    1.54    2.96
 1725.00   25.70   21.70    4.20    0.63    2.96
 1725.25   25.20   21.80    0.00    1.01    2.96
 1725.50   29.30   21.00    4.00    1.59    2.96
 1725.75   36.90   17.50    0.80    0.80    2.96
 1726.00   26.30   20.40    3.00    0.49    2.96
 1726.25   23.40   21.60    0.00    2.18    2.96
 1726.50   28.30   20.30    4.70    1.36    2.96
 1726.75   35.50   15.90    0.20    1.27    2.96
 1727.00   26.10   19.40    1.80    0.51    2.96
 1727.25   22.00   21.00    0.00    2.13    2.96
 1727.50   29.40   19.30    5.00    1.43    2.96
 1727.75   36.30   15.80    2.70    1.26    2.96
 1728.00   25.80   19.80    3.60    0.58    2.96
 1728.25   22.60   21.30    0.00    0.98    2.96
 1728.50   29.30   19.70    3.90    1.40    2.96
 1728.75   37.10   12.90    4.30    1.20    2.96
 1729.00   26.40   20.50    4.30    0.51    2.96
 1729.25   23.20   21.50    0.00    1.10    2.96
 1729.50   30.20   19.60    3.80    1.59    2.96
 1729.75   36.50   14.90    2.40    1.13    2.96
 1730.00   26.20   20.70    3.80    0.54    2.96
 1730.25   23.50   21.40    0.00    0.63    2.96
 1730.50   28.60   19.80    2.30    1.73    2.96
 1730.75   36.60   15.90    1.60    1.20    2.96
 1731.00   26.20   21.50    4.90    0.49    2.96
 1731.25   24.80   22.50    0.00    0.44    2.96
 1731.50   27.40   20.70    1.50    1.69    2.96
 1731.75   35.20   14.40    0.30    1.13    2.96
 1732.00   26.00   20.60    2.70    0.51    2.96
 1732.25   24.00   22.20    0.00    0.35    2.96
 1732.50   27.90   20.10    0.00    1.48    2.96
 1732.75   35.30   12.90    0.60    1.38    2.96
 1733.00   26.30   20.10    3.80    0.49    2.96
 1733.25   23.10   21.60    0.00    6.00    2.96
 1733.50   30.10   21.10    4.70    1.64    2.96
 1733.75   36.60   16.00    2.80    1.36    2.96
 1734.00   26.70   22.40    3.40    0.42    2.96
 1734.25   24.80   22.70    0.00    0.96    2.96
 1734.50   30.00   20.40    3.60    1.61    2.96
 1734.75   36.70   15.40    3.80    2.20    2.96
 1735.00   26.60   19.40    4.20    0.42    2.96
 1735.25   23.80   22.40    0.00    0.17    2.96
 1735.50   29.30   19.80    2.50    1.66    2.96
 1735.75   37.10   10.50    3.40    1.20    2.96
 1736.00   26.20   21.10    3.20    0.47    3.39
 1736.25   24.40   21.70    0.00    1.06    3.39
 1736.50   29.20   18.00    3.40    1.92    3.39
 1736.75   36.20   15.20    3.70    1.50    3.39
 1737.00   26.90   21.30    5.30    0.49    3.39
 1737.25   24.30   22.30    0.00    1.75    3.39
 1737.50   30.70   17.20    4.30    1.66    3.39
 1737.75   38.00   12.40    3.60    1.68    3.39
 1738.00   27.50   21.00    4.60    0.38    3.39
 1738.25   24.60   22.70    0.00    6.20    3.39
 1738.50   30.10   18.60    4.40    1.76    3.39
 1738.75   37.60   12.50    0.70    2.50    3.39
 1739.00   27.50   18.00    3.50    0.42    3.39
 1739.25   24.10   22.40    0.00    0.30    3.39
 1739.50   30.40   20.60    4.40    1.97    3.39
 1739.75   38.00   15.00    3.10    1.90    3.39
 1740.00   26.10   22.60    3.20    0.42    3.39
 1740.25   23.10   22.10    0.00    1.64    3.39
 1740.50   28.70   20.50    0.10    1.48    3.39
 1740.75   37.40   13.10    0.50    1.13    3.39
 1741.00   26.40   21.10    1.20    0.33    3.39
 1741.25   23.20   20.90    0.00    0.87    3.39
 1741.50   30.30   17.70    1.90    1.82    3.39
 1741.75   35.70   13.60    3.70    1.38    3.39
 1742.00   27.20   18.50    2.00    0.49    3.39
 1742.25   23.00   22.00    0.00    0.86    3.39
 1742.50   29.00   20.40    5.50    1.43    3.39
 1742.75   36.40   14.30    2.70    1.55    3.39
 1743.00   26.90   20.20    3.30    0.52    3.39
 1743.25   23.30   22.20    0.00    0.49    3.39
 1743.50   29.60   20.80    4.00    1.61    3.39
 1743.75   35.70   15.20    4.00    1.66    3.39
 1744.00   26.10   20.90    4.10    0.45    3.39
 1744.25   22.70   22.00    0.00    0.70    3.39
 1744.50   29.50   19.80    3.20    1.36    3.39
 1744.75   35.40   15.80    1.20    0.77    3.39
 1745.00   26.30   20.70    3.60    0.47    3.39
 1745.25   23.80   22.60    0.00    0.38    3.39
 1745.50   29.90   19.90    0.50    1.36    3.39
 1745.75   36.20   13.60    3.60    1.19    3.39
 1746.00   26.20   20.50    4.70    0.49    3.39
 1746.25   23.40   22.60    0.00    0.68    3.39
 1746.50   30.30   21.10    0.40    1.22    3.39
 1746.75   36.80   14.30    3.00    0.82    3.39
 1747.00   26.80   20.90    4.30    1.03    3.39
 1747.25   24.40   23.00    0.60    0.49    3.39
 1747.50   29.00   20.40    1.20    0.75    3.39
 1747.75   37.00   12.60    2.60    1.43    3.39
 1748.00   26.20   22.00    3.80    0.47    3.39
 1748.25   23.70   22.30    0.00    0.17    3.39
 1748.50   30.30   18.20    5.30    1.40    3.39
 1748.75   36.90   11.80    1.40    1.50    3.39
 1749.00   26.30   21.10    3.40    0.52    3.39
 1749.25   22.40   20.70    0.00    1.62    3.39
 1749.50   29.90   19.10    1.70    1.55    3.39
 1749.75   36.00   13.70    2.40    1.40    3.39
 1750.00   27.50   18.40    3.30    0.47    3.39
 1750.25   23.30   20.90    0.00    1.36    3.39
 1750.50   30.60   20.70    4.60    1.57    3.39
 1750.75   36.90   15.60    4.10    1.50    3.39
 1751.00   27.30   21.50    3.90    0.47    3.39
 1751.25   25.40   23.20    0.00    0.17    3.39
 1751.50   29.60   19.60    3.80    1.17    3.39
 1751.75   38.00   13.80    1.20    1.97    3.39
 1752.00   26.50   20.00    3.90    0.56    3.39
 1752.25   23.60   22.00    0.00    5.99    3.39
 1752.50   29.20   19.90    0.00    1.61    3.39
 1752.75   37.30   15.30    1.10    1.24    3.39
 1753.00   26.10   21.00    5.40    0.51    3.39
 1753.25   24.50   22.50    0.00    1.50    3.39
 1753.50   31.20   19.90    1.00    1.34    3.39
 1753.75   36.00   12.60    0.90    1.36    3.39
 1754.00   26.90   20.40    3.80    0.45    3.39
 1754.25   24.20   22.60    0.00    0.65    3.39
 1754.50   30.60   20.40    4.60    1.76    3.39
 1754.75   36.60   13.60    2.50    1.27    3.39
 1755.00   26.40   20.90    3.60    0.45    3.39
 1755.25   22.60   21.40    0.00    0.99    3.39
 1755.50   29.10   19.70    4.80    1.48    3.39
 1755.75   37.40   13.40    3.80    1.27    3.39
 1756.00   26.80   19.20    3.60    0.54    3.39
 1756.25   23.10   21.20    0.00    1.54    3.39
 1756.50   30.20   20.20    1.00    2.11    3.39
 1756.75   36.20   14.30    2.90    1.06    3.39
 1757.00   27.40   21.90    5.10    0.61    3.39
 1757.25   26.00   23.40    0.00    0.23    3.39
 1757.50   30.20   20.80    1.70    1.57    3.39
 1757.75   34.60   19.90    1.70    0.96    3.39
 1758.00   27.00   22.60    4.10    0.47    3.39
 1758.25   23.30   22.00    0.00    1.31    3.39
 1758.50   29.70   20.40    3.40    1.57    3.39
 1758.75   35.90   16.10    3.80    1.45    3.39
 1759.00   27.50   21.20    4.10    0.52    3.39
 1759.25   24.60   22.60    0.00    0.54    3.39
 1759.50   30.00   21.40    4.90    1.62    3.39
 1759.75   35.50   18.50    0.80    0.44    3.39
 1760.00   27.40   20.80    1.90    0.40    3.39
 1760.25   23.00   20.70    0.00    3.12    3.39
 1760.50   29.30   20.40    3.40    1.59    3.39
 1760.75   36.20   15.30    0.00    1.87    3.39
 1761.00   27.80   20.50    3.30    0.45    3.39
 1761.25   23.70   22.00    0.00    1.03    3.39
 1761.50   29.90   20.80    2.40    1.20    3.39
 1761.75   36.10   16.40    4.00    0.68    3.39
 1762.00   26.70   22.00    3.80    0.51    3.39
 1762.25   24.10   22.30    0.00    0.82    3.39
 1762.50   29.00   20.60    1.20    0.96    3.39
 1762.75   35.60   15.70    0.00    0.87    3.39
 1763.00   27.20   21.30    0.10    0.44    3.39
 1763.25   25.00   22.90    0.00    0.26    3.39
 1763.50   28.80   20.50    0.00    1.61    3.39
 1763.75   36.50   15.20    1.90    1.33    3.39
 1764.00   27.10   19.40    3.80    0.59    3.39
 1764.25   23.60   21.60    0.00    0.54    3.39
 1764.50   30.70   19.70    4.30    1.61    3.39
 1764.75   36.20   14.20    2.50    1.50    3.39
 1765.00   27.20   20.30    3.50    0.35    3.39
 1765.25   23.90   21.80    0.00    0.94    3.39
 1765.50   29.50   18.80    4.40    1.48    3.39
 1765.75   37.80   11.80    2.60    0.89    3.39
 1766.00   27.60   18.60    3.30    0.47    3.39
 1766.25   22.40   21.00    0.00    0.52    3.39
 1766.50   30.40   21.10    1.90    1.22    3.39
 1766.75   36.20   17.90    4.80    0.58    3.39
 1767.00   27.10   21.90    3.00    0.58    4.13
 1767.25   23.80   22.50    0.00    2.55    4.13
 1767.50   29.00   21.10    1.60    2.11    4.13
 1767.75   37.70   15.90    0.20    1.55    4.13
 1768.00   27.40   21.80    4.50    0.91    4.13
 1768.25   26.10   23.40    0.00    0.98    4.13
 1768.50   30.40   21.30    0.00    1.05    4.13
 1768.75   36.50   18.10    0.00    4.99    4.13
 1769.00   28.30   21.90    0.00    0.96    4.13
 1769.25   26.40   23.50    0.00    1.03    4.13
 1769.50   29.30   21.70    0.00    1.69    4.13
 1769.75   33.60   20.60    1.50    0.86    4.13
 1770.00   25.60   22.70    1.50    1.01    4.13
 1770.25   25.50   23.40    0.00    1.19    4.13
 1770.50   28.90   21.60    0.00    0.93    4.13
 1770.75   35.30   18.30    2.20    0.94    4.13
 1771.00   27.00   20.70    2.50    0.51    4.13
 1771.25   25.60   22.60    0.00    0.79    4.13
 1771.50   30.70   21.50    0.00    1.33    4.13
 1771.75   35.00   16.60    0.70    1.19    4.13
 1772.00   27.00   19.50    0.00    0.51    4.13
 1772.25   23.70   21.90    0.00    1.20    4.13
 1772.50   30.60   19.00    5.30    1.27    4.13
 1772.75   37.10   14.50    3.60    1.50    4.13
 1773.00   27.60   20.30    4.10    0.44    4.13
 1773.25   23.90   21.90    0.00    3.07    4.13
 1773.50   31.10   20.10    3.40    1.78    4.13
 1773.75   37.30   16.20    3.00    1.61    4.13
 1774.00   27.40   19.90    3.60    0.45    4.13
 1774.25   23.90   22.30    0.00    0.80    4.13
 1774.50   30.50   20.00    3.00    2.22    4.13
 1774.75   37.60   14.90    3.90    1.76    4.13
 1775.00   27.80   22.90    4.60    0.47    4.13
 1775.25   27.60   22.00    0.00    1.20    4.13
 1775.50   30.10   19.80    3.20    1.31    4.13
 1775.75   38.40   15.30    0.40    1.57    4.13
 1776.00   28.70   20.60    0.00    0.52    4.13
 1776.25   26.00   21.70    0.00    0.28    4.13
 1776.50   30.90   20.40    3.60    1.71    4.13
 1776.75   35.60   16.60    0.00    1.99    4.13
 1777.00   27.30   21.60    3.10    0.98    4.13
 1777.25   26.20   22.50    0.00    0.73    4.13
 1777.50   29.50   21.90    0.00    1.52    4.13
 1777.75   30.20   22.00    3.50    0.12    4.13
 1778.00   26.80   22.10    2.20    0.91    4.13
 1778.25   23.70   22.00    0.00    0.99    4.13
 1778.50   29.50   19.70    4.40    1.38    4.13
 1778.75   36.70   15.80    2.00    1.85    4.13
 1779.00   26.90   18.90    4.00    0.52    4.13
 1779.25   22.50   20.40    0.00    2.09    4.13
 1779.50   29.40   19.20    4.00    1.82    4.13
 1779.75   35.70   15.00    1.00    0.68    4.13
 1780.00   27.90   18.40    3.00    0.38    4.13
 1780.25   24.50   21.80    0.00    1.95    4.13
 1780.50   31.20   20.10    3.10    2.22    4.13
 1780.75   37.30   15.50    4.60    1.22    4.13
 1781.00   27.90   21.50    4.30    0.99    4.13
 1781.25   25.10   22.80    0.00    1.66    4.13
 1781.50   31.20   18.70    2.20    1.66    4.13
 1781.75   37.20   15.00    4.60    1.52    4.13
 1782.00   27.60   20.00    2.10    0.44    4.13
 1782.25   24.00   22.60    0.00    0.68    4.13
 1782.50   30.40   20.50    4.10    1.26    4.13
 1782.75   36.20   16.40    1.70    1.01    4.13
 1783.00   27.50   21.30    3.40    0.51    4.13
 1783.25   24.50   22.90    0.00    1.66    4.13
 1783.50   29.70   20.70    0.00    1.73    4.13
 1783.75   26.50   22.30    4.10    3.05    4.13
 1784.00   27.00   21.80    0.70    0.54    4.13
 1784.25   24.50   22.60    0.00    2.58    4.13
 1784.50   29.20   20.70    2.20    4.59    4.13
 1784.75   37.00   16.20    0.10    1.71    4.13
 1785.00   27.30   20.30    0.70    0.44    4.13
 1785.25   24.50   22.50    0.00    1.27    4.13
 1785.50   29.30   21.70    0.00    1.40    4.13
 1785.75   34.60   16.40    3.70    1.31    4.13
 1786.00   27.50   21.00    2.90    0.94    4.13
 1786.25   25.00   23.00    0.00    1.27    4.13
 1786.50   29.20   21.20    0.00    2.91    4.13
 1786.75   29.30   20.80    5.40    0.42    4.13
 1787.00   26.90   22.20    3.10    0.93    4.13
 1787.25   25.80   22.50    0.00    1.03    4.13
 1787.50   30.30   20.20    0.00    0.93    4.13
 1787.75   34.80   17.50    3.70    1.10    4.13
 1788.00   27.10   20.90    3.30    1.01    4.13
 1788.25   26.00   22.60    0.00    0.79    4.13
 1788.50   29.80   20.80    3.50    0.75    4.13
 1788.75   34.60   17.00    3.80    1.08    4.13
 1789.00   27.30   17.20    0.00    0.44    4.13
 1789.25   23.00   20.40    0.00    1.82    4.13
 1789.50   28.70   20.40    3.00    1.59    4.13
 1789.75   36.40   14.70    3.00    1.43    4.13
 1790.00   27.20   19.00    0.00    0.47    4.13
 1790.25   23.60   22.00    0.00    1.82    4.13
 1790.50   29.20   21.20    2.00    1.87    4.13
 1790.75   37.00   14.40    3.60    2.01    4.13
 1791.00   27.10   22.20    4.80    0.63    4.13
 1791.25   25.90   22.30    0.00    0.66    4.13
 1791.50   30.70   20.70    4.60    1.76    4.13
 1791.75   34.90   16.30    0.00    2.23    4.13
 1792.00   27.30   20.40    0.70    0.58    4.13
 1792.25   23.90   20.90    0.00    0.73    4.13
 1792.50   29.70   18.90    3.50    1.66    4.13
 1792.75   35.30   16.00    1.20    1.36    4.13
 1793.00   29.10   18.70    0.00    0.49    4.13
 1793.25   25.90   21.30    0.00    2.23    4.13
 1793.50   31.20   17.00    5.30    1.48    4.13
 1793.75   37.00   14.30    2.40    1.62    4.13
 1794.00   27.40   22.00    3.20    0.35    4.13
 1794.25   24.30   22.30    0.00    2.51    4.13
 1794.50   30.60   19.90    2.40    1.68    4.13
 1794.75   35.60   16.60    3.30    1.43    4.13
 1795.00   27.00   22.10    5.40    0.56    4.13
 1795.25   25.10   22.50    0.00    0.98    4.13
 1795.50   29.90   19.30    4.50    1.92    4.13
 1795.75   37.40   14.60    2.20    1.76    4.13
 1796.00   27.30   20.80    3.80    0.40    4.13
 1796.25   24.40   22.30    0.00    1.27    4.13
 1796.50   29.10   21.70    3.60    1.66    4.13
 1796.75   36.00   14.80    1.00    3.54    4.13
 1797.00   27.20   20.90    3.20    0.45    4.69
 1797.25   23.80   21.90    0.00    0.66    4.69
 1797.50   30.00   19.70    0.10    1.88    4.69
 1797.75   34.80   15.90    0.00    1.38    4.69
 1798.00   27.10   22.20    1.80    0.96    4.69
 1798.25   25.90   22.60    0.00    0.24    4.69
 1798.50   29.00   20.70    0.00    1.36    4.69
 1798.75   35.30   16.40    5.00    1.26    4.69
 1799.00   27.50   19.70    3.30    0.61    4.69
 1799.25   25.10   22.50    0.00    0.47    4.69
 1799.50   29.00   21.30    0.00    1.10    4.69
 1799.75   35.90   16.30    3.40    0.51    4.69
 1800.00   27.50   21.10    3.70    0.99    4.69
 1800.25   24.30   22.30    0.00    1.99    4.69
 1800.50   30.00   21.00    4.00    1.80    4.69
 1800.75   36.30   15.10    1.40    1.73    4.69
 1801.00   28.20   20.00    3.10    0.42    4.69
 1801.25   24.10   21.90    0.00    1.76    4.69
 1801.50   30.40   19.70    3.80    1.43    4.69
 1801.75   36.10   14.50    3.30    1.95    4.69
 1802.00   27.80   19.70    4.00    0.47    4.69
 1802.25   25.30   22.80    0.00    0.26    4.69
 1802.50   29.10   21.30    2.60    1.19    4.69
 1802.75   35.20   17.30    3.60    0.94    4.69
 1803.00   27.50   21.10    2.40    0.65    4.69
 1803.25   24.40   21.90    0.00    2.55    4.69
 1803.50   29.30   21.40    0.00    3.00    4.69
 1803.75   35.60   15.30    1.10    1.47    4.69
 1804.00   27.90   20.10    2.40    0.44    4.69
 1804.25   25.80   22.20    0.00    0.56    4.69
 1804.50   30.60   16.90    1.40    1.61    4.69
 1804.75   36.60   12.30    2.60    0.72    4.69
 1805.00   27.20   19.60    3.50    0.49    4.69
 1805.25   24.50   22.50    0.00    0.02    4.69
 1805.50   29.30   20.10    3.50    1.45    4.69
 1805.75   35.00   15.40    1.50    1.15    4.69
 1806.00   27.10   20.40    4.50    0.56    4.69
 1806.25   23.80   22.30    0.00    1.33    4.69
 1806.50   29.40   20.10    1.60    0.37    4.69
 1806.75   36.70   13.60    3.80    1.20    4.69
 1807.00   27.40   19.20    4.00    0.45    4.69
 1807.25   24.40   22.50    0.00    0.52    4.69
 1807.50   30.60   19.50    2.50    1.34    4.69
 1807.75   37.60   14.10    5.50    1.78    4.69
 1808.00   27.90   21.20    3.30    0.45    4.69
 1808.25   25.30   22.00    0.00    0.84    4.69
 1808.50   29.10   21.00    1.90    1.57    4.69
 1808.75   35.80   13.90    2.20    1.97    4.69
 1809.00   27.80   19.00    0.00    0.58    4.69
 1809.25   24.50   21.70    0.00    0.87    4.69
 1809.50   29.90   19.10    0.30    1.76    4.69
 1809.75   34.90   16.30    1.20    0.82    4.69
 1810.00   28.60   20.20    1.20    0.23    4.69
 1810.25   25.70   22.80    0.00    0.28    4.69
 1810.50   30.10   18.80    5.10    1.33    4.69
 1810.75   35.90   14.70    1.00    1.78    4.69
 1811.00   27.90   19.30    2.90    0.28    4.69
 1811.25   25.10   23.00    0.00    0.38    4.69
 1811.50   28.50   20.80    3.70    1.64    4.69
 1811.75   35.90   16.70    0.70    3.04    4.69
 1812.00   27.20   20.90    1.70    0.40    4.69
 1812.25   25.00   22.70    0.00    0.65    4.69
 1812.50   28.50   22.40    0.00    1.27    4.69
 1812.75   34.60   17.60    4.40    1.15    4.69
 1813.00   27.90   20.70    3.20    0.49    4.69
 1813.25   24.80   22.80    0.00    0.79    4.69
 1813.50   29.10   22.30    0.00    1.01    4.69
 1813.75   34.10   19.80    3.30    0.99    4.69
 1814.00   27.30   22.30    0.30    0.54    4.69
 1814.25   25.10   22.80    0.00    0.51    4.69
 1814.50   29.00   21.60    0.00    1.22    4.69
 1814.75   32.20   18.60    5.80    1.08    4.69
 1815.00   26.70   20.80    0.00    1.01    4.69
 1815.25   24.20   21.30    0.00    0.65    4.69
 1815.50   28.30   19.90    1.00    1.57    4.69
 1815.75   35.10   15.20    2.90    1.27    4.69
 1816.00   27.60   17.80    4.10    0.61    4.69
 1816.25   24.10   21.30    0.00    0.94    4.69
 1816.50   29.70   20.80    0.50    0.86    4.69
 1816.75   35.50   16.00    4.40    1.75    4.69
 1817.00   27.20   19.00    2.60    0.47    4.69
 1817.25   24.00   21.40    0.00    0.49    4.69
 1817.50   28.90   21.20    3.20    1.83    4.69
 1817.75   36.80   16.20    3.00    1.73    4.69
 1818.00   27.20   22.00    4.30    0.58    4.69
 1818.25   25.10   22.20    0.00    0.23    4.69
 1818.50   29.00   19.60    3.00    1.94    4.69
 1818.75   35.90   15.60    0.00    2.15    4.69
 1819.00   27.50   20.80    2.60    0.45    4.69
 1819.25   24.70   22.20    0.00    1.03    4.69
 1819.50   29.30   20.70    1.70    1.66    4.69
 1819.75   33.30   17.60    2.90    0.82    4.69
 1820.00   27.20   20.70    1.60    0.51    4.69
 1820.25   24.10   21.40    0.00    1.17    4.69
 1820.50   30.30   19.30    3.90    1.50    4.69
 1820.75   34.90   13.70    0.10    1.22    4.69
 1821.00   27.40   20.80    3.50    0.58    4.69
 1821.25   25.50   22.50    0.00    0.51    4.69
 1821.50   28.80   20.10    2.70    1.29    4.69
 1821.75   30.80   19.60    1.30    3.47    4.69
 1822.00   27.10   19.40    0.50    0.58    4.69
 1822.25   23.70   20.20    0.00    2.09    4.69
 1822.50   27.80   18.80    2.90    1.87    4.69
 1822.75   36.10   14.00    4.00    1.29    4.69
 1823.00   27.40   19.10    0.00    0.65    4.69
 1823.25   23.70   20.40    0.00    0.89    4.69
 1823.50   28.60   20.00    4.40    1.69    4.69
 1823.75   36.20   15.40    2.60    1.97    4.69
 1824.00   27.60   20.20    4.10    0.44    4.69
 1824.25   23.30   20.70    0.00    2.55    4.69
 1824.50   29.80   18.50    3.90    1.73    4.69
 1824.75   36.30   14.60    3.00    2.09    4.69
 1825.00   28.10   17.90    3.50    0.49    4.69
 1825.25   24.40   21.70    0.00    1.55    4.69
 1825.50   30.00   18.30    2.60    1.22    4.69
 1825.75   35.60   13.70    0.30    1.36    4.69
 1826.00   27.80   19.00    3.30    0.35    4.69
 1826.25   24.70   22.00    0.00    0.47    4.69
 1826.50   29.70   20.60    0.00    1.45    4.69
 1826.75   28.50   22.50    0.00    2.22    4.69
 1827.00   27.80   20.90    2.80    0.40    4.69
 1827.25   23.90   21.40    0.00    0.49    4.69
 1827.50   28.70   21.80    0.00    1.64    4.69
 1827.75   36.20   16.40    1.10    1.90    4.69
 1828.00   27.70   20.40    3.40    0.45    6.85
 1828.25   25.10   22.70    0.00    0.51    6.85
 1828.50   29.70   20.80    3.20    1.80    6.85
 1828.75   36.80   15.80    1.10    1.97    6.85
 1829.00   27.90   19.60    3.20    0.44    6.85
 1829.25   25.30   22.50    0.00    0.35    6.85
 1829.50   29.20   21.00    0.10    1.68    6.85
 1829.75   35.70   15.20    4.00    1.41    6.85
 1830.00   27.60   19.80    4.50    0.59    6.85
 1830.25   24.90   22.40    0.00    0.31    6.85
 1830.50   28.30   21.30    2.00    1.20    6.85
 1830.75   35.50   15.30    2.40    1.22    6.85
 1831.00   27.50   20.90    5.10    0.58    6.85
 1831.25   25.40   22.80    0.00    0.49    6.85
 1831.50   28.60   22.00    0.00    1.88    6.85
 1831.75   32.30   20.30    0.00    6.06    6.85
 1832.00   26.90   20.20    1.10    0.45    6.85
 1832.25   24.30   22.10    0.00    6.13    6.85
 1832.50   28.80   21.50    3.30    1.29    6.85
 1832.75   34.40   16.10    0.00    1.10    6.85
 1833.00   27.80   19.40    4.20    0.42    6.85
 1833.25   24.10   22.40    0.00    0.93    6.85
 1833.50   27.90   22.10    0.00    1.12    6.85
 1833.75   30.70   19.60    0.00    2.01    6.85
 1834.00   28.50   19.90    2.90    0.54    6.85
 1834.25   26.20   22.10    0.00    0.38    6.85
 1834.50   30.10   22.20    2.00    2.06    6.85
 1834.75   31.50   20.00    5.40    0.73    6.85
 1835.00   28.00   19.80    3.30    0.45    6.85
 1835.25   24.80   22.70    0.00    0.02    6.85
 1835.50   29.20   21.80    3.40    1.54    6.85
 1835.75   36.70   15.90    2.00    1.78    6.85
 1836.00   27.70   20.30    4.60    0.82    6.85
 1836.25   23.90   22.50    0.00    2.48    6.85
 1836.50   27.90   22.20    0.00    1.10    6.85
 1836.75   34.40   16.70    3.10    1.06    6.85
 1837.00   27.70   19.40    4.60    0.68    6.85
 1837.25   25.00   22.70    0.00    0.30    6.85
 1837.50   28.70   22.50    0.00    1.87    6.85
 1837.75   34.20   17.20    4.00    0.87    6.85
 1838.00   27.20   19.30    3.80    0.45    6.85
 1838.25   24.70   22.70    0.00    0.72    6.85
 1838.50   28.40   21.00    0.00    1.34    6.85
 1838.75   34.80   15.90    1.90    1.27    6.85
 1839.00   27.10   19.00    3.70    0.47    6.85
 1839.25   25.00   22.50    0.00    0.16    6.85
 1839.50   28.70   22.10    0.40    1.59    6.85
 1839.75   33.10   18.90    4.80    0.52    6.85
 1840.00   27.00   19.80    1.90    1.01    6.85
 1840.25   25.30   22.50    0.00    0.65    6.85
 1840.50   27.50   22.40    0.00    1.59    6.85
 1840.75   32.20   20.30    0.00    6.02    6.85
 1841.00   26.90   22.10    3.40    0.99    6.85
 1841.25   25.30   22.40    0.00    1.05    6.85
 1841.50   29.00   21.50    0.00    1.06    6.85
 1841.75   29.90   20.00    7.60    0.96    6.85
 1842.00   25.90   22.30    1.90    0.94    6.85
 1842.25   24.20   22.30    0.00    1.03    6.85
 1842.50   27.50   21.80    0.00    1.19    6.85
 1842.75   37.10   13.50    0.10    0.37    6.85
 1843.00   27.00   22.60    4.50    0.99    6.85
 1843.25   24.70   22.30    0.00    0.28    6.85
 1843.50   28.60   21.00    3.20    1.36    6.85
 1843.75   37.30   14.60    1.80    0.94    6.85
 1844.00   27.30   23.00    4.40    0.79    6.85
 1844.25   25.20   23.10    0.00    1.19    6.85
 1844.50   28.60   21.60    3.20    1.20    6.85
 1844.75   34.70   15.60    0.00    1.97    6.85
 1845.00   27.20   20.90    3.90    0.33    6.85
 1845.25   25.60   22.70    0.00    0.91    6.85
 1845.50   29.10   21.20    3.60    1.34    6.85
 1845.75   31.50   20.00    0.40    0.99    6.85
 1846.00   26.20   22.40    2.00    0.14    6.85
 1846.25   25.30   22.70    0.00    0.99    6.85
 1846.50   27.70   21.80    0.00    0.17    6.85
 1846.75   26.20   22.40    3.60    0.38    6.85
 1847.00   23.30   21.90    0.00    0.98    6.85
 1847.25   23.00   21.50    0.00    4.78    6.85
 1847.50   25.80   22.50    0.00    3.00    6.85
 1847.75   24.80   21.00    0.50    0.94    6.85
 1848.00   23.90   21.40    0.00    2.74    6.85
 1848.25   23.30   20.80    0.00    1.80    6.85
 1848.50   26.80   22.60    0.00    5.57    6.85
 1848.75   31.70   19.60    0.40    3.16    6.85
 1849.00   27.00   20.90    0.10    0.21    6.85
 1849.25   24.00   21.70    0.00    1.54    6.85
 1849.50   28.40   20.40    3.80    1.40    6.85
 1849.75   33.30   15.80    0.00    1.31    6.85
 1850.00   27.90   17.60    0.00    0.73    6.85
 1850.25   24.30   20.80    0.00    1.26    6.85
 1850.50   28.80   21.00    0.50    1.13    6.85
 1850.75   34.20   16.90    0.60    1.41    6.85
 1851.00   27.80   20.30    0.70    0.93    6.85
 1851.25   25.40   22.40    0.00    0.98    6.85
 1851.50   28.60   22.20    0.00    0.86    6.85
 1851.75   34.50   16.90    2.90    2.25    6.85
 1852.00   27.60   20.40    4.20    0.44    6.85
 1852.25   25.20   22.20    0.00    5.90    6.85
 1852.50   27.70   22.30    0.00    1.71    6.85
 1852.75   27.00   23.10    0.00    6.28    6.85
 1853.00   26.20   21.70    2.40    0.30    6.85
 1853.25   24.50   21.90    0.00    5.72    6.85
 1853.50   28.30   22.30    0.00    0.51    6.85
 1853.75   27.90   22.10    0.90    4.24    6.85
 1854.00   26.50   20.60    2.30    0.87    6.85
 1854.25   23.60   21.20    0.00    1.03    6.85
 1854.50   28.50   21.60    1.70    1.41    6.85
 1854.75   33.70   15.70    0.00    1.62    6.85
 1855.00   27.30   19.90    2.30    0.40    6.85
 1855.25   24.50   21.50    0.00    1.12    6.85
 1855.50   27.70   21.60    0.00    1.85    6.85
 1855.75   34.10   18.90    1.90    0.45    6.85
 1856.00   27.10   20.20    0.10    0.51    6.85
 1856.25   25.10   22.00    0.00    0.77    6.85
 1856.50   27.70   21.60    2.60    1.40    6.85
 1856.75   31.30   17.60    2.20    1.17    6.85
 1857.00   27.40   21.30    1.10    1.03    6.85
 1857.25   24.40   21.40    0.00    0.99    6.85
 1857.50   27.50   21.10    2.70    1.40    6.85
 1857.75   34.10   17.90    4.50    0.70    6.85
 1858.00   27.80   18.80    0.20    1.01    6.85
 1858.25   24.20   20.10    0.00    1.55    6.85
 1858.50   27.90   20.50    0.00    0.82    6.85
 1858.75   35.40   15.30    3.10    1.52    6.85
 1859.00   28.50   20.60    3.50    0.49    7.73
 1859.25   24.70   22.10    0.00    1.05    7.73
 1859.50   29.20   19.50    5.10    1.48    7.73
 1859.75   33.40   16.20    2.20    1.22    7.73
 1860.00   26.80   19.00    0.20    0.44    7.73
 1860.25   22.70   21.30    0.00    0.96    7.73
 1860.50   29.10   20.70    4.60    1.69    7.73
 1860.75   35.50   14.20    3.60    1.43    7.73
 1861.00   27.20   19.00    0.00    0.96    7.73
 1861.25   22.30   20.50    0.00    1.26    7.73
 1861.50   29.00   20.50    3.10    1.76    7.73
 1861.75   36.10   15.60    1.70    1.26    7.73
 1862.00   27.80   19.10    4.20    0.56    7.73
 1862.25   23.60   21.60    0.00    0.49    7.73
 1862.50   28.30   21.20    0.10    1.20    7.73
 1862.75   35.20   16.40    3.00    0.66    7.73
 1863.00   27.40   20.10    0.70    0.54    7.73
 1863.25   23.00   21.50    0.00    1.03    7.73
 1863.50   29.10   19.40    4.10    1.69    7.73
 1863.75   36.70   14.80    5.20    0.79    7.73
 1864.00   26.80   20.60    3.90    0.45    7.73
 1864.25   23.40   22.20    0.00    0.56    7.73
 1864.50   28.80   21.30    0.70    0.86    7.73
 1864.75   36.40   16.50    4.50    0.82    7.73
 1865.00   28.10   19.10    2.00    0.38    7.73
 1865.25   23.90   21.80    0.00    1.05    7.73
 1865.50   29.50   22.10    0.90    1.40    7.73
 1865.75   37.10   13.80    1.80    0.47    7.73
 1866.00   28.30   20.90    4.40    0.49    7.73
 1866.25   25.20   23.30    0.00    0.75    7.73
 1866.50   28.60   23.00    0.00    3.58    7.73
 1866.75   35.60   17.30    1.60    0.37    7.73
 1867.00   27.60   22.80    1.50    0.94    7.73
 1867.25   26.20   23.40    0.00    0.77    7.73
 1867.50   28.60   22.40    1.60    1.01    7.73
 1867.75   31.80   20.40    1.00    3.26    7.73
 1868.00   24.00   21.20    0.00    1.31    7.73
 1868.25   23.90   21.40    0.00    1.83    7.73
 1868.50   27.70   21.40    1.30    1.76    7.73
 1868.75   31.40   19.60    5.50    0.59    7.73
 1869.00   28.00   21.10    0.00    0.51    7.73
 1869.25   26.00   22.70    0.00    0.89    7.73
 1869.50   29.20   22.40    1.10    1.19    7.73
 1869.75   27.00   21.10    4.20    0.12    7.73
 1870.00   25.20   21.70    0.00    5.74    7.73
 1870.25   25.00   21.70    0.00    0.98    7.73
 1870.50   28.40   21.60    0.00    0.99    7.73
 1870.75   31.10   24.00    0.00    1.08    7.73
 1871.00   26.90   21.90    0.00    1.01    7.73
 1871.25   24.40   22.00    0.00    5.06    7.73
 1871.50   29.80   21.40    0.80    1.33    7.73
 1871.75   34.20   17.90    2.80    0.99    7.73
 1872.00   27.20   21.70    1.10    0.54    7.73
 1872.25   25.60   22.60    0.00    0.44    7.73
 1872.50   29.10   22.60    0.00    0.73    7.73
 1872.75   35.70   17.40    1.40    0.19    7.73
 1873.00   27.80   20.20    3.80    0.63    7.73
 1873.25   25.60   22.60    0.00    0.38    7.73
 1873.50   29.40   21.40    0.00    1.95    7.73
 1873.75   35.20   17.70    2.10    6.00    7.73
 1874.00   27.60   22.40    3.30    0.03    7.73
 1874.25   24.20   22.10    0.00    2.23    7.73
 1874.50   23.50   21.90    0.00    4.63    7.73
 1874.75   24.80   21.30    3.50    0.72    7.73
 1875.00   23.50   21.90    0.00    0.86    7.73
 1875.25   23.60   22.30    0.00    2.23    7.73
 1875.50   24.90   23.50    0.00    4.26    7.73
 1875.75   29.70   22.70    0.00    4.17    7.73
 1876.00   23.90   22.20    0.00    1.05    7.73
 1876.25   23.80   22.50    0.00    1.05    7.73
 1876.50   26.70   23.50    0.00    0.61    7.73
 1876.75   29.20   23.50    2.90    0.14    7.73
 1877.00   26.50   23.20    0.00    0.93    7.73
 1877.25   24.70   23.20    0.00    1.50    7.73
 1877.50   27.40   23.10    0.00    1.29    7.73
 1877.75   30.90   18.20    0.00    0.19    7.73
 1878.00   26.80   21.80    2.80    0.93    7.73
 1878.25   25.10   22.10    0.00    1.03    7.73
 1878.50   28.10   22.50    0.00    1.43    7.73
 1878.75   24.30   23.00    4.90    0.61    7.73
 1879.00   24.00   24.35    0.00    3.33    7.73
 1879.25   23.60   24.35    0.00    4.12    7.73
 1879.50   27.90   24.35    0.00    1.38    7.73
 1879.75   32.20   25.70    0.00    1.54    7.73
 1880.00   26.70   24.00    0.50    0.84    7.73
 1880.25   24.10   23.90    0.00    1.43    7.73
 1880.50   28.70   25.20    0.00    1.87    7.73
 1880.75   33.80   20.90    0.40    1.47    7.73
 1881.00   27.10   21.80    0.00    6.18    7.73
 1881.25   25.40   23.40    0.00    1.82    7.73
 1881.50   27.80   23.50    0.00    1.17    7.73
 1881.75   25.70   23.50    0.00    0.12    7.73
 1882.00   26.00   23.10    0.30    0.37    7.73
 1882.25   24.00   23.10    0.00    2.43    7.73
 1882.50   27.20   24.00    0.00    2.62    7.73
 1882.75   28.90   24.30    0.40    6.04    7.73
 1883.00   26.20   23.40    0.20    0.02    7.73
 1883.25   24.50   23.60    0.00    0.28    7.73
 1883.50   26.58   22.27    0.98    1.90    7.73
 1883.75   26.58   22.27    0.98    1.90    7.73
 1884.00   26.58   22.27    0.98    1.90    7.73
 1884.25   26.58   22.27    0.98    1.90    7.73
 1884.50   26.58   22.27    0.98    1.90    7.73
 1884.75   26.58   22.27    0.98    1.90    7.73
 1885.00   26.58   22.27    0.98    1.90    7.73
 1885.25   26.58   22.27    0.98    1.90    7.73
 1885.50   26.58   22.27    0.98    1.90    7.73
 1885.75   26.58   22.27    0.98    1.90    7.73
 1886.00   26.58   22.27    0.98    1.90    7.73
 1886.25   26.58   22.27    0.98    1.90    7.73
 1886.50   26.58   22.27    0.98    1.90    7.73
 1886.75   26.58   22.27    0.98    1.90    7.73
 1887.00   26.27   23.10    0.76    2.13    7.69
 1887.25   26.27   23.10    0.76    2.13    7.69
 1887.50   26.27   23.10    0.76    2.13    7.69
 1887.75   26.27   23.10    0.76    2.13    7.69
 1888.00   26.27   23.10    0.76    2.13    7.69
 1888.25   26.27   23.10    0.76    2.13    7.69
 1888.50   26.27   23.10    0.76    2.13    7.69
 1888.75   26.27   23.10    0.76    2.13    7.69
 1889.00   26.27   23.10    0.76    2.13    7.69
 1889.25   26.27   23.10    0.76    2.13    7.69
 1889.50   26.27   23.10    0.76    2.13    7.69
 1889.75   26.27   23.10    0.76    2.13    7.69
 1890.00   26.27   23.10    0.76    2.13    7.69
 1890.25   26.27   23.10    0.76    2.13    7.69
 1890.50   26.27   23.10    0.76    2.13    7.69
 1890.75   26.27   23.10    0.76    2.13    7.69
 1891.00   26.27   23.10    0.76    2.13    7.69
 1891.25   26.27   23.10    0.76    2.13    7.69
 1891.50   26.27   23.10    0.76    2.13    7.69
 1891.75   26.27   23.10    0.76    2.13    7.69
 1892.00   26.27   23.10    0.76    2.13    7.69
 1892.25   26.27   23.10    0.76    2.13    7.69
 1892.50   26.27   23.10    0.76    2.13    7.69
 1892.75   26.27   23.10    0.76    2.13    7.69
 1893.00   26.27   23.10    0.76    2.13    7.69
 1893.25   26.27   23.10    0.76    2.13    7.69
 1893.50   26.27   23.10    0.76    2.13    7.69
 1893.75   26.27   23.10    0.76    2.13    7.69
 1894.00   26.27   23.10    0.76    2.13    7.69
 1894.25   26.27   23.10    0.76    2.13    7.69
 1894.50   26.27   23.10    0.76    2.13    7.69
 1894.75   26.27   23.10    0.76    2.13    7.69
 1895.00   26.27   23.10    0.76    2.13    7.69
 1895.25   26.27   23.10    0.76    2.13    7.69
 1895.50   26.27   23.10    0.76    2.13    7.69
 1895.75   26.27   23.10    0.76    2.13    7.69
 1896.00   26.27   23.10    0.76    2.13    7.69
 1896.25   26.27   23.10    0.76    2.13    7.69
 1896.50   26.27   23.10    0.76    2.13    7.69
 1896.75   26.27   23.10    0.76    2.13    7.69
 1897.00   26.27   23.10    0.76    2.13    7.69
 1897.25   26.27   23.10    0.76    2.13    7.69
 1897.50   26.27   23.10    0.76    2.13    7.69
 1897.75   26.27   23.10    0.76    2.13    7.69
 1898.00   26.27   23.10    0.76    2.13    7.69
 1898.25   26.27   23.10    0.76    2.13    7.69
 1898.50   26.27   23.10    0.76    2.13    7.69
 1898.75   26.27   23.10    0.76    2.13    7.69
 1899.00   26.27   23.10    0.76    2.13    7.69
 1899.25   26.27   23.10    0.76    2.13    7.69
 1899.50   26.27   23.10    0.76    2.13    7.69
 1899.75   26.27   23.10    0.76    2.13    7.69
 1900.00   26.27   23.10    0.76    2.13    7.69
 1900.25   26.27   23.10    0.76    2.13    7.69
 1900.50   26.27   23.10    0.76    2.13    7.69
 1900.75   26.27   23.10    0.76    2.13    7.69
 1901.00   26.27   23.10    0.76    2.13    7.69
 1901.25   26.27   23.10    0.76    2.13    7.69
 1901.50   26.27   23.10    0.76    2.13    7.69
 1901.75   26.27   23.10    0.76    2.13    7.69
 1902.00   26.27   23.10    0.76    2.13    7.69
 1902.25   26.27   23.10    0.76    2.13    7.69
 1902.50   26.27   23.10    0.76    2.13    7.69
 1902.75   26.27   23.10    0.76    2.13    7.69
 1903.00   26.27   23.10    0.76    2.13    7.69
 1903.25   26.27   23.10    0.76    2.13    7.69
 1903.50   26.27   23.10    0.76    2.13    7.69
 1903.75   26.27   23.10    0.76    2.13    7.69
 1904.00   26.27   23.10    0.76    2.13    7.69
 1904.25   26.27   23.10    0.76    2.13    7.69
 1904.50   26.27   23.10    0.76    2.13    7.69
 1904.75   26.27   23.10    0.76    2.13    7.69
 1905.00   26.27   23.10    0.76    2.13    7.69
 1905.25   26.27   23.10    0.76    2.13    7.69
 1905.50   26.27   23.10    0.76    2.13    7.69
 1905.75   26.27   23.10    0.76    2.13    7.69
 1906.00   26.27   23.10    0.76    2.13    7.69
 1906.25   26.27   23.10    0.76    2.13    7.69
 1906.50   26.27   23.10    0.76    2.13    7.69
 1906.75   26.27   23.10    0.76    2.13    7.69
 1907.00   26.27   23.10    0.76    2.13    7.69
 1907.25   26.27   23.10    0.76    2.13    7.69
 1907.50   26.27   23.10    0.76    2.13    7.69
 1907.75   26.27   23.10    0.76    2.13    7.69
 1908.00   26.27   23.10    0.76    2.13    7.69
 1908.25   26.27   23.10    0.76    2.13    7.69
 1908.50   26.27   23.10    0.76    2.13    7.69
 1908.75   26.27   23.10    0.76    2.13    7.69
 1909.00   26.27   23.10    0.76    2.13    7.69
 1909.25   26.27   23.10    0.76    2.13    7.69
 1909.50   26.27   23.10    0.76    2.13    7.69
 1909.75   26.27   23.10    0.76    2.13    7.69
 1910.00   26.27   23.10    0.76    2.13    7.69
 1910.25   26.27   23.10    0.76    2.13    7.69
 1910.50   26.27   23.10    0.76    2.13    7.69
 1910.75   26.27   23.10    0.76    2.13    7.69
 1911.00   26.27   23.10    0.76    2.13    7.69
 1911.25   26.27   23.10    0.76    2.13    7.69
 1911.50   26.27   23.10    0.76    2.13    7.69
 1911.75   26.27   23.10    0.76    2.13    7.69
 1912.00   26.27   23.10    0.76    2.13    7.69
 1912.25   26.27   23.10    0.76    2.13    7.69
 1912.50   26.27   23.10    0.76    2.13    7.69
 1912.75   26.27   23.10    0.76    2.13    7.69
 1913.00   26.27   23.10    0.76    2.13    7.69
 1913.25   26.27   23.10    0.76    2.13    7.69
 1913.50   26.27   23.10    0.76    2.13    7.69
 1913.75   26.27   23.10    0.76    2.13    7.69
 1914.00   26.27   23.10    0.76    2.13    7.69
 1914.25   26.27   23.10    0.76    2.13    7.69
 1914.50   26.27   23.10    0.76    2.13    7.69
 1914.75   26.27   23.10    0.76    2.13    7.69
 1915.00   26.27   23.10    0.76    2.13    7.69
 1915.25   26.27   23.10    0.76    2.13    7.69
 1915.50   26.27   23.10    0.76    2.13    7.69
 1915.75   26.27   23.10    0.76    2.13    7.69
 1916.00   26.27   23.10    0.76    2.13    7.69
 1916.25   26.27   23.10    0.76    2.13    7.69
 1916.50   26.27   23.10    0.76    2.13    7.69
 1916.75   26.27   23.10    0.76    2.13    7.69
 1917.00   26.27   23.10    0.76    2.13    7.69
 1917.25   26.27   23.10    0.76    2.13    7.69
 1917.50   26.27   23.10    0.76    2.13    7.69
 1917.75   26.27   23.10    0.76    2.13    7.69
 1918.00   26.27   22.13    0.51    2.29    7.19
 1918.25   26.27   22.13    0.51    2.29    7.19
 1918.50   26.27   22.13    0.51    2.29    7.19
 1918.75   26.27   22.13    0.51    2.29    7.19
 1919.00   26.27   22.13    0.51    2.29    7.19
 1919.25   26.27   22.13    0.51    2.29    7.19
 1919.50   26.27   22.13    0.51    2.29    7.19
 1919.75   26.27   22.13    0.51    2.29    7.19
 1920.00   26.27   22.13    0.51    2.29    7.19
 1920.25   26.27   22.13    0.51    2.29    7.19
 1920.50   26.27   22.13    0.51    2.29    7.19
 1920.75   26.27   22.13    0.51    2.29    7.19
 1921.00   26.27   22.13    0.51    2.29    7.19
 1921.25   26.27   22.13    0.51    2.29    7.19
 1921.50   26.27   22.13    0.51    2.29    7.19
 1921.75   26.27   22.13    0.51    2.29    7.19
 1922.00   26.27   22.13    0.51    2.29    7.19
 1922.25   26.27   22.13    0.51    2.29    7.19
 1922.50   26.27   22.13    0.51    2.29    7.19
 1922.75   26.27   22.13    0.51    2.29    7.19
 1923.00   26.27   22.13    0.51    2.29    7.19
 1923.25   26.27   22.13    0.51    2.29    7.19
 1923.50   26.27   22.13    0.51    2.29    7.19
 1923.75   26.27   22.13    0.51    2.29    7.19
 1924.00   26.27   22.13    0.51    2.29    7.19
 1924.25   26.27   22.13    0.51    2.29    7.19
 1924.50   26.27   22.13    0.51    2.29    7.19
 1924.75   26.27   22.13    0.51    2.29    7.19
 1925.00   26.27   22.13    0.51    2.29    7.19
 1925.25   26.27   22.13    0.51    2.29    7.19
 1925.50   26.27   22.13    0.51    2.29    7.19
 1925.75   26.27   22.13    0.51    2.29    7.19
 1926.00   26.27   22.13    0.51    2.29    7.19
 1926.25   26.27   22.13    0.51    2.29    7.19
 1926.50   26.27   22.13    0.51    2.29    7.19
 1926.75   26.27   22.13    0.51    2.29    7.19
 1927.00   26.27   22.13    0.51    2.29    7.19
 1927.25   26.27   22.13    0.51    2.29    7.19
 1927.50   26.27   22.13    0.51    2.29    7.19
 1927.75   26.27   22.13    0.51    2.29    7.19
 1928.00   26.27   22.13    0.51    2.29    7.19
 1928.25   26.27   22.13    0.51    2.29    7.19
 1928.50   26.27   22.13    0.51    2.29    7.19
 1928.75   26.27   22.13    0.51    2.29    7.19
 1929.00   26.27   22.13    0.51    2.29    7.19
 1929.25   26.27   22.13    0.51    2.29    7.19
 1929.50   26.27   22.13    0.51    2.29    7.19
 1929.75   26.27   22.13    0.51    2.29    7.19
 1930.00   26.27   22.13    0.51    2.29    7.19
 1930.25   26.27   22.13    0.51    2.29    7.19
 1930.50   26.27   22.13    0.51    2.29    7.19
 1930.75   26.27   22.13    0.51    2.29    7.19
 1931.00   26.27   22.13    0.51    2.29    7.19
 1931.25   26.27   22.13    0.51    2.29    7.19
 1931.50   26.27   22.13    0.51    2.29    7.19
 1931.75   26.27   22.13    0.51    2.29    7.19
 1932.00   26.27   22.13    0.51    2.29    7.19
 1932.25   26.27   22.13    0.51    2.29    7.19
 1932.50   26.27   22.13    0.51    2.29    7.19
 1932.75   26.27   22.13    0.51    2.29    7.19
 1933.00   26.27   22.13    0.51    2.29    7.19
 1933.25   26.27   22.13    0.51    2.29    7.19
 1933.50   26.27   22.13    0.51    2.29    7.19
 1933.75   26.27   22.13    0.51    2.29    7.19
 1934.00   26.27   22.13    0.51    2.29    7.19
 1934.25   26.27   22.13    0.51    2.29    7.19
 1934.50   26.27   22.13    0.51    2.29    7.19
 1934.75   26.27   22.13    0.51    2.29    7.19
 1935.00   26.27   22.13    0.51    2.29    7.19
 1935.25   26.27   22.13    0.51    2.29    7.19
 1935.50   26.27   22.13    0.51    2.29    7.19
 1935.75   26.27   22.13    0.51    2.29    7.19
 1936.00   26.27   22.13    0.51    2.29    7.19
 1936.25   26.27   22.13    0.51    2.29    7.19
 1936.50   26.27   22.13    0.51    2.29    7.19
 1936.75   26.27   22.13    0.51    2.29    7.19
 1937.00   26.27   22.13    0.51    2.29    7.19
 1937.25   26.27   22.13    0.51    2.29    7.19
 1937.50   26.27   22.13    0.51    2.29    7.19
 1937.75   26.27   22.13    0.51    2.29    7.19
 1938.00   26.27   22.13    0.51    2.29    7.19
 1938.25   26.27   22.13    0.51    2.29    7.19
 1938.50   26.27   22.13    0.51    2.29    7.19
 1938.75   26.27   22.13    0.51    2.29    7.19
 1939.00   26.27   22.13    0.51    2.29    7.19
 1939.25   26.27   22.13    0.51    2.29    7.19
 1939.50   26.27   22.13    0.51    2.29    7.19
 1939.75   26.27   22.13    0.51    2.29    7.19
 1940.00   26.27   22.13    0.51    2.29    7.19
 1940.25   26.27   22.13    0.51    2.29    7.19
 1940.50   26.27   22.13    0.51    2.29    7.19
 1940.75   26.27   22.13    0.51    2.29    7.19
 1941.00   26.27   22.13    0.51    2.29    7.19
 1941.25   26.27   22.13    0.51    2.29    7.19
 1941.50   26.27   22.13    0.51    2.29    7.19
 1941.75   26.27   22.13    0.51    2.29    7.19
 1942.00   26.27   22.13    0.51    2.29    7.19
 1942.25   26.27   22.13    0.51    2.29    7.19
 1942.50   26.27   22.13    0.51    2.29    7.19
 1942.75   26.27   22.13    0.51    2.29    7.19
 1943.00   26.27   22.13    0.51    2.29    7.19
 1943.25   26.27   22.13    0.51    2.29    7.19
 1943.50   26.27   22.13    0.51    2.29    7.19
 1943.75   26.27   22.13    0.51    2.29    7.19
 1944.00   26.27   22.13    0.51    2.29    7.19
 1944.25   26.27   22.13    0.51    2.29    7.19
 1944.50   26.27   22.13    0.51    2.29    7.19
 1944.75   26.27   22.13    0.51    2.29    7.19
 1945.00   26.27   22.13    0.51    2.29    7.19
 1945.25   26.27   22.13    0.51    2.29    7.19
 1945.50   26.27   22.13    0.51    2.29    7.19
 1945.75   26.27   22.13    0.51    2.29    7.19
 1946.00   26.27   22.13    0.51    2.29    7.19
 1946.25   26.27   22.13    0.51    2.29    7.19
 1946.50   26.27   22.13    0.51    2.29    7.19
 1946.75   26.27   22.13    0.51    2.29    7.19
 1947.00   26.27   22.13    0.51    2.29    7.19
 1947.25   26.27   22.13    0.51    2.29    7.19
 1947.50   26.27   22.13    0.51    2.29    7.19
 1947.75   26.27   22.13    0.51    2.29    7.19
 1948.00   26.63   22.24    0.55    2.05    5.85
 1948.25   26.63   22.24    0.55    2.05    5.85
 1948.50   26.63   22.24    0.55    2.05    5.85
 1948.75   26.63   22.24    0.55    2.05    5.85
 1949.00   26.63   22.24    0.55    2.05    5.85
 1949.25   26.63   22.24    0.55    2.05    5.85
 1949.50   26.63   22.24    0.55    2.05    5.85
 1949.75   26.63   22.24    0.55    2.05    5.85
 1950.00   26.63   22.24    0.55    2.05    5.85
 1950.25   26.63   22.24    0.55    2.05    5.85
 1950.50   26.63   22.24    0.55    2.05    5.85
 1950.75   26.63   22.24    0.55    2.05    5.85
 1951.00   26.63   22.24    0.55    2.05    5.85
 1951.25   26.63   22.24    0.55    2.05    5.85
 1951.50   26.63   22.24    0.55    2.05    5.85
 1951.75   26.63   22.24    0.55    2.05    5.85
 1952.00   26.63   22.24    0.55    2.05    5.85
 1952.25   26.63   22.24    0.55    2.05    5.85
 1952.50   26.63   22.24    0.55    2.05    5.85
 1952.75   26.63   22.24    0.55    2.05    5.85
 1953.00   26.63   22.24    0.55    2.05    5.85
 1953.25   26.63   22.24    0.55    2.05    5.85
 1953.50   26.63   22.24    0.55    2.05    5.85
 1953.75   26.63   22.24    0.55    2.05    5.85
 1954.00   26.63   22.24    0.55    2.05    5.85
 1954.25   26.63   22.24    0.55    2.05    5.85
 1954.50   26.63   22.24    0.55    2.05    5.85
 1954.75   26.63   22.24    0.55    2.05    5.85
 1955.00   26.63   22.24    0.55    2.05    5.85
 1955.25   26.63   22.24    0.55    2.05    5.85
 1955.50   26.63   22.24    0.55    2.05    5.85
 1955.75   26.63   22.24    0.55    2.05    5.85
 1956.00   26.63   22.24    0.55    2.05    5.85
 1956.25   26.63   22.24    0.55    2.05    5.85
 1956.50   26.63   22.24    0.55    2.05    5.85
 1956.75   26.63   22.24    0.55    2.05    5.85
 1957.00   26.63   22.24    0.55    2.05    5.85
 1957.25   26.63   22.24    0.55    2.05    5.85
 1957.50   26.63   22.24    0.55    2.05    5.85
 1957.75   26.63   22.24    0.55    2.05    5.85
 1958.00   26.63   22.24    0.55    2.05    5.85
 1958.25   26.63   22.24    0.55    2.05    5.85
 1958.50   26.63   22.24    0.55    2.05    5.85
 1958.75   26.63   22.24    0.55    2.05    5.85
 1959.00   26.63   22.24    0.55    2.05    5.85
 1959.25   26.63   22.24    0.55    2.05    5.85
 1959.50   26.63   22.24    0.55    2.05    5.85
 1959.75   26.63   22.24    0.55    2.05    5.85
 1960.00   26.63   22.24    0.55    2.05    5.85
 1960.25   26.63   22.24    0.55    2.05    5.85
 1960.50   26.63   22.24    0.55    2.05    5.85
 1960.75   26.63   22.24    0.55    2.05    5.85
 1961.00   26.63   22.24    0.55    2.05    5.85
 1961.25   26.63   22.24    0.55    2.05    5.85
 1961.50   26.63   22.24    0.55    2.05    5.85
 1961.75   26.63   22.24    0.55    2.05    5.85
 1962.00   26.63   22.24    0.55    2.05    5.85
 1962.25   26.63   22.24    0.55    2.05    5.85
 1962.50   26.63   22.24    0.55    2.05    5.85
 1962.75   26.63   22.24    0.55    2.05    5.85
 1963.00   26.63   22.24    0.55    2.05    5.85
 1963.25   26.63   22.24    0.55    2.05    5.85
 1963.50   26.63   22.24    0.55    2.05    5.85
 1963.75   26.63   22.24    0.55    2.05    5.85
 1964.00   26.63   22.24    0.55    2.05    5.85
 1964.25   26.63   22.24    0.55    2.05    5.85
 1964.50   26.63   22.24    0.55    2.05    5.85
 1964.75   26.63   22.24    0.55    2.05    5.85
 1965.00   26.63   22.24    0.55    2.05    5.85
 1965.25   26.63   22.24    0.55    2.05    5.85
 1965.50   26.63   22.24    0.55    2.05    5.85
 1965.75   26.63   22.24    0.55    2.05    5.85
 1966.00   26.63   22.24    0.55    2.05    5.85
 1966.25   26.63   22.24    0.55    2.05    5.85
 1966.50   26.63   22.24    0.55    2.05    5.85
 1966.75   26.63   22.24    0.55    2.05    5.85
 1967.00   26.63   22.24    0.55    2.05    5.85
 1967.25   26.63   22.24    0.55    2.05    5.85
 1967.50   26.63   22.24    0.55    2.05    5.85
 1967.75   26.63   22.24    0.55    2.05    5.85
 1968.00   26.63   22.24    0.55    2.05    5.85
 1968.25   26.63   22.24    0.55    2.05    5.85
 1968.50   26.63   22.24    0.55    2.05    5.85
 1968.75   26.63   22.24    0.55    2.05    5.85
 1969.00   26.63   22.24    0.55    2.05    5.85
 1969.25   26.63   22.24    0.55    2.05    5.85
 1969.50   26.63   22.24    0.55    2.05    5.85
 1969.75   26.63   22.24    0.55    2.05    5.85
 1970.00   26.63   22.24    0.55    2.05    5.85
 1970.25   26.63   22.24    0.55    2.05    5.85
 1970.50   26.63   22.24    0.55    2.05    5.85
 1970.75   26.63   22.24    0.55    2.05    5.85
 1971.00   26.63   22.24    0.55    2.05    5.85
 1971.25   26.63   22.24    0.55    2.05    5.85
 1971.50   26.63   22.24    0.55    2.05    5.85
 1971.75   26.63   22.24    0.55    2.05    5.85
 1972.00   26.63   22.24    0.55    2.05    5.85
 1972.25   26.63   22.24    0.55    2.05    5.85
 1972.50   26.63   22.24    0.55    2.05    5.85
 1972.75   26.63   22.24    0.55    2.05    5.85
 1973.00   26.63   22.24    0.55    2.05    5.85
 1973.25   26.63   22.24    0.55    2.05    5.85
 1973.50   26.63   22.24    0.55    2.05    5.85
 1973.75   26.63   22.24    0.55    2.05    5.85
 1974.00   26.63   22.24    0.55    2.05    5.85
 1974.25   26.63   22.24    0.55    2.05    5.85
 1974.50   26.63   22.24    0.55    2.05    5.85
 1974.75   26.63   22.24    0.55    2.05    5.85
 1975.00   26.63   22.24    0.55    2.05    5.85
 1975.25   26.63   22.24    0.55    2.05    5.85
 1975.50   26.63   22.24    0.55    2.05    5.85
 1975.75   26.63   22.24    0.55    2.05    5.85
 1976.00   26.63   22.24    0.55    2.05    5.85
 1976.25   26.63   22.24    0.55    2.05    5.85
 1976.50   26.63   22.24    0.55    2.05    5.85
 1976.75   26.63   22.24    0.55    2.05    5.85
 1977.00   26.63   22.24    0.55    2.05    5.85
 1977.25   26.63   22.24    0.55    2.05    5.85
 1977.50   26.63   22.24    0.55    2.05    5.85
 1977.75   26.63   22.24    0.55    2.05    5.85
 1978.00   26.63   22.24    0.55    2.05    5.85
 1978.25   26.63   22.24    0.55    2.05    5.85
 1978.50   26.63   22.24    0.55    2.05    5.85
 1978.75   26.63   22.24    0.55    2.05    5.85
 1979.00   26.95   20.45    0.92    2.03    4.44
 1979.25   26.95   20.45    0.92    2.03    4.44
 1979.50   26.95   20.45    0.92    2.03    4.44
 1979.75   26.95   20.45    0.92    2.03    4.44
 1980.00   26.95   20.45    0.92    2.03    4.44
 1980.25   26.95   20.45    0.92    2.03    4.44
 1980.50   26.95   20.45    0.92    2.03    4.44
 1980.75   26.95   20.45    0.92    2.03    4.44
 1981.00   26.95   20.45    0.92    2.03    4.44
 1981.25   26.95   20.45    0.92    2.03    4.44
 1981.50   26.95   20.45    0.92    2.03    4.44
 1981.75   26.95   20.45    0.92    2.03    4.44
 1982.00   26.95   20.45    0.92    2.03    4.44
 1982.25   26.95   20.45    0.92    2.03    4.44
 1982.50   26.95   20.45    0.92    2.03    4.44
 1982.75   26.95   20.45    0.92    2.03    4.44
 1983.00   26.95   20.45    0.92    2.03    4.44
 1983.25   26.95   20.45    0.92    2.03    4.44
 1983.50   26.95   20.45    0.92    2.03    4.44
 1983.75   26.95   20.45    0.92    2.03    4.44
 1984.00   26.95   20.45    0.92    2.03    4.44
 1984.25   26.95   20.45    0.92    2.03    4.44
 1984.50   26.95   20.45    0.92    2.03    4.44
 1984.75   26.95   20.45    0.92    2.03    4.44
 1985.00   26.95   20.45    0.92    2.03    4.44
 1985.25   26.95   20.45    0.92    2.03    4.44
 1985.50   26.95   20.45    0.92    2.03    4.44
 1985.75   26.95   20.45    0.92    2.03    4.44
 1986.00   26.95   20.45    0.92    2.03    4.44
 1986.25   26.95   20.45    0.92    2.03    4.44
 1986.50   26.95   20.45    0.92    2.03    4.44
 1986.75   26.95   20.45    0.92    2.03    4.44
 1987.00   26.95   20.45    0.92    2.03    4.44
 1987.25   26.95   20.45    0.92    2.03    4.44
 1987.50   26.95   20.45    0.92    2.03    4.44
 1987.75   26.95   20.45    0.92    2.03    4.44
 1988.00   26.95   20.45    0.92    2.03    4.44
 1988.25   26.95   20.45    0.92    2.03    4.44
 1988.50   26.95   20.45    0.92    2.03    4.44
 1988.75   26.95   20.45    0.92    2.03    4.44
 1989.00   26.95   20.45    0.92    2.03    4.44
 1989.25   26.95   20.45    0.92    2.03    4.44
 1989.50   26.95   20.45    0.92    2.03    4.44
 1989.75   26.95   20.45    0.92    2.03    4.44
 1990.00   26.95   20.45    0.92    2.03    4.44
 1990.25   26.95   20.45    0.92    2.03    4.44
 1990.50   26.95   20.45    0.92    2.03    4.44
 1990.75   26.95   20.45    0.92    2.03    4.44
 1991.00   26.95   20.45    0.92    2.03    4.44
 1991.25   26.95   20.45    0.92    2.03    4.44
 1991.50   26.95   20.45    0.92    2.03    4.44
 1991.75   26.95   20.45    0.92    2.03    4.44
 1992.00   26.95   20.45    0.92    2.03    4.44
 1992.25   26.95   20.45    0.92    2.03    4.44
 1992.50   26.95   20.45    0.92    2.03    4.44
 1992.75   26.95   20.45    0.92    2.03    4.44
 1993.00   26.95   20.45    0.92    2.03    4.44
 1993.25   26.95   20.45    0.92    2.03    4.44
 1993.50   26.95   20.45    0.92    2.03    4.44
 1993.75   26.95   20.45    0.92    2.03    4.44
 1994.00   26.95   20.45    0.92    2.03    4.44
 1994.25   26.95   20.45    0.92    2.03    4.44
 1994.50   26.95   20.45    0.92    2.03    4.44
 1994.75   26.95   20.45    0.92    2.03    4.44
 1995.00   26.95   20.45    0.92    2.03    4.44
 1995.25   26.95   20.45    0.92    2.03    4.44
 1995.50   26.95   20.45    0.92    2.03    4.44
 1995.75   26.95   20.45    0.92    2.03    4.44
 1996.00   26.95   20.45    0.92    2.03    4.44
 1996.25   26.95   20.45    0.92    2.03    4.44
 1996.50   26.95   20.45    0.92    2.03    4.44
 1996.75   26.95   20.45    0.92    2.03    4.44
 1997.00   26.95   20.45    0.92    2.03    4.44
 1997.25   26.95   20.45    0.92    2.03    4.44
 1997.50   26.95   20.45    0.92    2.03    4.44
 1997.75   26.95   20.45    0.92    2.03    4.44
 1998.00   26.95   20.45    0.92    2.03    4.44
 1998.25   26.95   20.45    0.92    2.03    4.44
 1998.50   26.95   20.45    0.92    2.03    4.44
 1998.75   26.95   20.45    0.92    2.03    4.44
 1999.00   26.95   20.45    0.92    2.03    4.44
 1999.25   26.95   20.45    0.92    2.03    4.44
 1999.50   26.95   20.45    0.92    2.03    4.44
 1999.75   26.95   20.45    0.92    2.03    4.44
 2000.00   26.95   20.45    0.92    2.03    4.44
 2000.25   26.95   20.45    0.92    2.03    4.44
 2000.50   26.95   20.45    0.92    2.03    4.44
 2000.75   26.95   20.45    0.92    2.03    4.44
 2001.00   26.95   20.45    0.92    2.03    4.44
 2001.25   26.95   20.45    0.92    2.03    4.44
 2001.50   26.95   20.45    0.92    2.03    4.44
 2001.75   26.95   20.45    0.92    2.03    4.44
 2002.00   26.95   20.45    0.92    2.03    4.44
 2002.25   26.95   20.45    0.92    2.03    4.44
 2002.50   26.95   20.45    0.92    2.03    4.44
 2002.75   26.95   20.45    0.92    2.03    4.44
 2003.00   26.95   20.45    0.92    2.03    4.44
 2003.25   26.95   20.45    0.92    2.03    4.44
 2003.50   26.95   20.45    0.92    2.03    4.44
 2003.75   26.95   20.45    0.92    2.03    4.44
 2004.00   26.95   20.45    0.92    2.03    4.44
 2004.25   26.95   20.45    0.92    2.03    4.44
 2004.50   26.95   20.45    0.92    2.03    4.44
 2004.75   26.95   20.45    0.92    2.03    4.44
 2005.00   26.95   20.45    0.92    2.03    4.44
 2005.25   26.95   20.45    0.92    2.03    4.44
 2005.50   26.95   20.45    0.92    2.03    4.44
 2005.75   26.95   20.45    0.92    2.03    4.44
 2006.00   26.95   20.45    0.92    2.03    4.44
 2006.25   26.95   20.45    0.92    2.03    4.44
 2006.50   26.95   20.45    0.92    2.03    4.44
 2006.75   26.95   20.45    0.92    2.03    4.44
 2007.00   26.95   20.45    0.92    2.03    4.44
 2007.25   26.95   20.45    0.92    2.03    4.44
 2007.50   26.95   20.45    0.92    2.03    4.44
 2007.75   26.95   20.45    0.92    2.03    4.44
 2008.00   26.95   20.45    0.92    2.03    4.44
 2008.25   26.95   20.45    0.92    2.03    4.44
 2008.50   26.95   20.45    0.92    2.03    4.44
 2008.75   26.95   20.45    0.92    2.03    4.44
 2009.00   27.49   19.37    1.36    1.86    4.51
 2009.25   27.49   19.37    1.36    1.86    4.51
 2009.50   27.49   19.37    1.36    1.86    4.51
 2009.75   27.49   19.37    1.36    1.86    4.51
 2010.00   27.49   19.37    1.36    1.86    4.51
 2010.25   27.49   19.37    1.36    1.86    4.51
 2010.50   27.49   19.37    1.36    1.86    4.51
 2010.75   27.49   19.37    1.36    1.86    4.51
 2011.00   27.49   19.37    1.36    1.86    4.51
 2011.25   27.49   19.37    1.36    1.86    4.51
 2011.50   27.49   19.37    1.36    1.86    4.51
 2011.75   27.49   19.37    1.36    1.86    4.51
 2012.00   27.49   19.37    1.36    1.86    4.51
 2012.25   27.49   19.37    1.36    1.86    4.51
 2012.50   27.49   19.37    1.36    1.86    4.51
 2012.75   27.49   19.37    1.36    1.86    4.51
 2013.00   27.49   19.37    1.36    1.86    4.51
 2013.25   27.49   19.37    1.36    1.86    4.51
 2013.50   27.49   19.37    1.36    1.86    4.51
 2013.75   27.49   19.37    1.36    1.86    4.51
 2014.00   27.49   19.37    1.36    1.86    4.51
 2014.25   27.49   19.37    1.36    1.86    4.51
 2014.50   27.49   19.37    1.36    1.86    4.51
 2014.75   27.49   19.37    1.36    1.86    4.51
 2015.00   27.49   19.37    1.36    1.86    4.51
 2015.25   27.49   19.37    1.36    1.86    4.51
 2015.50   27.49   19.37    1.36    1.86    4.51
 2015.75   27.49   19.37    1.36    1.86    4.51
 2016.00   27.49   19.37    1.36    1.86    4.51
 2016.25   27.49   19.37    1.36    1.86    4.51
 2016.50   27.49   19.37    1.36    1.86    4.51
 2016.75   27.49   19.37    1.36    1.86    4.51
 2017.00   27.49   19.37    1.36    1.86    4.51
 2017.25   27.49   19.37    1.36    1.86    4.51
 2017.50   27.49   19.37    1.36    1.86    4.51
 2017.75   27.49   19.37    1.36    1.86    4.51
 2018.00   27.49   19.37    1.36    1.86    4.51
 2018.25   27.49   19.37    1.36    1.86    4.51
 2018.50   27.49   19.37    1.36    1.86    4.51
 2018.75   27.49   19.37    1.36    1.86    4.51
 2019.00   27.49   19.37    1.36    1.86    4.51
 2019.25   27.49   19.37    1.36    1.86    4.51
 2019.50   27.49   19.37    1.36    1.86    4.51
 2019.75   27.49   19.37    1.36    1.86    4.51
 2020.00   27.49   19.37    1.36    1.86    4.51
 2020.25   27.49   19.37    1.36    1.86    4.51
 2020.50   27.49   19.37    1.36    1.86    4.51
 2020.75   27.49   19.37    1.36    1.86    4.51
 2021.00   27.49   19.37    1.36    1.86    4.51
 2021.25   27.49   19.37    1.36    1.86    4.51
 2021.50   27.49   19.37    1.36    1.86    4.51
 2021.75   27.49   19.37    1.36    1.86    4.51
 2022.00   27.49   19.37    1.36    1.86    4.51
 2022.25   27.49   19.37    1.36    1.86    4.51
 2022.50   27.49   19.37    1.36    1.86    4.51
 2022.75   27.49   19.37    1.36    1.86    4.51
 2023.00   27.49   19.37    1.36    1.86    4.51
 2023.25   27.49   19.37    1.36    1.86    4.51
 2023.50   27.49   19.37    1.36    1.86    4.51
 2023.75   27.49   19.37    1.36    1.86    4.51
 2024.00   27.49   19.37    1.36    1.86    4.51
 2024.25   27.49   19.37    1.36    1.86    4.51
 2024.50   27.49   19.37    1.36    1.86    4.51
 2024.75   27.49   19.37    1.36    1.86    4.51
 2025.00   27.49   19.37    1.36    1.86    4.51
 2025.25   27.49   19.37    1.36    1.86    4.51
 2025.50   27.49   19.37    1.36    1.86    4.51
 2025.75   27.49   19.37    1.36    1.86    4.51
 2026.00   27.49   19.37    1.36    1.86    4.51
 2026.25   27.49   19.37    1.36    1.86    4.51
 2026.50   27.49   19.37    1.36    1.86    4.51
 2026.75   27.49   19.37    1.36    1.86    4.51
 2027.00   27.49   19.37    1.36    1.86    4.51
 2027.25   27.49   19.37    1.36    1.86    4.51
 2027.50   27.49   19.37    1.36    1.86    4.51
 2027.75   27.49   19.37    1.36    1.86    4.51
 2028.00   27.49   19.37    1.36    1.86    4.51
 2028.25   27.49   19.37    1.36    1.86    4.51
 2028.50   27.49   19.37    1.36    1.86    4.51
 2028.75   27.49   19.37    1.36    1.86    4.51
 2029.00   27.49   19.37    1.36    1.86    4.51
 2029.25   27.49   19.37    1.36    1.86    4.51
 2029.50   27.49   19.37    1.36    1.86    4.51
 2029.75   27.49   19.37    1.36    1.86    4.51
 2030.00   27.49   19.37    1.36    1.86    4.51
 2030.25   27.49   19.37    1.36    1.86    4.51
 2030.50   27.49   19.37    1.36    1.86    4.51
 2030.75   27.49   19.37    1.36    1.86    4.51
 2031.00   27.49   19.37    1.36    1.86    4.51
 2031.25   27.49   19.37    1.36    1.86    4.51
 2031.50   27.49   19.37    1.36    1.86    4.51
 2031.75   27.49   19.37    1.36    1.86    4.51
 2032.00   27.49   19.37    1.36    1.86    4.51
 2032.25   27.49   19.37    1.36    1.86    4.51
 2032.50   27.49   19.37    1.36    1.86    4.51
 2032.75   27.49   19.37    1.36    1.86    4.51
 2033.00   27.49   19.37    1.36    1.86    4.51
 2033.25   27.49   19.37    1.36    1.86    4.51
 2033.50   27.49   19.37    1.36    1.86    4.51
 2033.75   27.49   19.37    1.36    1.86    4.51
 2034.00   27.49   19.37    1.36    1.86    4.51
 2034.25   27.49   19.37    1.36    1.86    4.51
 2034.50   27.49   19.37    1.36    1.86    4.51
 2034.75   27.49   19.37    1.36    1.86    4.51
 2035.00   27.49   19.37    1.36    1.86    4.51
 2035.25   27.49   19.37    1.36    1.86    4.51
 2035.50   27.49   19.37    1.36    1.86    4.51
 2035.75   27.49   19.37    1.36    1.86    4.51
 2036.00   27.49   19.37    1.36    1.86    4.51
 2036.25   27.49   19.37    1.36    1.86    4.51
 2036.50   27.49   19.37    1.36    1.86    4.51
 2036.75   27.49   19.37    1.36    1.86    4.51
 2037.00   27.49   19.37    1.36    1.86    4.51
 2037.25   27.49   19.37    1.36    1.86    4.51
 2037.50   27.49   19.37    1.36    1.86    4.51
 2037.75   27.49   19.37    1.36    1.86    4.51
 2038.00   27.49   19.37    1.36    1.86    4.51
 2038.25   27.49   19.37    1.36    1.86    4.51
 2038.50   27.49   19.37    1.36    1.86    4.51
 2038.75   27.49   19.37    1.36    1.86    4.51
 2039.00   27.49   19.37    1.36    1.86    4.51
 2039.25   27.49   19.37    1.36    1.86    4.51
 2039.50   27.49   19.37    1.36    1.86    4.51
 2039.75   27.49   19.37    1.36    1.86    4.51
 2040.00   28.31   18.15    1.75    1.54    3.28
 2040.25   28.31   18.15    1.75    1.54    3.28
 2040.50   28.31   18.15    1.75    1.54    3.28
 2040.75   28.31   18.15    1.75    1.54    3.28
 2041.00   28.31   18.15    1.75    1.54    3.28
 2041.25   28.31   18.15    1.75    1.54    3.28
 2041.50   28.31   18.15    1.75    1.54    3.28
 2041.75   28.31   18.15    1.75    1.54    3.28
 2042.00   28.31   18.15    1.75    1.54    3.28
 2042.25   28.31   18.15    1.75    1.54    3.28
 2042.50   28.31   18.15    1.75    1.54    3.28
 2042.75   28.31   18.15    1.75    1.54    3.28
 2043.00   28.31   18.15    1.75    1.54    3.28
 2043.25   28.31   18.15    1.75    1.54    3.28
 2043.50   28.31   18.15    1.75    1.54    3.28
 2043.75   28.31   18.15    1.75    1.54    3.28
 2044.00   28.31   18.15    1.75    1.54    3.28
 2044.25   28.31   18.15    1.75    1.54    3.28
 2044.50   28.31   18.15    1.75    1.54    3.28
 2044.75   28.31   18.15    1.75    1.54    3.28
 2045.00   28.31   18.15    1.75    1.54    3.28
 2045.25   28.31   18.15    1.75    1.54    3.28
 2045.50   28.31   18.15    1.75    1.54    3.28
 2045.75   28.31   18.15    1.75    1.54    3.28
 2046.00   28.31   18.15    1.75    1.54    3.28
 2046.25   28.31   18.15    1.75    1.54    3.28
 2046.50   28.31   18.15    1.75    1.54    3.28
 2046.75   28.31   18.15    1.75    1.54    3.28
 2047.00   28.31   18.15    1.75    1.54    3.28
 2047.25   28.31   18.15    1.75    1.54    3.28
 2047.50   28.31   18.15    1.75    1.54    3.28
 2047.75   28.31   18.15    1.75    1.54    3.28
 2048.00   28.31   18.15    1.75    1.54    3.28
 2048.25   28.31   18.15    1.75    1.54    3.28
 2048.50   28.31   18.15    1.75    1.54    3.28
 2048.75   28.31   18.15    1.75    1.54    3.28
 2049.00   28.31   18.15    1.75    1.54    3.28
 2049.25   28.31   18.15    1.75    1.54    3.28
 2049.50   28.31   18.15    1.75    1.54    3.28
 2049.75   28.31   18.15    1.75    1.54    3.28
 2050.00   28.31   18.15    1.75    1.54    3.28
 2050.25   28.31   18.15    1.75    1.54    3.28
 2050.50   28.31   18.15    1.75    1.54    3.28
 2050.75   28.31   18.15    1.75    1.54    3.28
 2051.00   28.31   18.15    1.75    1.54    3.28
 2051.25   28.31   18.15    1.75    1.54    3.28
 2051.50   28.31   18.15    1.75    1.54    3.28
 2051.75   28.31   18.15    1.75    1.54    3.28
 2052.00   28.31   18.15    1.75    1.54    3.28
 2052.25   28.31   18.15    1.75    1.54    3.28
 2052.50   28.31   18.15    1.75    1.54    3.28
 2052.75   28.31   18.15    1.75    1.54    3.28
 2053.00   28.31   18.15    1.75    1.54    3.28
 2053.25   28.31   18.15    1.75    1.54    3.28
 2053.50   28.31   18.15    1.75    1.54    3.28
 2053.75   28.31   18.15    1.75    1.54    3.28
 2054.00   28.31   18.15    1.75    1.54    3.28
 2054.25   28.31   18.15    1.75    1.54    3.28
 2054.50   28.31   18.15    1.75    1.54    3.28
 2054.75   28.31   18.15    1.75    1.54    3.28
 2055.00   28.31   18.15    1.75    1.54    3.28
 2055.25   28.31   18.15    1.75    1.54    3.28
 2055.50   28.31   18.15    1.75    1.54    3.28
 2055.75   28.31   18.15    1.75    1.54    3.28
 2056.00   28.31   18.15    1.75    1.54    3.28
 2056.25   28.31   18.15    1.75    1.54    3.28
 2056.50   28.31   18.15    1.75    1.54    3.28
 2056.75   28.31   18.15    1.75    1.54    3.28
 2057.00   28.31   18.15    1.75    1.54    3.28
 2057.25   28.31   18.15    1.75    1.54    3.28
 2057.50   28.31   18.15    1.75    1.54    3.28
 2057.75   28.31   18.15    1.75    1.54    3.28
 2058.00   28.31   18.15    1.75    1.54    3.28
 2058.25   28.31   18.15    1.75    1.54    3.28
 2058.50   28.31   18.15    1.75    1.54    3.28
 2058.75   28.31   18.15    1.75    1.54    3.28
 2059.00   28.31   18.15    1.75    1.54    3.28
 2059.25   28.31   18.15    1.75    1.54    3.28
 2059.50   28.31   18.15    1.75    1.54    3.28
 2059.75   28.31   18.15    1.75    1.54    3.28
 2060.00   28.31   18.15    1.75    1.54    3.28
 2060.25   28.31   18.15    1.75    1.54    3.28
 2060.50   28.31   18.15    1.75    1.54    3.28
 2060.75   28.31   18.15    1.75    1.54    3.28
 2061.00   28.31   18.15    1.75    1.54    3.28
 2061.25   28.31   18.15    1.75    1.54    3.28
 2061.50   28.31   18.15    1.75    1.54    3.28
 2061.75   28.31   18.15    1.75    1.54    3.28
 2062.00   28.31   18.15    1.75    1.54    3.28
 2062.25   28.31   18.15    1.75    1.54    3.28
 2062.50   28.31   18.15    1.75    1.54    3.28
 2062.75   28.31   18.15    1.75    1.54    3.28
 2063.00   28.31   18.15    1.75    1.54    3.28
 2063.25   28.31   18.15    1.75    1.54    3.28
 2063.50   28.31   18.15    1.75    1.54    3.28
 2063.75   28.31   18.15    1.75    1.54    3.28
 2064.00   28.31   18.15    1.75    1.54    3.28
 2064.25   28.31   18.15    1.75    1.54    3.28
 2064.50   28.31   18.15    1.75    1.54    3.28
 2064.75   28.31   18.15    1.75    1.54    3.28
 2065.00   28.31   18.15    1.75    1.54    3.28
 2065.25   28.31   18.15    1.75    1.54    3.28
 2065.50   28.31   18.15    1.75    1.54    3.28
 2065.75   28.31   18.15    1.75    1.54    3.28
 2066.00   28.31   18.15    1.75    1.54    3.28
 2066.25   28.31   18.15    1.75    1.54    3.28
 2066.50   28.31   18.15    1.75    1.54    3.28
 2066.75   28.31   18.15    1.75    1.54    3.28
 2067.00   28.31   18.15    1.75    1.54    3.28
 2067.25   28.31   18.15    1.75    1.54    3.28
 2067.50   28.31   18.15    1.75    1.54    3.28
 2067.75   28.31   18.15    1.75    1.54    3.28
 2068.00   28.31   18.15    1.75    1.54    3.28
 2068.25   28.31   18.15    1.75    1.54    3.28
 2068.50   28.31   18.15    1.75    1.54    3.28
 2068.75   28.31   18.15    1.75    1.54    3.28
 2069.00   28.31   18.15    1.75    1.54    3.28
 2069.25   28.31   18.15    1.75    1.54    3.28
 2069.50   28.31   18.15    1.75    1.54    3.28
 2069.75   28.31   18.15    1.75    1.54    3.28
 2070.00   28.31   18.15    1.75    1.54    3.28
 2070.25   28.31   18.15    1.75    1.54    3.28
 2070.50   28.31   18.15    1.75    1.54    3.28
 2070.75   28.31   18.15    1.75    1.54    3.28
 2071.00   28.87   17.66    2.29    1.42    2.96
 2071.25   28.87   17.66    2.29    1.42    2.96
 2071.50   28.87   17.66    2.29    1.42    2.96
 2071.75   28.87   17.66    2.29    1.42    2.96
 2072.00   28.87   17.66    2.29    1.42    2.96
 2072.25   28.87   17.66    2.29    1.42    2.96
 2072.50   28.87   17.66    2.29    1.42    2.96
 2072.75   28.87   17.66    2.29    1.42    2.96
 2073.00   28.87   17.66    2.29    1.42    2.96
 2073.25   28.87   17.66    2.29    1.42    2.96
 2073.50   28.87   17.66    2.29    1.42    2.96
 2073.75   28.87   17.66    2.29    1.42    2.96
 2074.00   28.87   17.66    2.29    1.42    2.96
 2074.25   28.87   17.66    2.29    1.42    2.96
 2074.50   28.87   17.66    2.29    1.42    2.96
 2074.75   28.87   17.66    2.29    1.42    2.96
 2075.00   28.87   17.66    2.29    1.42    2.96
 2075.25   28.87   17.66    2.29    1.42    2.96
 2075.50   28.87   17.66    2.29    1.42    2.96
 2075.75   28.87   17.66    2.29    1.42    2.96
 2076.00   28.87   17.66    2.29    1.42    2.96
 2076.25   28.87   17.66    2.29    1.42    2.96
 2076.50   28.87   17.66    2.29    1.42    2.96
 2076.75   28.87   17.66    2.29    1.42    2.96
 2077.00   28.87   17.66    2.29    1.42    2.96
 2077.25   28.87   17.66    2.29    1.42    2.96
 2077.50   28.87   17.66    2.29    1.42    2.96
 2077.75   28.87   17.66    2.29    1.42    2.96
 2078.00   28.87   17.66    2.29    1.42    2.96
 2078.25   28.87   17.66    2.29    1.42    2.96
 2078.50   28.87   17.66    2.29    1.42    2.96
 2078.75   28.87   17.66    2.29    1.42    2.96
 2079.00   28.87   17.66    2.29    1.42    2.96
 2079.25   28.87   17.66    2.29    1.42    2.96
 2079.50   28.87   17.66    2.29    1.42    2.96
 2079.75   28.87   17.66    2.29    1.42    2.96
 2080.00   28.87   17.66    2.29    1.42    2.96
 2080.25   28.87   17.66    2.29    1.42    2.96
 2080.50   28.87   17.66    2.29    1.42    2.96
 2080.75   28.87   17.66    2.29    1.42    2.96
 2081.00   28.87   17.66    2.29    1.42    2.96
 2081.25   28.87   17.66    2.29    1.42    2.96
 2081.50   28.87   17.66    2.29    1.42    2.96
 2081.75   28.87   17.66    2.29    1.42    2.96
 2082.00   28.87   17.66    2.29    1.42    2.96
 2082.25   28.87   17.66    2.29    1.42    2.96
 2082.50   28.87   17.66    2.29    1.42    2.96
 2082.75   28.87   17.66    2.29    1.42    2.96
 2083.00   28.87   17.66    2.29    1.42    2.96
 2083.25   28.87   17.66    2.29    1.42    2.96
 2083.50   28.87   17.66    2.29    1.42    2.96
 2083.75   28.87   17.66    2.29    1.42    2.96
 2084.00   28.87   17.66    2.29    1.42    2.96
 2084.25   28.87   17.66    2.29    1.42    2.96
 2084.50   28.87   17.66    2.29    1.42    2.96
 2084.75   28.87   17.66    2.29    1.42    2.96
 2085.00   28.87   17.66    2.29    1.42    2.96
 2085.25   28.87   17.66    2.29    1.42    2.96
 2085.50   28.87   17.66    2.29    1.42    2.96
 2085.75   28.87   17.66    2.29    1.42    2.96
 2086.00   28.87   17.66    2.29    1.42    2.96
 2086.25   28.87   17.66    2.29    1.42    2.96
 2086.50   28.87   17.66    2.29    1.42    2.96
 2086.75   28.87   17.66    2.29    1.42    2.96
 2087.00   28.87   17.66    2.29    1.42    2.96
 2087.25   28.87   17.66    2.29    1.42    2.96
 2087.50   28.87   17.66    2.29    1.42    2.96
 2087.75   28.87   17.66    2.29    1.42    2.96
 2088.00   28.87   17.66    2.29    1.42    2.96
 2088.25   28.87   17.66    2.29    1.42    2.96
 2088.50   28.87   17.66    2.29    1.42    2.96
 2088.75   28.87   17.66    2.29    1.42    2.96
 2089.00   28.87   17.66    2.29    1.42    2.96
 2089.25   28.87   17.66    2.29    1.42    2.96
 2089.50   28.87   17.66    2.29    1.42    2.96
 2089.75   28.87   17.66    2.29    1.42    2.96
 2090.00   28.87   17.66    2.29    1.42    2.96
 2090.25   28.87   17.66    2.29    1.42    2.96
 2090.50   28.87   17.66    2.29    1.42    2.96
 2090.75   28.87   17.66    2.29    1.42    2.96
 2091.00   28.87   17.66    2.29    1.42    2.96
 2091.25   28.87   17.66    2.29    1.42    2.96
 2091.50   28.87   17.66    2.29    1.42    2.96
 2091.75   28.87   17.66    2.29    1.42    2.96
 2092.00   28.87   17.66    2.29    1.42    2.96
 2092.25   28.87   17.66    2.29    1.42    2.96
 2092.50   28.87   17.66    2.29    1.42    2.96
 2092.75   28.87   17.66    2.29    1.42    2.96
 2093.00   28.87   17.66    2.29    1.42    2.96
 2093.25   28.87   17.66    2.29    1.42    2.96
 2093.50   28.87   17.66    2.29    1.42    2.96
 2093.75   28.87   17.66    2.29    1.42    2.96
 2094.00   28.87   17.66    2.29    1.42    2.96
 2094.25   28.87   17.66    2.29    1.42    2.96
 2094.50   28.87   17.66    2.29    1.42    2.96
 2094.75   28.87   17.66    2.29    1.42    2.96
 2095.00   28.87   17.66    2.29    1.42    2.96
 2095.25   28.87   17.66    2.29    1.42    2.96
 2095.50   28.87   17.66    2.29    1.42    2.96
 2095.75   28.87   17.66    2.29    1.42    2.96
 2096.00   28.87   17.66    2.29    1.42    2.96
 2096.25   28.87   17.66    2.29    1.42    2.96
 2096.50   28.87   17.66    2.29    1.42    2.96
 2096.75   28.87   17.66    2.29    1.42    2.96
 2097.00   28.87   17.66    2.29    1.42    2.96
 2097.25   28.87   17.66    2.29    1.42    2.96
 2097.50   28.87   17.66    2.29    1.42    2.96
 2097.75   28.87   17.66    2.29    1.42    2.96
 2098.00   28.87   17.66    2.29    1.42    2.96
 2098.25   28.87   17.66    2.29    1.42    2.96
 2098.50   28.87   17.66    2.29    1.42    2.96
 2098.75   28.87   17.66    2.29    1.42    2.96
 2099.00   28.87   17.66    2.29    1.42    2.96
 2099.25   28.87   17.66    2.29    1.42    2.96
 2099.50   28.87   17.66    2.29    1.42    2.96
 2099.75   28.87   17.66    2.29    1.42    2.96
 2100.00   28.87   17.66    2.29    1.42    2.96
 2100.25   28.87   17.66    2.29    1.42    2.96
 2100.50   28.87   17.66    2.29    1.42    2.96
 2100.75   28.87   17.66    2.29    1.42    2.96
 2101.00   29.29   18.00    2.55    1.23    3.39
 2101.25   29.29   18.00    2.55    1.23    3.39
 2101.50   29.29   18.00    2.55    1.23    3.39
 2101.75   29.29   18.00    2.55    1.23    3.39
 2102.00   29.29   18.00    2.55    1.23    3.39
 2102.25   29.29   18.00    2.55    1.23    3.39
 2102.50   29.29   18.00    2.55    1.23    3.39
 2102.75   29.29   18.00    2.55    1.23    3.39
 2103.00   29.29   18.00    2.55    1.23    3.39
 2103.25   29.29   18.00    2.55    1.23    3.39
 2103.50   29.29   18.00    2.55    1.23    3.39
 2103.75   29.29   18.00    2.55    1.23    3.39
 2104.00   29.29   18.00    2.55    1.23    3.39
 2104.25   29.29   18.00    2.55    1.23    3.39
 2104.50   29.29   18.00    2.55    1.23    3.39
 2104.75   29.29   18.00    2.55    1.23    3.39
 2105.00   29.29   18.00    2.55    1.23    3.39
 2105.25   29.29   18.00    2.55    1.23    3.39
 2105.50   29.29   18.00    2.55    1.23    3.39
 2105.75   29.29   18.00    2.55    1.23    3.39
 2106.00   29.29   18.00    2.55    1.23    3.39
 2106.25   29.29   18.00    2.55    1.23    3.39
 2106.50   29.29   18.00    2.55    1.23    3.39
 2106.75   29.29   18.00    2.55    1.23    3.39
 2107.00   29.29   18.00    2.55    1.23    3.39
 2107.25   29.29   18.00    2.55    1.23    3.39
 2107.50   29.29   18.00    2.55    1.23    3.39
 2107.75   29.29   18.00    2.55    1.23    3.39
 2108.00   29.29   18.00    2.55    1.23    3.39
 2108.25   29.29   18.00    2.55    1.23    3.39
 2108.50   29.29   18.00    2.55    1.23    3.39
 2108.75   29.29   18.00    2.55    1.23    3.39
 2109.00   29.29   18.00    2.55    1.23    3.39
 2109.25   29.29   18.00    2.55    1.23    3.39
 2109.50   29.29   18.00    2.55    1.23    3.39
 2109.75   29.29   18.00    2.55    1.23    3.39
 2110.00   29.29   18.00    2.55    1.23    3.39
 2110.25   29.29   18.00    2.55    1.23    3.39
 2110.50   29.29   18.00    2.55    1.23    3.39
 2110.75   29.29   18.00    2.55    1.23    3.39
 2111.00   29.29   18.00    2.55    1.23    3.39
 2111.25   29.29   18.00    2.55    1.23    3.39
 2111.50   29.29   18.00    2.55    1.23    3.39
 2111.75   29.29   18.00    2.55    1.23    3.39
 2112.00   29.29   18.00    2.55    1.23    3.39
 2112.25   29.29   18.00    2.55    1.23    3.39
 2112.50   29.29   18.00    2.55    1.23    3.39
 2112.75   29.29   18.00    2.55    1.23    3.39
 2113.00   29.29   18.00    2.55    1.23    3.39
 2113.25   29.29   18.00    2.55    1.23    3.39
 2113.50   29.29   18.00    2.55    1.23    3.39
 2113.75   29.29   18.00    2.55    1.23    3.39
 2114.00   29.29   18.00    2.55    1.23    3.39
 2114.25   29.29   18.00    2.55    1.23    3.39
 2114.50   29.29   18.00    2.55    1.23    3.39
 2114.75   29.29   18.00    2.55    1.23    3.39
 2115.00   29.29   18.00    2.55    1.23    3.39
 2115.25   29.29   18.00    2.55    1.23    3.39
 2115.50   29.29   18.00    2.55    1.23    3.39
 2115.75   29.29   18.00    2.55    1.23    3.39
 2116.00   29.29   18.00    2.55    1.23    3.39
 2116.25   29.29   18.00    2.55    1.23    3.39
 2116.50   29.29   18.00    2.55    1.23    3.39
 2116.75   29.29   18.00    2.55    1.23    3.39
 2117.00   29.29   18.00    2.55    1.23    3.39
 2117.25   29.29   18.00    2.55    1.23    3.39
 2117.50   29.29   18.00    2.55    1.23    3.39
 2117.75   29.29   18.00    2.55    1.23    3.39
 2118.00   29.29   18.00    2.55    1.23    3.39
 2118.25   29.29   18.00    2.55    1.23    3.39
 2118.50   29.29   18.00    2.55    1.23    3.39
 2118.75   29.29   18.00    2.55    1.23    3.39
 2119.00   29.29   18.00    2.55    1.23    3.39
 2119.25   29.29   18.00    2.55    1.23    3.39
 2119.50   29.29   18.00    2.55    1.23    3.39
 2119.75   29.29   18.00    2.55    1.23    3.39
 2120.00   29.29   18.00    2.55    1.23    3.39
 2120.25   29.29   18.00    2.55    1.23    3.39
 2120.50   29.29   18.00    2.55    1.23    3.39
 2120.75   29.29   18.00    2.55    1.23    3.39
 2121.00   29.29   18.00    2.55    1.23    3.39
 2121.25   29.29   18.00    2.55    1.23    3.39
 2121.50   29.29   18.00    2.55    1.23    3.39
 2121.75   29.29   18.00    2.55    1.23    3.39
 2122.00   29.29   18.00    2.55    1.23    3.39
 2122.25   29.29   18.00    2.55    1.23    3.39
 2122.50   29.29   18.00    2.55    1.23    3.39
 2122.75   29.29   18.00    2.55    1.23    3.39
 2123.00   29.29   18.00    2.55    1.23    3.39
 2123.25   29.29   18.00    2.55    1.23    3.39
 2123.50   29.29   18.00    2.55    1.23    3.39
 2123.75   29.29   18.00    2.55    1.23    3.39
 2124.00   29.29   18.00    2.55    1.23    3.39
 2124.25   29.29   18.00    2.55    1.23    3.39
 2124.50   29.29   18.00    2.55    1.23    3.39
 2124.75   29.29   18.00    2.55    1.23    3.39
 2125.00   29.29   18.00    2.55    1.23    3.39
 2125.25   29.29   18.00    2.55    1.23    3.39
 2125.50   29.29   18.00    2.55    1.23    3.39
 2125.75   29.29   18.00    2.55    1.23    3.39
 2126.00   29.29   18.00    2.55    1.23    3.39
 2126.25   29.29   18.00    2.55    1.23    3.39
 2126.50   29.29   18.00    2.55    1.23    3.39
 2126.75   29.29   18.00    2.55    1.23    3.39
 2127.00   29.29   18.00    2.55    1.23    3.39
 2127.25   29.29   18.00    2.55    1.23    3.39
 2127.50   29.29   18.00    2.55    1.23    3.39
 2127.75   29.29   18.00    2.55    1.23    3.39
 2128.00   29.29   18.00    2.55    1.23    3.39
 2128.25   29.29   18.00    2.55    1.23    3.39
 2128.50   29.29   18.00    2.55    1.23    3.39
 2128.75   29.29   18.00    2.55    1.23    3.39
 2129.00   29.29   18.00    2.55    1.23    3.39
 2129.25   29.29   18.00    2.55    1.23    3.39
 2129.50   29.29   18.00    2.55    1.23    3.39
 2129.75   29.29   18.00    2.55    1.23    3.39
 2130.00   29.29   18.00    2.55    1.23    3.39
 2130.25   29.29   18.00    2.55    1.23    3.39
 2130.50   29.29   18.00    2.55    1.23    3.39
 2130.75   29.29   18.00    2.55    1.23    3.39
 2131.00   29.29   18.00    2.55    1.23    3.39
 2131.25   29.29   18.00    2.55    1.23    3.39
 2131.50   29.29   18.00    2.55    1.23    3.39
 2131.75   29.29   18.00    2.55    1.23    3.39
 2132.00   29.48   18.57    2.49    1.25    4.13
 2132.25   29.48   18.57    2.49    1.25    4.13
 2132.50   29.48   18.57    2.49    1.25    4.13
 2132.75   29.48   18.57    2.49    1.25    4.13
 2133.00   29.48   18.57    2.49    1.25    4.13
 2133.25   29.48   18.57    2.49    1.25    4.13
 2133.50   29.48   18.57    2.49    1.25    4.13
 2133.75   29.48   18.57    2.49    1.25    4.13
 2134.00   29.48   18.57    2.49    1.25    4.13
 2134.25   29.48   18.57    2.49    1.25    4.13
 2134.50   29.48   18.57    2.49    1.25    4.13
 2134.75   29.48   18.57    2.49    1.25    4.13
 2135.00   29.48   18.57    2.49    1.25    4.13
 2135.25   29.48   18.57    2.49    1.25    4.13
 2135.50   29.48   18.57    2.49    1.25    4.13
 2135.75   29.48   18.57    2.49    1.25    4.13
 2136.00   29.48   18.57    2.49    1.25    4.13
 2136.25   29.48   18.57    2.49    1.25    4.13
 2136.50   29.48   18.57    2.49    1.25    4.13
 2136.75   29.48   18.57    2.49    1.25    4.13
 2137.00   29.48   18.57    2.49    1.25    4.13
 2137.25   29.48   18.57    2.49    1.25    4.13
 2137.50   29.48   18.57    2.49    1.25    4.13
 2137.75   29.48   18.57    2.49    1.25    4.13
 2138.00   29.48   18.57    2.49    1.25    4.13
 2138.25   29.48   18.57    2.49    1.25    4.13
 2138.50   29.48   18.57    2.49    1.25    4.13
 2138.75   29.48   18.57    2.49    1.25    4.13
 2139.00   29.48   18.57    2.49    1.25    4.13
 2139.25   29.48   18.57    2.49    1.25    4.13
 2139.50   29.48   18.57    2.49    1.25    4.13
 2139.75   29.48   18.57    2.49    1.25    4.13
 2140.00   29.48   18.57    2.49    1.25    4.13
 2140.25   29.48   18.57    2.49    1.25    4.13
 2140.50   29.48   18.57    2.49    1.25    4.13
 2140.75   29.48   18.57    2.49    1.25    4.13
 2141.00   29.48   18.57    2.49    1.25    4.13
 2141.25   29.48   18.57    2.49    1.25    4.13
 2141.50   29.48   18.57    2.49    1.25    4.13
 2141.75   29.48   18.57    2.49    1.25    4.13
 2142.00   29.48   18.57    2.49    1.25    4.13
 2142.25   29.48   18.57    2.49    1.25    4.13
 2142.50   29.48   18.57    2.49    1.25    4.13
 2142.75   29.48   18.57    2.49    1.25    4.13
 2143.00   29.48   18.57    2.49    1.25    4.13
 2143.25   29.48   18.57    2.49    1.25    4.13
 2143.50   29.48   18.57    2.49    1.25    4.13
 2143.75   29.48   18.57    2.49    1.25    4.13
 2144.00   29.48   18.57    2.49    1.25    4.13
 2144.25   29.48   18.57    2.49    1.25    4.13
 2144.50   29.48   18.57    2.49    1.25    4.13
 2144.75   29.48   18.57    2.49    1.25    4.13
 2145.00   29.48   18.57    2.49    1.25    4.13
 2145.25   29.48   18.57    2.49    1.25    4.13
 2145.50   29.48   18.57    2.49    1.25    4.13
 2145.75   29.48   18.57    2.49    1.25    4.13
 2146.00   29.48   18.57    2.49    1.25    4.13
 2146.25   29.48   18.57    2.49    1.25    4.13
 2146.50   29.48   18.57    2.49    1.25    4.13
 2146.75   29.48   18.57    2.49    1.25    4.13
 2147.00   29.48   18.57    2.49    1.25    4.13
 2147.25   29.48   18.57    2.49    1.25    4.13
 2147.50   29.48   18.57    2.49    1.25    4.13
 2147.75   29.48   18.57    2.49    1.25    4.13
 2148.00   29.48   18.57    2.49    1.25    4.13
 2148.25   29.48   18.57    2.49    1.25    4.13
 2148.50   29.48   18.57    2.49    1.25    4.13
 2148.75   29.48   18.57    2.49    1.25    4.13
 2149.00   29.48   18.57    2.49    1.25    4.13
 2149.25   29.48   18.57    2.49    1.25    4.13
 2149.50   29.48   18.57    2.49    1.25    4.13
 2149.75   29.48   18.57    2.49    1.25    4.13
 2150.00   29.48   18.57    2.49    1.25    4.13
 2150.25   29.48   18.57    2.49    1.25    4.13
 2150.50   29.48   18.57    2.49    1.25    4.13
 2150.75   29.48   18.57    2.49    1.25    4.13
 2151.00   29.48   18.57    2.49    1.25    4.13
 2151.25   29.48   18.57    2.49    1.25    4.13
 2151.50   29.48   18.57    2.49    1.25    4.13
 2151.75   29.48   18.57    2.49    1.25    4.13
 2152.00   29.48   18.57    2.49    1.25    4.13
 2152.25   29.48   18.57    2.49    1.25    4.13
 2152.50   29.48   18.57    2.49    1.25    4.13
 2152.75   29.48   18.57    2.49    1.25    4.13
 2153.00   29.48   18.57    2.49    1.25    4.13
 2153.25   29.48   18.57    2.49    1.25    4.13
 2153.50   29.48   18.57    2.49    1.25    4.13
 2153.75   29.48   18.57    2.49    1.25    4.13
 2154.00   29.48   18.57    2.49    1.25    4.13
 2154.25   29.48   18.57    2.49    1.25    4.13
 2154.50   29.48   18.57    2.49    1.25    4.13
 2154.75   29.48   18.57    2.49    1.25    4.13
 2155.00   29.48   18.57    2.49    1.25    4.13
 2155.25   29.48   18.57    2.49    1.25    4.13
 2155.50   29.48   18.57    2.49    1.25    4.13
 2155.75   29.48   18.57    2.49    1.25    4.13
 2156.00   29.48   18.57    2.49    1.25    4.13
 2156.25   29.48   18.57    2.49    1.25    4.13
 2156.50   29.48   18.57    2.49    1.25    4.13
 2156.75   29.48   18.57    2.49    1.25    4.13
 2157.00   29.48   18.57    2.49    1.25    4.13
 2157.25   29.48   18.57    2.49    1.25    4.13
 2157.50   29.48   18.57    2.49    1.25    4.13
 2157.75   29.48   18.57    2.49    1.25    4.13
 2158.00   29.48   18.57    2.49    1.25    4.13
 2158.25   29.48   18.57    2.49    1.25    4.13
 2158.50   29.48   18.57    2.49    1.25    4.13
 2158.75   29.48   18.57    2.49    1.25    4.13
 2159.00   29.48   18.57    2.49    1.25    4.13
 2159.25   29.48   18.57    2.49    1.25    4.13
 2159.50   29.48   18.57    2.49    1.25    4.13
 2159.75   29.48   18.57    2.49    1.25    4.13
 2160.00   29.48   18.57    2.49    1.25    4.13
 2160.25   29.48   18.57    2.49    1.25    4.13
 2160.50   29.48   18.57    2.49    1.25    4.13
 2160.75   29.48   18.57    2.49    1.25    4.13
 2161.00   29.48   18.57    2.49    1.25    4.13
 2161.25   29.48   18.57    2.49    1.25    4.13
 2161.50   29.48   18.57    2.49    1.25    4.13
 2161.75   29.48   18.57    2.49    1.25    4.13
 2162.00   28.92   19.36    2.12    1.28    4.69
 2162.25   28.92   19.36    2.12    1.28    4.69
 2162.50   28.92   19.36    2.12    1.28    4.69
 2162.75   28.92   19.36    2.12    1.28    4.69
 2163.00   28.92   19.36    2.12    1.28    4.69
 2163.25   28.92   19.36    2.12    1.28    4.69
 2163.50   28.92   19.36    2.12    1.28    4.69
 2163.75   28.92   19.36    2.12    1.28    4.69
 2164.00   28.92   19.36    2.12    1.28    4.69
 2164.25   28.92   19.36    2.12    1.28    4.69
 2164.50   28.92   19.36    2.12    1.28    4.69
 2164.75   28.92   19.36    2.12    1.28    4.69
 2165.00   28.92   19.36    2.12    1.28    4.69
 2165.25   28.92   19.36    2.12    1.28    4.69
 2165.50   28.92   19.36    2.12    1.28    4.69
 2165.75   28.92   19.36    2.12    1.28    4.69
 2166.00   28.92   19.36    2.12    1.28    4.69
 2166.25   28.92   19.36    2.12    1.28    4.69
 2166.50   28.92   19.36    2.12    1.28    4.69
 2166.75   28.92   19.36    2.12    1.28    4.69
 2167.00   28.92   19.36    2.12    1.28    4.69
 2167.25   28.92   19.36    2.12    1.28    4.69
 2167.50   28.92   19.36    2.12    1.28    4.69
 2167.75   28.92   19.36    2.12    1.28    4.69
 2168.00   28.92   19.36    2.12    1.28    4.69
 2168.25   28.92   19.36    2.12    1.28    4.69
 2168.50   28.92   19.36    2.12    1.28    4.69
 2168.75   28.92   19.36    2.12    1.28    4.69
 2169.00   28.92   19.36    2.12    1.28    4.69
 2169.25   28.92   19.36    2.12    1.28    4.69
 2169.50   28.92   19.36    2.12    1.28    4.69
 2169.75   28.92   19.36    2.12    1.28    4.69
 2170.00   28.92   19.36    2.12    1.28    4.69
 2170.25   28.92   19.36    2.12    1.28    4.69
 2170.50   28.92   19.36    2.12    1.28    4.69
 2170.75   28.92   19.36    2.12    1.28    4.69
 2171.00   28.92   19.36    2.12    1.28    4.69
 2171.25   28.92   19.36    2.12    1.28    4.69
 2171.50   28.92   19.36    2.12    1.28    4.69
 2171.75   28.92   19.36    2.12    1.28    4.69
 2172.00   28.92   19.36    2.12    1.28    4.69
 2172.25   28.92   19.36    2.12    1.28    4.69
 2172.50   28.92   19.36    2.12    1.28    4.69
 2172.75   28.92   19.36    2.12    1.28    4.69
 2173.00   28.92   19.36    2.12    1.28    4.69
 2173.25   28.92   19.36    2.12    1.28    4.69
 2173.50   28.92   19.36    2.12    1.28    4.69
 2173.75   28.92   19.36    2.12    1.28    4.69
 2174.00   28.92   19.36    2.12    1.28    4.69
 2174.25   28.92   19.36    2.12    1.28    4.69
 2174.50   28.92   19.36    2.12    1.28    4.69
 2174.75   28.92   19.36    2.12    1.28    4.69
 2175.00   28.92   19.36    2.12    1.28    4.69
 2175.25   28.92   19.36    2.12    1.28    4.69
 2175.50   28.92   19.36    2.12    1.28    4.69
 2175.75   28.92   19.36    2.12    1.28    4.69
 2176.00   28.92   19.36    2.12    1.28    4.69
 2176.25   28.92   19.36    2.12    1.28    4.69
 2176.50   28.92   19.36    2.12    1.28    4.69
 2176.75   28.92   19.36    2.12    1.28    4.69
 2177.00   28.92   19.36    2.12    1.28    4.69
 2177.25   28.92   19.36    2.12    1.28    4.69
 2177.50   28.92   19.36    2.12    1.28    4.69
 2177.75   28.92   19.36    2.12    1.28    4.69
 2178.00   28.92   19.36    2.12    1.28    4.69
 2178.25   28.92   19.36    2.12    1.28    4.69
 2178.50   28.92   19.36    2.12    1.28    4.69
 2178.75   28.92   19.36    2.12    1.28    4.69
 2179.00   28.92   19.36    2.12    1.28    4.69
 2179.25   28.92   19.36    2.12    1.28    4.69
 2179.50   28.92   19.36    2.12    1.28    4.69
 2179.75   28.92   19.36    2.12    1.28    4.69
 2180.00   28.92   19.36    2.12    1.28    4.69
 2180.25   28.92   19.36    2.12    1.28    4.69
 2180.50   28.92   19.36    2.12    1.28    4.69
 2180.75   28.92   19.36    2.12    1.28    4.69
 2181.00   28.92   19.36    2.12    1.28    4.69
 2181.25   28.92   19.36    2.12    1.28    4.69
 2181.50   28.92   19.36    2.12    1.28    4.69
 2181.75   28.92   19.36    2.12    1.28    4.69
 2182.00   28.92   19.36    2.12    1.28    4.69
 2182.25   28.92   19.36    2.12    1.28    4.69
 2182.50   28.92   19.36    2.12    1.28    4.69
 2182.75   28.92   19.36    2.12    1.28    4.69
 2183.00   28.92   19.36    2.12    1.28    4.69
 2183.25   28.92   19.36    2.12    1.28    4.69
 2183.50   28.92   19.36    2.12    1.28    4.69
 2183.75   28.92   19.36    2.12    1.28    4.69
 2184.00   28.92   19.36    2.12    1.28    4.69
 2184.25   28.92   19.36    2.12    1.28    4.69
 2184.50   28.92   19.36    2.12    1.28    4.69
 2184.75   28.92   19.36    2.12    1.28    4.69
 2185.00   28.92   19.36    2.12    1.28    4.69
 2185.25   28.92   19.36    2.12    1.28    4.69
 2185.50   28.92   19.36    2.12    1.28    4.69
 2185.75   28.92   19.36    2.12    1.28    4.69
 2186.00   28.92   19.36    2.12    1.28    4.69
 2186.25   28.92   19.36    2.12    1.28    4.69
 2186.50   28.92   19.36    2.12    1.28    4.69
 2186.75   28.92   19.36    2.12    1.28    4.69
 2187.00   28.92   19.36    2.12    1.28    4.69
 2187.25   28.92   19.36    2.12    1.28    4.69
 2187.50   28.92   19.36    2.12    1.28    4.69
 2187.75   28.92   19.36    2.12    1.28    4.69
 2188.00   28.92   19.36    2.12    1.28    4.69
 2188.25   28.92   19.36    2.12    1.28    4.69
 2188.50   28.92   19.36    2.12    1.28    4.69
 2188.75   28.92   19.36    2.12    1.28    4.69
 2189.00   28.92   19.36    2.12    1.28    4.69
 2189.25   28.92   19.36    2.12    1.28    4.69
 2189.50   28.92   19.36    2.12    1.28    4.69
 2189.75   28.92   19.36    2.12    1.28    4.69
 2190.00   28.92   19.36    2.12    1.28    4.69
 2190.25   28.92   19.36    2.12    1.28    4.69
 2190.50   28.92   19.36    2.12    1.28    4.69
 2190.75   28.92   19.36    2.12    1.28    4.69
 2191.00   28.92   19.36    2.12    1.28    4.69
 2191.25   28.92   19.36    2.12    1.28    4.69
 2191.50   28.92   19.36    2.12    1.28    4.69
 2191.75   28.92   19.36    2.12    1.28    4.69
 2192.00   28.92   19.36    2.12    1.28    4.69
 2192.25   28.92   19.36    2.12    1.28    4.69
 2192.50   28.92   19.36    2.12    1.28    4.69
 2192.75   28.92   19.36    2.12    1.28    4.69
